cdr_id,subscriber_id,call_type,call_start_ts,call_end_ts,duration_seconds,data_mb,originating_number,terminating_number,tower_id,network_type,roaming_country,call_cost,rating_status,is_anomaly,event_date
845d23ec-3f83-44f6-afc6-ad549db8a01b,d635b079-6763-4423-a86c-c8c9e1f2d5e5,roaming_voice,2024-08-10 18:36:46,2024-08-10 19:46:44,4198,,+14412566958,+13867330086,TWR-20592,3G,CA,13.3891,rated,0,2024-08-10
de7a8017-358d-4f00-8972-39aa68400e01,d1697190-a12e-4e10-b17c-e694670a1de6,voice_mt,2022-08-04 21:36:22,2022-08-04 23:08:16,5514,,+19090888542,+15100100483,TWR-25363,5G,,244.6061,rated,0,2022-08-04
0e9c78a3-4910-46f2-b6f4-27fa96fe2b2c,211deab4-2722-4ad1-b72f-ad3bca960f5e,sms_mo,2023-03-04 09:20:03,2023-03-04 09:20:03,,,+12613659495,+13297787161,TWR-63652,LTE,,0.0,rated,0,2023-03-04
4627845f-6ad7-42c0-bf48-7024a332aa93,12a3251f-182f-4bfb-b1be-c1d7c72afdd1,sms_mo,2024-10-14 02:18:38,2024-10-14 02:18:38,,,+18276728396,+12366070152,TWR-35333,5G_NSA,,0.0,rated,0,2024-10-14
ecca5dbb-a4af-4543-8b5e-fa260c50827f,ec9812d2-8a87-41df-a7e7-98da9821ede4,roaming_voice,2023-05-14 03:38:18,2023-05-14 05:17:55,5977,,+17610516641,+14872589833,TWR-81495,WiFi_calling,DE,85.029,rated,0,2023-05-14
531b336e-81f7-4607-9cac-8aa74fb6e1ec,ea61e6b4-0fe4-4db7-a1d6-a87def3a04d7,voicemail,2023-01-26 04:55:41,2023-01-26 05:14:22,1121,,+18303418602,+17243645035,TWR-65195,3G,,22.172,rated,0,2023-01-26
418551e8-e2e8-438a-b2f1-9f5e08a0e4f3,a1cd6938-488b-4c2d-a8df-3c77cdb0418b,sms_mt,2022-09-26 06:37:07,2022-09-26 06:37:07,,,+14181981960,+18408619481,TWR-96136,5G_NSA,,0.0,rated,0,2022-09-26
8d10c164-fb24-458a-a744-0e8e8c0f7cb0,1cf9891c-2c57-4c34-b636-2d5d4efc3ef5,roaming_voice,2023-04-12 09:56:14,2023-04-12 11:18:51,4957,,+18974323544,+15989562502,TWR-33071,3G,BR,81.9347,partial,0,2023-04-12
057472d8-5639-49a9-970e-93af83d26004,6fd92713-3e2c-4ca4-8e89-00e7b2d543a5,sms_mo,2022-10-26 19:26:31,2022-10-26 19:26:31,,,+19516630598,+16145337959,TWR-59670,5G_NSA,,0.0,unrated,0,2022-10-26
5779ef9d-6a6e-4b59-b06c-508d10d75471,bbf03ee4-8dbf-484b-a9e7-dc5144716eea,roaming_voice,2023-03-09 09:51:12,2023-03-09 11:03:52,4360,,+16310375940,+14452787697,TWR-95764,4G,GB,211.7195,rated,0,2023-03-09
bc325eaf-28dd-4ac1-b931-76825784973b,288f6711-3270-414c-ba34-06cc937dadc9,voice_mt,2023-12-30 22:56:26,2023-12-31 00:50:41,6855,,+18371814604,+12372495474,TWR-60273,5G_NSA,,22.5704,rated,0,2023-12-30
4f58f087-c1b1-44fe-ab89-45cca8037a90,caf66c0e-254c-4b40-afc2-924a910bc615,roaming_voice,2023-01-04 11:08:22,2023-01-04 11:21:16,774,,+15752309507,+15511892436,TWR-88042,5G,,10.9475,rated,0,2023-01-04
473bad81-0bef-4bb2-afa7-d9c62eecaa6b,81c6db5c-396b-48e6-a214-e9142562cb95,voicemail,2022-03-04 10:31:35,2022-03-04 11:04:50,1995,,+13285619734,+12773243133,TWR-65760,WiFi_calling,,71.2482,rated,0,2022-03-04
f41a8b7c-4771-49e8-af3f-49d15a9397e1,a7c1ebdf-c663-4b9a-af2e-4cd04561d192,sms_mo,2022-03-26 03:03:58,2022-03-26 03:03:58,,,+16383199266,+17652006113,TWR-11461,WiFi_calling,,0.0,rated,0,2022-03-26
976588f2-ae6c-4452-9341-68b64fd9fc61,7e037e4f-7b09-480b-8d3a-579c95903953,roaming_voice,2024-10-12 02:15:03,2024-10-12 03:43:12,5289,,+19626081872,+15642748455,TWR-25560,WiFi_calling,FR,261.6106,rated,0,2024-10-12
0003fd0f-2288-429f-8635-72cf41e4c7da,de3a28ac-9698-4a14-b6a0-b4cee5670f8a,sms_mt,2022-08-28 21:54:27,2022-08-28 21:54:27,,,+18447711272,+12574042615,TWR-99635,5G_NSA,,0.0,rated,0,2022-08-28
c0500299-c54f-48a2-b342-9ea33b8d936d,11171052-5f69-43f1-a119-a208c1650107,roaming_voice,2023-05-23 20:11:14,2023-05-23 21:23:39,4345,,+15179888109,+17192619886,TWR-62772,3G,MX,160.7514,rated,0,2023-05-23
e05aea1f-eeb5-4424-8868-6967d95eaafe,2faa9b87-6f2f-45eb-8a2a-ac2e59677ec1,sms_mo,2022-04-23 06:49:14,2022-04-23 06:49:14,,,+16159390568,+18842009932,TWR-50718,3G,,0.0,rated,0,2022-04-23
e6afa987-7099-45a3-910d-90b22fb79a24,d4b0bc3f-54c1-4a5d-8fa2-ed2753265740,voicemail,2022-04-24 05:58:55,2022-04-24 06:54:36,3341,,+18936207217,+19744591068,TWR-58889,LTE,,134.4227,rated,0,2022-04-24
eddf33ba-597b-4092-b63f-48353767347f,fbe288ca-7078-4ac9-8a1b-279bf277b7f8,voice_mt,2023-02-03 01:11:57,2023-02-03 01:23:00,663,,+16198675858,+18964433050,TWR-51468,4G,,27.8584,rated,0,2023-02-03
0ce7f894-bfc5-4c88-b60e-50464ea8bb98,b121a308-8493-4156-9188-6bc35ff22623,sms_mo,2023-02-10 02:14:12,2023-02-10 02:14:12,,,+13878031033,+15027226946,TWR-62310,5G,,0.0,rated,0,2023-02-10
95c54f07-7465-4048-9a60-3952e2868ed3,080b0691-782e-4791-9430-fe40b04f8ecf,roaming_voice,2023-09-11 14:50:21,2023-09-11 16:36:53,6392,,+14268570987,+17168169845,TWR-36707,4G,GB,290.3332,rated,0,2023-09-11
5d2f2d10-1e85-4132-a712-a7d2915cce32,d344147f-2582-46ed-8464-327178c9c55d,data_session,2023-12-11 17:07:01,2023-12-12 07:38:14,52273,7674.748,+13467697976,,TWR-57409,5G,,1982.7459,rated,0,2023-12-11
6c570422-c5e3-4cd0-8972-9d089663a2b1,490d24af-5581-468d-8b29-15870f8fb44e,sms_mt,2023-12-10 01:40:30,2023-12-10 01:40:30,,,+12064765372,+14398568485,TWR-17316,4G,,0.0,rated,0,2023-12-10
0291bfd7-8c71-4a71-8641-d1c0da701ae6,c036429f-0eb2-4ee6-8464-d70a009c6023,roaming_data,2024-02-21 02:01:19,2024-02-21 15:27:08,48349,5449.508,+13288159288,,TWR-83526,4G,CA,265.6047,rated,0,2024-02-21
c0fb4778-8b14-4531-812f-97824224e9dc,7e6e12a7-0a9c-4403-9a18-90def9de5680,voicemail,2022-07-23 16:29:14,2022-07-23 17:39:09,4195,,+18670580750,+18287760298,TWR-33284,3G,,35.5363,rated,0,2022-07-23
a39da517-a97c-4d65-b2e4-c7397d8fedd5,09a90479-5be7-4c51-9733-c117ab9162de,voicemail,2022-01-15 14:41:18,2022-01-15 16:00:54,4776,,+13421580603,+15691009374,TWR-90375,LTE,,37.693,rated,0,2022-01-15
0780ae62-f657-434c-b436-db2e73ba49d7,9b55ec55-ee20-4e9a-969f-7010dac31f0f,sms_mt,2024-08-12 15:28:58,2024-08-12 15:28:58,,,+13276102753,+19729545661,TWR-42731,5G,,0.0,unrated,0,2024-08-12
db9c484a-9322-4fa5-b2d2-e7b375183b4c,692bd1c0-1a3e-4701-b7b3-c6cab209ffa5,voice_mt,2024-04-11 06:03:39,2024-04-11 07:30:50,5231,,+13671641262,+15211489681,TWR-68061,5G_NSA,,131.4696,rated,0,2024-04-11
757f66bc-5085-49c9-b7e7-c34492104679,83567a87-5e93-4569-828a-868b0baa60ba,voice_mo,2024-01-03 10:59:47,2024-01-03 11:32:39,1972,,+16248938643,+18397227490,TWR-43761,3G,,2.3703,rated,0,2024-01-03
51643326-e7a7-4413-81e9-6d7c832efd68,464c9712-fdc8-40df-9c0b-f56b6e208034,voice_mt,2022-04-16 18:31:12,2022-04-16 20:14:32,6200,,+16433375686,+14620599830,TWR-64922,5G_NSA,,32.7206,rated,0,2022-04-16
9850b293-e40d-4f1d-9e0f-bd360869c37a,de9aa901-c1ac-4c10-9e89-8d37d859ff8a,roaming_voice,2024-11-01 15:40:06,2024-11-01 15:44:24,258,,+16047978192,+12699903345,TWR-32824,5G,FR,2.0217,rated,0,2024-11-01
0c774a42-91d7-4e3a-97f9-bc295e4101ff,2567994d-a76d-4dda-988d-51f28ae8ec6c,data_session,2022-08-24 05:59:02,2022-08-24 22:49:29,60627,2297.071,+19963259337,,TWR-65732,LTE,,1503.5701,unrated,0,2022-08-24
b9525a57-5a7f-4f64-a9ed-e7ce3d9e7da9,26686f5a-f05e-4b37-ba42-dfd04a71ab69,voice_mt,2023-02-17 00:37:59,2023-02-17 01:04:44,1605,,+14761858527,+13320853062,TWR-63652,LTE,,8.9472,rated,0,2023-02-17
21ee09b2-b51e-47b4-8c57-e4eb238d81ff,70d09d38-9c2b-4865-b849-fd6e1c616e84,sms_mo,2022-12-26 09:57:48,2022-12-26 09:57:48,,,+14929226622,+18629411294,TWR-51147,LTE,,0.0,rated,0,2022-12-26
e75add1c-fe19-4da0-bca3-5b3fd86ddbff,bf27a886-9ad6-40ec-b516-d749b5fa178c,roaming_data,2023-01-26 23:31:51,2023-01-27 15:41:59,58208,5276.795,+14809270824,,TWR-67896,5G,CA,,rated,0,2023-01-26
f41e494b-6c96-4a88-8a2d-be78dbf10c95,50b2c97a-234e-4492-9d81-9c54ac6a1f67,roaming_voice,2023-04-01 07:08:37,2023-04-01 07:09:53,76,,+14495993267,+13829895699,TWR-37864,WiFi_calling,JP,1.6636,rated,0,2023-04-01
66227dff-ae5d-4287-bc90-855125ec3b11,a02e4a17-a650-4773-95f9-b9085a16c214,voice_mo,2022-07-31 00:55:57,2022-07-31 02:29:14,5597,,+15476732048,+16599144162,TWR-14927,LTE,,180.4439,unrated,0,2022-07-31
d8f5bb24-5ce0-43d9-b614-30b1b454026f,89667b96-ca34-4e1d-b8ce-b43319493e7b,voice_mt,2022-11-30 03:37:31,2022-11-30 04:25:58,2907,,+19315029303,+15020519203,TWR-93894,5G_NSA,,104.9487,rated,0,2022-11-30
c9d30a7a-46e2-49e3-8c83-5a9271efbed4,5e522efc-e649-4550-a73a-9f8c37baad89,voice_mt,2024-08-16 11:56:08,2024-08-16 12:30:42,2074,,+19374974631,+19848929906,TWR-81495,5G_NSA,,50.9271,rated,0,2024-08-16
7d125420-95f9-48c5-8ede-e3e5b82fb9d8,d668e9b0-79db-4959-878f-2a8fe8e7a624,data_session,2024-09-16 19:54:52,2024-09-17 19:37:14,85342,5688.202,+17763643427,,TWR-33284,LTE,,1192.1693,rated,0,2024-09-16
23779703-0db9-4d17-96b6-b28549b4df27,cabca326-8949-4a89-8c68-4e969a5b7859,voice_mt,2024-02-12 19:39:48,2024-02-12 21:28:34,6526,,+16149484729,+13249996925,TWR-54408,5G_NSA,,320.434,rated,0,2024-02-12
9a3c9b99-cdc7-4088-860a-bbfba9d20baa,4dbeefeb-8114-4d12-bb99-207310b48953,sms_mt,2022-01-27 21:47:18,2022-01-27 21:47:18,,,+12258574732,+17334131503,TWR-50818,WiFi_calling,,0.0,rated,0,2022-01-27
5ac33abc-5e22-43bc-ae41-fd2508db1911,4e797915-87fa-4314-a228-8195e26c45b9,sms_mo,2024-07-23 18:19:22,2024-07-23 18:19:22,,,+15476104745,+18564447881,TWR-32437,5G,,0.0,unrated,0,2024-07-23
36e039e6-f7f5-4457-a91d-fd86316e984d,932fb897-bf01-4896-8726-a1a6de965e34,roaming_data,2023-09-23 21:56:06,2023-09-24 07:09:49,33223,7778.64,+17125915851,,TWR-28731,LTE,IN,957.3893,rated,0,2023-09-23
8e45b7d0-a903-4f8b-9ef2-c7df8f484662,751f3cc9-1634-41f6-949e-f0e67d0d195e,voice_mo,2022-03-25 22:25:58,2022-03-25 23:23:30,3452,,+13999047531,+19294378305,TWR-59018,LTE,,73.6677,rated,0,2022-03-25
925585c0-f154-48df-b886-b005bc6275dd,99de9869-fed1-41e5-8949-2ef973fa731c,voice_mt,2024-02-03 16:04:10,2024-02-03 16:23:38,1168,,+17905591541,+14306996766,TWR-42731,5G,,16.8134,rated,0,2024-02-03
f7126015-43c5-4b2c-8717-24df901d5de2,a50a4027-5c52-4508-96c6-65a4c6c21931,roaming_voice,2023-01-21 04:53:23,2023-01-21 05:19:14,1551,,+17334589365,+17120245788,TWR-68192,4G,DE,16.8816,rated,0,2023-01-21
e7a89358-c242-4756-adcf-8b4bd04bb225,0bc126a8-61ff-474f-99eb-26dd8a8d20ca,sms_mt,2022-01-01 19:01:11,2022-01-01 19:01:11,,,+17481974263,+18684594486,TWR-62351,5G_NSA,,0.0,rated,0,2022-01-01
88bbb5b9-c3dd-4186-b2a7-91238f049e7d,b086cc28-e1d6-4bc1-88c3-889d9293f536,voicemail,2024-08-21 23:27:48,2024-08-22 00:26:41,3533,,+14182441168,+16170146264,TWR-10565,4G,,62.4341,rated,0,2024-08-21
1d863ded-ade1-4c32-8c3c-812a338d1ac3,1c83e0e7-848e-4657-9450-b6c22cb30dde,voicemail,2022-04-12 20:03:29,2022-04-12 20:47:21,2632,,+18809428640,+18232219459,TWR-80599,LTE,,128.6387,partial,0,2022-04-12
4daf1b26-e419-484e-8ee3-6a14c5ce16e7,0c9b0513-dde9-40bc-871d-d6d7fb1537d0,voicemail,2022-06-30 13:24:10,2022-06-30 13:31:19,429,,+17898910702,+17187235399,TWR-59410,5G_NSA,,5.1866,rated,0,2022-06-30
9664b8cd-2626-4025-8861-cb64c0878c44,08a7bd99-5d35-4b3e-9d25-8e6b7679d680,data_session,2024-03-07 04:08:25,2024-03-07 17:02:00,46415,5323.822,+14436972568,,TWR-10998,LTE,,1366.8306,rated,0,2024-03-07
45506e88-a459-47e0-99a2-54562ec7521b,f6c35958-f3b0-452d-bd50-5aa523043fef,sms_mt,2024-02-08 19:47:42,2024-02-08 19:47:42,,,+14891048282,+13480598308,TWR-70487,3G,,0.0,rated,0,2024-02-08
b3020a1e-ad88-4ff5-ad74-5a82270a0094,72928446-8340-4aa3-a4fb-ae3277cd8a6e,sms_mt,2022-10-25 18:35:32,2022-10-25 18:35:32,,,+15419565779,+12057524501,TWR-32499,5G_NSA,,0.0,rated,0,2022-10-25
5e238cd6-90b4-484a-a3bf-3b57f64821b0,62c33d18-6328-442b-b74d-4d63c294e099,sms_mo,2022-12-17 10:34:02,2022-12-17 10:34:02,,,+13845427523,+12261621042,TWR-28731,LTE,,0.0,rated,0,2022-12-17
47cb148f-43ed-4cdf-b15c-f041614a9a9e,fa29d837-5885-4e66-8a4f-66a4f13bea06,data_session,2022-02-07 15:03:04,2022-02-08 06:37:51,56087,4267.53,+14663299191,,TWR-59670,WiFi_calling,,2259.5086,rated,0,2022-02-07
b4a20b55-dfa2-411e-9f68-52fee7ee102a,5343ffb0-3bf0-4378-bd5b-6cea3ae162e0,voice_mt,2024-04-09 06:01:15,2024-04-09 06:45:31,2656,,+14849204935,+18576547527,TWR-64922,5G,,8.2092,rated,0,2024-04-09
6ef65f79-2d6a-4202-a86b-8b97e548eb8b,c7d1d62a-f87e-459f-bc8e-84f9866dd266,sms_mo,2022-02-22 15:25:16,2022-02-22 15:25:16,,,+14096165592,+19423238027,TWR-70566,4G,,0.0,rated,0,2022-02-22
d8b46983-632b-441a-a49a-423dec2869a4,f27e84c7-5364-4828-a009-2b50614bbedb,roaming_voice,2022-06-25 16:47:36,2022-06-25 17:37:41,3005,,+19882364152,+19798336348,TWR-98785,5G,IN,104.8137,rated,0,2022-06-25
b8485063-17d6-47cb-92d6-42c2fd0d71ae,114aca75-7aae-4be9-9794-8ba8b2151fc4,voice_mt,2023-01-06 22:06:12,2023-01-06 22:50:47,2675,,+13687427820,+17049153100,TWR-37864,3G,,32.922,unrated,0,2023-01-06
a795c311-4f63-4ae9-8539-b4fe0a6e6346,649d3df5-cb0a-4b00-9e7d-773ffd6417ae,data_session,2024-07-27 14:11:51,2024-07-28 09:09:03,68232,5223.774,+16243499215,,TWR-26561,5G_NSA,,2302.3731,partial,0,2024-07-27
20ceaa0c-d9a3-4cd1-8df8-ee840a7cbf21,7f950b19-c2a2-4e24-8a2f-740120a39f15,roaming_data,2024-01-21 17:46:52,2024-01-21 18:13:55,1623,4630.489,+12651333118,,TWR-75948,4G,DE,59.1201,rated,0,2024-01-21
db7acb4b-6d38-4ac3-9183-992e226d3aab,80827bdf-d904-449c-add3-86fd3b821478,data_session,2023-09-10 08:31:43,2023-09-10 21:29:21,46658,3395.843,+18036219531,,TWR-16726,5G_NSA,,372.6235,unrated,0,2023-09-10
d2336857-da3e-41d9-904f-7761523c2a7c,1aefd37f-aca9-4b9e-8c67-98424b965efa,data_session,2022-11-17 22:40:35,2022-11-18 10:50:44,43809,1290.962,+16671674833,,TWR-32824,4G,,787.1036,rated,0,2022-11-17
bdd6ef15-2be4-48c2-bad0-4c7930ccce7f,b0651c4f-d584-41c6-9b2a-7cd173e99269,voice_mt,2022-08-21 19:33:59,2022-08-21 19:58:28,1469,,+19388423349,+14458262588,TWR-26301,3G,,7.6158,error,0,2022-08-21
b4dc408f-18bd-4c91-8a79-9ea6d783fff6,3c7942fb-c3a5-435e-8d86-534ff2a7a47b,sms_mo,2023-11-23 04:48:24,2023-11-23 04:48:24,,,+12701348391,+12487949456,TWR-48126,4G,,0.0,unrated,0,2023-11-23
eca6ceaf-c906-4636-86d6-f09e364ee285,5f75ef6b-6965-4354-b215-28e05a5fe7a4,voice_mt,2022-02-07 03:14:59,2022-02-07 03:55:17,2418,,+14456841944,+18529995816,TWR-59906,WiFi_calling,,96.4449,rated,0,2022-02-07
5766d985-f709-4fdd-9d14-2eea1de067fe,cb00f2dd-2197-4507-9eed-83282f125974,voice_mo,2024-11-06 09:26:13,2024-11-06 09:42:11,958,,+17714337965,+12802503226,TWR-79574,3G,,43.1819,rated,0,2024-11-06
8113b709-93ca-45d0-a1f8-6394c339c725,d16ad7b2-8e57-4664-b218-389d51dcf057,roaming_voice,2023-08-02 16:02:51,2023-08-02 17:37:16,5665,,+12974588454,+15919010919,TWR-58889,LTE,DE,240.9832,rated,0,2023-08-02
13d07f89-5af2-46e7-bcc3-0e732f53d328,04ff296c-4672-4117-83a0-c8a6307517aa,data_session,2023-12-26 12:59:28,2023-12-27 10:19:35,76807,5470.274,+14260956936,,TWR-43663,LTE,,363.0654,rated,0,2023-12-26
e322e485-080d-41ff-bfcc-7dc45039cd34,ea14cdfc-2617-4518-8bcf-cfa5e0d0c6cb,roaming_data,2023-12-31 14:34:21,2023-12-31 18:06:17,12716,533.944,+12685156941,,TWR-98381,WiFi_calling,GB,13.0863,rated,0,2023-12-31
15ca8e80-e219-4335-80a1-99146d5b118e,d8028e46-5518-43a2-9f59-513825034f10,voicemail,2022-04-22 02:49:01,2022-04-22 03:34:39,2738,,+15107129632,+19635643986,TWR-83526,5G_NSA,,85.4107,rated,0,2022-04-22
ff34f7a2-b8a2-4095-be92-8b0744865274,79d7739c-9fee-4c3c-b4f8-8559ed4ad19b,voice_mo,2024-04-19 02:22:53,2024-04-19 03:53:45,5452,,+18877921794,+18666830863,TWR-35489,LTE,,69.4533,unrated,0,2024-04-19
df7c1e57-f924-4fc2-9aa7-cf9229598c31,c43cec77-ca9c-4b24-808e-d7b05899b369,roaming_data,2023-04-08 17:06:08,2023-04-08 17:39:08,1980,1992.448,+12407892365,,TWR-62351,5G_NSA,US,92.6546,unrated,0,2023-04-08
3c3a6f68-8e71-4533-9e78-0fbe2e52c7e5,9ec998a9-c4ab-4a24-9c47-8b724bbb9565,roaming_voice,2023-05-25 20:03:41,2023-05-25 21:15:22,4301,,+12199848106,+14571987258,TWR-93942,LTE,GB,185.6967,rated,0,2023-05-25
95d320f7-7992-4757-bc40-bc968a8b2546,72928446-8340-4aa3-a4fb-ae3277cd8a6e,voice_mt,2024-05-17 08:17:19,2024-05-17 10:11:56,6877,,+19802556238,+17902309459,TWR-51468,3G,,313.1397,rated,0,2024-05-17
cc39c040-e472-443b-87a3-bc6a9e27a0c4,3498b498-2b5f-48e7-99e5-b4464418207f,sms_mt,2023-06-12 22:48:18,2023-06-12 22:48:18,,,+16586861473,+17761925247,TWR-38288,WiFi_calling,,0.0,rated,0,2023-06-12
fb3b221a-df88-49a3-bf93-6123bbc0488e,4b8ae5bc-ce69-4a51-9300-b131117e03d5,roaming_data,2023-06-29 06:42:14,2023-06-29 11:35:31,17597,4237.716,+15695746876,,TWR-90375,LTE,JP,490.5201,rated,0,2023-06-29
ddad0e0f-3bd7-4962-90a2-b8cf6bddeb48,ce39e10d-46fb-40f3-b9aa-88099a6e1d6c,sms_mt,2024-01-08 12:02:00,2024-01-08 12:02:00,,,+18774508083,+15065194626,TWR-40180,4G,,0.0,rated,0,2024-01-08
cfd6353e-d3f7-4e4a-ad24-4308b9dcb57b,b0a11d3b-8277-4f37-8a14-97cc04df0e68,data_session,2023-05-22 02:32:19,2023-05-22 09:03:28,23469,4738.366,+18804461529,,TWR-62950,4G,,1143.5667,rated,0,2023-05-22
5bfeb0ed-424e-4dbc-84e3-d79ee5015b37,92c82402-c05f-443c-99ca-86cb9a584cd6,voice_mo,2022-01-19 07:37:39,2022-01-19 09:14:39,5820,,+14255980922,+13210563785,TWR-79299,5G_NSA,,51.2346,rated,0,2022-01-19
1d1226b5-921d-4bf1-86b8-6a8fbf7ed5d4,e9db60a1-e0a1-4496-b6a3-4adb732999fb,data_session,2022-02-01 10:25:21,2022-02-01 21:42:58,40657,1897.326,+18282266730,,TWR-78603,4G,,1037.0106,rated,0,2022-02-01
8735405f-e588-44fb-8158-776d36c4456e,b8b111a9-c472-4df2-a5bd-b9c816f13a22,data_session,2022-12-19 17:04:44,2022-12-19 20:21:36,11812,1762.51,+17038047870,,TWR-29072,WiFi_calling,,116.5871,error,0,2022-12-19
d33b60f0-1e5d-47db-917f-65a3d6c2b670,de132fd6-9585-46ca-81d2-0629c9d5451f,data_session,2022-12-21 00:46:54,2022-12-21 03:13:27,8793,7597.859,+12446498891,,TWR-33462,5G,,432.9804,rated,0,2022-12-21
409b8705-f2d8-4fc6-9989-9d81d5251adf,6e851d0d-c871-481b-b50e-248fd325769f,voice_mo,2024-11-29 13:01:45,2024-11-29 14:44:57,6192,,+17172467125,+18355331300,TWR-38288,5G_NSA,,252.5998,rated,0,2024-11-29
28d6106c-43f0-4f7d-9f30-da057002b998,d7e8252a-2502-4c39-9cb2-99a49a2a8f30,roaming_data,2022-02-26 11:32:10,2022-02-26 20:08:46,30996,5085.914,+17801437198,,TWR-84306,3G,US,1106.0499,rated,0,2022-02-26
be545bc4-244e-4be8-99e7-b8f1c42e8994,72928446-8340-4aa3-a4fb-ae3277cd8a6e,roaming_data,2023-01-31 22:37:13,2023-02-01 05:39:27,25334,4034.445,+13586450610,,TWR-95764,4G,CA,618.1426,rated,0,2023-01-31
433e85e9-77a9-4507-9360-40273cfebe89,5a7fe944-f300-41dc-93b7-57a92aa007d1,sms_mo,2023-12-09 11:59:49,2023-12-09 11:59:49,,,+12307342485,+13867244504,TWR-50607,5G,,0.0,rated,0,2023-12-09
1086f1e8-8958-43e4-9602-534f8eb58dce,e805a972-6aee-4dac-8122-c81f1d9a4782,sms_mt,2023-07-12 09:55:25,2023-07-12 09:55:25,,,+19734960381,+19110425572,TWR-64922,5G_NSA,,0.0,rated,0,2023-07-12
4f7cf48a-9b8e-4cdf-bc41-aaf39c5730ba,40058716-6dd4-4013-8c91-2d30e54d1aae,roaming_data,2024-11-18 19:03:24,2024-11-19 10:22:37,55153,7155.625,+15055984494,,TWR-47711,3G,,1747.6542,rated,0,2024-11-18
3bdba6e3-dfb5-4bad-95f8-cd6386402336,be850c86-7b5d-4a22-9193-4124acc28cff,roaming_data,2022-10-19 20:03:05,2022-10-20 03:19:18,26173,3864.772,+15637105041,,TWR-86767,5G_NSA,JP,1108.5047,rated,0,2022-10-19
6deb414d-972e-4193-a1d8-752fd7710ce9,3155cb82-16ab-487f-a4f7-bf1ad01dfd92,roaming_voice,2023-02-06 23:15:15,2023-02-07 01:14:04,7129,,+13399623754,+12403700072,,WiFi_calling,MX,134.8952,rated,0,2023-02-06
3353c40a-77e0-46e2-9df9-f0d9f13c0d2d,e9db60a1-e0a1-4496-b6a3-4adb732999fb,sms_mt,2024-01-11 07:28:53,2024-01-11 07:28:53,,,+19683022746,+13186558516,TWR-19488,LTE,,0.0,rated,0,2024-01-11
75d1a91a-9ae4-40fc-97ca-190eedbdefcf,a50a4027-5c52-4508-96c6-65a4c6c21931,sms_mo,2024-02-24 06:51:02,2024-02-24 06:51:02,,,+15605256518,+18289901661,TWR-63723,WiFi_calling,,0.0,rated,0,2024-02-24
b30c719e-1fa5-42c5-a411-38696d65924b,85d27610-3cdc-487a-8cff-23404a28c686,roaming_data,2024-09-13 03:58:23,2024-09-13 08:37:37,16754,7113.293,+15921471974,,TWR-32824,LTE,GB,43.3744,rated,0,2024-09-13
3a401ac4-4036-4472-a63d-87a0728ac0c8,bf27a886-9ad6-40ec-b516-d749b5fa178c,data_session,2023-07-30 15:14:29,2023-07-31 00:38:29,33840,7313.888,+15724113566,,TWR-47711,4G,,626.4123,rated,0,2023-07-30
4bb8158b-66e5-4ae5-82f2-9f48913ce52c,1f51c6bd-482a-47ff-81ca-ce14a4b5bacb,sms_mt,2024-06-27 23:17:54,2024-06-27 23:17:54,,,+15257253330,+14086811857,TWR-71477,WiFi_calling,,0.0,rated,0,2024-06-27
177cace1-ef4b-4b5b-a5ec-e58507da2564,c097d7bf-ec09-4595-a68c-ad95ecfb9f47,data_session,2023-05-14 19:26:21,2023-05-15 13:41:10,65689,7467.899,+15025588698,,TWR-80040,4G,,2442.605,unrated,0,2023-05-14
9cf499b5-ad50-459e-85b1-68183a1d2863,27a6e368-8d33-4806-bc81-1b9cbd022740,roaming_voice,2023-09-14 06:54:27,2023-09-14 06:58:43,256,,+15568422205,+12759375809,TWR-65195,5G_NSA,CA,4.8622,rated,0,2023-09-14
c25d41e7-df57-456e-8e9c-6f4800d51e88,2ec623e4-f096-4495-9f61-924f5c4be5b4,roaming_data,2022-01-26 20:29:50,2022-01-26 21:29:46,3596,333.108,+15476716903,,TWR-75954,5G_NSA,FR,109.8485,rated,0,2022-01-26
ca529602-e964-4913-8ae3-88b623be0244,1d39d1c2-edc9-4d9b-856d-bcccd3962879,roaming_voice,2023-09-17 03:32:41,2023-09-17 05:01:09,5308,,+14397115026,+17660363239,TWR-62961,4G,IN,181.4018,rated,0,2023-09-17
c50e593e-faec-4658-acec-d46e0731ac9f,bcb50262-802a-4316-b88e-858984574696,roaming_data,2023-09-20 14:16:22,2023-09-20 21:50:12,27230,1328.852,+13558192640,,TWR-70566,3G,,182.8655,rated,0,2023-09-20
c45616c0-e05f-46a7-9fdb-cd7b23e5ec04,dd1e5698-705f-47a5-9cf5-4b2acf0cc9df,voicemail,2022-08-21 11:46:26,2022-08-21 12:35:39,2953,,+13296070946,+19072604597,TWR-90085,3G,,109.5969,rated,0,2022-08-21
27557331-0712-4d3f-94d9-d4d167231e34,68a9d391-5242-463e-a2b7-30c8271f8e6d,roaming_voice,2024-07-03 19:21:34,2024-07-03 21:17:15,6941,,+19216767810,+18509832531,TWR-59670,WiFi_calling,BR,184.3522,rated,0,2024-07-03
6a2d682c-28e6-483f-b371-2873dd745ef7,521addc2-bf64-4156-9593-4ad36c8f4baa,roaming_data,2023-07-08 18:19:19,2023-07-09 07:45:33,48374,1951.418,+15273549726,,TWR-36144,5G_NSA,,705.868,rated,0,2023-07-08
99a49fc6-c233-4b75-8d78-94774b2d3e0f,6e851d0d-c871-481b-b50e-248fd325769f,roaming_data,2024-11-18 10:19:24,2024-11-18 22:32:52,44008,2461.913,+19163794832,,TWR-33435,LTE,DE,1342.9505,partial,0,2024-11-18
24dd6cf6-6eea-4cec-b397-46ba7a30aa78,539e6789-b3ca-4dc8-a3e3-7a32adee2a63,sms_mo,2024-12-14 02:21:50,2024-12-14 02:21:50,,,+15255840171,+19301157216,TWR-32824,3G,,0.0,rated,0,2024-12-14
f7898bf6-94a3-4b04-8905-53f8a6bdb0b4,639048d0-901b-487e-bc2e-1dc5640626c0,roaming_voice,2022-08-22 16:56:10,2022-08-22 18:41:31,6321,,+14522209164,+14930775979,TWR-67425,4G,GB,273.3627,rated,0,2022-08-22
8ce658a1-0034-417f-9f7c-6ebdeebd74ff,bd002137-1d98-4ed0-90ec-9f4e343c84af,sms_mo,2022-06-30 19:20:17,2022-06-30 19:20:17,,,+15507838226,+18117249056,TWR-44207,WiFi_calling,,0.0,rated,0,2022-06-30
c49d9654-8405-444f-a000-6b14dd983176,cae68545-aa0b-488c-8b9a-6e8d0cf17302,sms_mo,2022-11-22 06:36:39,2022-11-22 06:36:39,,,+19254627157,+16905879187,TWR-54228,WiFi_calling,,0.0,error,0,2022-11-22
8d0c7a7e-349c-4781-a2dd-6eaaa27f9af8,1aeb7925-c0dc-46f4-bad1-28a23819a266,data_session,2022-02-14 18:02:04,2022-02-15 02:11:57,29393,4795.486,+14221416269,,TWR-19132,4G,,1324.0666,rated,0,2022-02-14
79d4551f-5aa7-479c-932a-b3f50d0190d1,685b2a2c-77d5-4432-9b15-86c9065fccef,data_session,2023-09-08 14:45:23,2023-09-09 07:49:47,61464,4532.75,+12767091306,,TWR-91778,WiFi_calling,,723.5776,rated,0,2023-09-08
a5495456-9f50-47dd-8561-a3fbf1b7e1eb,39c53ccd-ea19-4cb4-9efe-745f1677dfe4,roaming_voice,2024-05-09 00:36:19,2024-05-09 00:47:08,649,,+16710287158,+13410437060,TWR-51825,4G,CA,26.086,rated,0,2024-05-09
7c5f18df-8c5b-4125-8d09-139e8a8c206c,c2ef4df6-b591-4a35-8a51-99640066319a,sms_mo,2023-04-08 03:59:37,2023-04-08 03:59:37,,,+12445832030,+16252536086,TWR-44207,4G,,0.0,rated,0,2023-04-08
f3be20b3-131c-449e-b6f4-65736a44abfb,afcdfc35-a9a5-424e-b2df-38881e5af46b,voicemail,2024-09-14 22:02:18,2024-09-14 23:11:08,4130,,+19678897635,+12379653167,TWR-64272,WiFi_calling,,201.6345,unrated,0,2024-09-14
ce84db57-ea95-4bc8-a58a-7aad0cf7e336,fe0b161c-d25d-48f7-9199-b19ba34d1fa4,sms_mt,2022-12-04 05:20:17,2022-12-04 05:20:17,,,+17290671204,+19047651256,TWR-67425,5G_NSA,,0.0,unrated,0,2022-11-29
8be2108c-8435-4cc2-9550-0c26e9d03c56,400bd96a-9eaf-45ff-b810-4cc340a48720,roaming_voice,2022-05-12 17:13:55,2022-05-12 18:59:29,6334,,+14592600493,+14345027775,TWR-51825,5G,IN,50.6402,error,0,2022-05-12
d137cdc5-c49a-4018-9145-49f4d3113fcf,d4ce9171-e126-46fa-9209-a1c52b9847ca,data_session,2023-12-05 02:23:19,2023-12-05 12:27:18,36239,296.307,+18109666428,,TWR-51825,LTE,,826.7539,rated,0,2023-12-05
073099f0-99c0-42b9-b198-84ea1df63767,66b5eada-aee2-4a75-abbf-9cfe79adf797,data_session,2024-05-09 05:42:50,2024-05-09 21:21:28,56318,298.438,+13371716020,,TWR-79893,5G,,1611.2286,rated,0,2024-05-09
3f66c3b1-74b6-4a17-9f53-05bf70686392,4843e0c2-e861-4c50-9316-d0b9eefc350f,voicemail,2022-03-06 15:06:27,2022-03-06 15:14:59,512,,+17682507649,+18345701911,TWR-20637,4G,,1.6103,unrated,0,2022-03-06
87d7018e-606f-4879-9554-0cb50fafd60b,fa112c0b-f7c8-4725-b976-d8c058b41722,voice_mo,2023-10-29 05:29:19,2023-10-29 05:52:21,1382,,+14306204772,+19769099181,TWR-24390,4G,,57.5415,rated,0,2023-10-29
af79bf51-774a-49d4-9eda-2a9867482ac0,c762ccda-7051-4195-b4fc-539bf72d7424,voicemail,2023-04-09 02:31:39,2023-04-09 02:36:42,303,,+13911232717,+15307513247,TWR-67425,WiFi_calling,,9.8343,rated,0,2023-04-09
3b22fdec-6fa3-4967-afce-87e66bcb6a84,f718cbcf-286e-405f-aad8-774eae63780c,roaming_data,2023-05-19 19:27:18,2023-05-20 00:12:21,17103,5159.903,+14264623782,,TWR-63723,WiFi_calling,MX,423.2244,rated,0,2023-05-19
fa516806-8029-45c0-a637-95cfe11017aa,df7a8cdb-092f-4576-b10f-d7154eb640e7,voice_mo,2023-01-20 14:19:55,2023-01-20 14:26:10,375,,+19785995243,+19534930875,TWR-42562,5G_NSA,,15.9317,unrated,0,2023-01-20
a9b57602-857b-4e0e-b845-27e0cc0b90a6,d67f78fd-2b0e-4892-b5b7-5dda01f33e32,voice_mt,2024-08-06 04:22:45,2024-08-06 04:29:36,411,,+16223015885,+17577632707,TWR-66481,LTE,,16.8254,rated,0,2024-08-06
86584ee1-0f93-43df-b014-ef21df40028c,acfe61cc-1fb6-4999-9457-d5fd1271d70c,roaming_voice,2024-12-13 05:04:50,2024-12-13 05:32:46,1676,,+18925797958,+17839819290,TWR-99635,WiFi_calling,JP,81.4791,rated,0,2024-12-13
0bebcae2-c5ed-497e-80ea-9fd355c76800,1e1a9fb4-857f-4b8b-9e10-0f9443b5f996,sms_mt,2023-08-28 22:25:46,2023-08-28 22:25:46,,,+16307993135,+13716201852,TWR-80040,4G,,0.0,rated,0,2023-08-28
c3de84d5-ac77-4220-9879-b7178a485835,3db1dfa5-29c9-4384-9d5a-104bdb8f6c08,voice_mo,2024-11-28 04:45:39,2024-11-28 05:22:52,2233,,+12226839859,+15724763432,TWR-56568,WiFi_calling,,76.367,rated,0,2024-11-28
01334132-4213-4f6f-a6e0-76ddb56ea66f,c8e83342-9f0e-46b8-8fd0-e4b99b861e8f,roaming_data,2022-03-03 00:03:47,2022-03-03 06:23:34,22787,7998.714,+12185600289,,TWR-38353,4G,MX,675.6761,rated,0,2022-03-03
255c1b56-b222-4851-b7a6-99a539f11f80,40bc126c-12d7-4ef0-9af9-90ac36324ce5,data_session,2024-07-19 04:04:09,2024-07-19 17:36:58,48769,5269.682,+14142029479,,TWR-79299,5G_NSA,,1254.0521,rated,0,2024-07-19
eb6eb1c0-5409-41db-98ad-9aaf763742b4,1f02e5a7-4b49-48c0-81b3-1024c85933f2,roaming_voice,2023-06-12 14:26:14,2023-06-12 14:52:40,1586,,+14142291891,+14568655857,TWR-38652,5G,BR,55.9522,unrated,0,2023-06-12
753d2781-be29-4beb-bff8-8bd87b759278,f9d9f5e5-0062-43c6-a3ff-aaeb61ca05ff,voicemail,2022-12-16 11:37:49,2022-12-16 13:12:05,5656,,+17290293659,+17722880574,TWR-89696,5G_NSA,,106.1752,rated,0,2022-12-16
3740674e-bc46-4e30-b82d-749de25bc587,17cca86b-ef4f-40ad-b2da-e1798cbafaee,roaming_data,2022-10-31 18:29:37,2022-11-01 14:18:03,71306,1724.801,+18031414495,,TWR-35962,3G,JP,385.0675,rated,0,2022-10-31
42731625-5775-45f2-9a2b-da1a95a4fa5b,0e5a1ab1-15b1-455f-aff1-79ddbcf3c679,voice_mt,2024-04-30 11:05:57,2024-04-30 11:10:09,252,,+18273766674,+17419029446,TWR-50818,4G,,5.3024,rated,0,2024-04-30
dc061a8f-c33e-43d5-9895-b179262a45b8,f7f39078-4e70-4f02-bbef-9365bdf22719,sms_mo,2023-07-22 18:24:06,2023-07-22 18:24:06,,,+15360058515,+18795692624,TWR-20637,4G,,0.0,rated,0,2023-07-22
acd3b72d-cee2-481b-a335-16ef30d0c053,25582508-08f5-49bf-8b30-9231448c4469,voice_mt,2024-07-04 05:23:47,2024-07-04 06:35:09,4282,,+19801750367,+12523590403,TWR-99635,5G_NSA,,172.9908,rated,0,2024-07-04
941039da-9eef-45a3-a302-ab13fc6b6638,94f1ee3d-a9c3-4493-97af-9b24ede51ce0,sms_mo,2023-12-28 07:04:55,2023-12-28 07:04:55,,,+14060318625,+15074894153,TWR-10742,LTE,,0.0,rated,0,2023-12-28
09827fef-cd26-4474-b048-0a2d0f7b6880,0871c33b-9009-41e7-a968-ff7da762de04,voice_mo,2022-08-08 05:40:21,2022-08-08 07:03:43,5002,,+14059840933,+16373829614,TWR-59670,LTE,,182.0597,rated,0,2022-08-08
affdb7b1-15ce-47c2-b488-d8e46fe7bb44,c59473a0-c17a-49a4-964e-e06dcf311b4c,voicemail,2024-08-12 21:56:42,2024-08-12 23:05:12,4110,,+17275906209,+12697391237,TWR-45310,4G,,113.958,rated,0,2024-08-12
522468ee-a829-473c-9887-5825afa6bef9,edc73bcb-73ae-4af9-a7f0-6746c1bbc689,sms_mt,2024-08-21 11:51:10,2024-08-21 11:51:10,,,+18527369920,+13777292265,TWR-54408,5G,,0.0,rated,0,2024-08-21
4228db95-77c7-4bbb-b2ae-a0c7228e8085,951c0907-d4c5-43b9-a50f-96b30cfa7026,roaming_data,2023-08-31 01:51:53,2023-08-31 23:33:34,78101,2754.041,+12831084675,,TWR-50607,5G_NSA,US,3268.767,error,0,2023-08-31
4b5039ae-3dda-42c2-b1c1-8ff3e36086e7,ea14cdfc-2617-4518-8bcf-cfa5e0d0c6cb,roaming_voice,2024-06-23 13:04:01,2024-06-23 13:14:11,610,,+13546575564,+14291297650,TWR-98909,4G,MX,1.4052,rated,0,2024-06-23
eb933aa9-5d7e-4fc1-9ab8-09df4a8cd6c6,a5f2d5b8-9d6c-419d-8d58-4255fdabeddc,sms_mo,2023-02-19 13:04:38,2023-02-19 13:04:38,,,+19292918590,+16895445234,TWR-87123,5G_NSA,,0.0,rated,0,2023-02-19
833964f5-d607-470d-871b-3277eae0e9b3,6aff89d5-81c0-410c-bca9-11dceb801982,voicemail,2022-12-13 13:18:34,2022-12-13 15:16:29,7075,,+17204730580,+12437037142,TWR-17316,3G,,239.9191,rated,0,2022-12-13
e32b3abe-227c-48c4-93f1-ad9220c5c064,1fa8bf47-37df-44d4-ae1f-8be70062ab1d,voice_mo,2022-09-06 22:58:43,2022-09-06 23:43:40,2697,,+18378527880,+12806155292,TWR-26926,5G,,39.6199,rated,0,2022-09-06
c3b7df8b-e0fd-454d-b5ef-72d603d08e66,77c52a91-7839-48ef-bd5a-c631c3103bb7,sms_mo,2023-02-27 23:05:44,2023-02-27 23:05:44,,,+12367594417,+14781821039,TWR-14927,3G,,0.0,unrated,0,2023-02-27
21f7367d-456c-42d7-8e54-103b5870635d,ab6cec46-5a42-41ba-970d-af9b58f7a517,roaming_data,2022-11-25 12:51:42,2022-11-25 18:00:27,18525,6915.246,+18326086300,,TWR-33284,5G,US,571.0965,unrated,0,2022-11-25
9574a654-eec7-450f-929f-d28e5dd8ae88,31ec7abb-b079-4f8e-8b71-8d07c8994b99,roaming_voice,2022-11-19 04:02:41,2022-11-19 05:09:53,4032,,+18387607438,+16682328979,TWR-35333,5G,DE,31.3527,rated,0,2022-11-19
fda5c228-dd5e-43f7-acb5-4464a16c8b9b,af741349-a5b3-4b2a-b7b1-779edc34a7ed,voice_mo,2023-05-04 23:33:15,2023-05-05 00:29:43,3388,,+19441885274,+17042209093,TWR-79299,4G,,110.0921,error,0,2023-05-04
985a4902-a9ac-42ce-8460-e9d9859b4367,a33a1083-b4a5-4da4-a527-a39ac80cf5b1,voice_mt,2022-05-19 21:22:00,2022-05-19 21:59:17,2237,,+19613742748,+13780919733,TWR-51468,LTE,,93.7548,rated,1,2022-05-19
5cfdc276-b4d8-4962-97f6-a40800e92807,f85a1064-adb4-4408-a6f6-e69e332e2e8f,data_session,2023-04-10 06:13:46,2023-04-10 18:04:10,42624,3472.516,+12775788925,,TWR-29072,WiFi_calling,,1397.2712,rated,0,2023-04-10
1934c20d-7c61-4478-a8bb-6ea0a33793d2,29188a2f-5e46-4b0c-8a94-7b0087f438e8,sms_mo,2024-01-16 03:22:22,2024-01-16 03:22:22,,,+16540224493,+14257717681,TWR-20637,LTE,,0.0,rated,0,2024-01-16
71f69ea8-4770-48a7-9d01-5410474ff91a,420811c7-771d-475b-87ba-50c3f1401481,data_session,2022-10-27 23:35:43,2022-10-28 04:23:46,17283,3566.271,+19206503881,,TWR-51468,5G,,851.6239,rated,1,2022-10-27
dfad5b5e-209e-4b30-8aa7-0d8adeb0f84a,3d340c1b-027c-4436-ae65-420574cca66a,voicemail,2022-06-26 00:06:29,2022-06-26 01:30:25,5036,,+14627942013,+19245618376,TWR-90922,5G_NSA,,66.7607,rated,0,2022-06-26
91c8b589-d52b-40ba-a406-496cf5ad6fa9,df829980-d5d2-40bf-abac-3b11fd20b2fe,voice_mt,2022-06-08 09:38:08,2022-06-08 10:46:20,4092,,+14867486339,+13385160602,TWR-67678,3G,,126.9314,partial,0,2022-06-08
bd96c0f3-c9c8-4937-adbc-3eacab58417a,c3cff820-ab7b-4542-8dcd-fb958e392276,voice_mt,2022-08-19 11:25:32,2022-08-19 12:41:42,4570,,+17756445933,+19413229333,TWR-38288,4G,,146.7882,rated,0,2022-08-18
36d27403-318b-4cf3-803b-2e8579f0fff5,8c39bf21-e501-4e08-82dc-0c2b8b5dc000,sms_mo,2022-07-31 10:12:50,2022-07-31 10:12:50,,,+12366241592,+16885847782,TWR-59410,3G,,0.0,unrated,0,2022-07-31
7d48c321-8b75-4a39-a04b-64380495fd7e,4c70de6b-bd22-49b5-84f6-106a58c120b7,voice_mo,2024-05-28 22:53:33,2024-05-28 23:21:51,1698,,+13777928921,+15598322808,TWR-89203,5G,,8.5834,rated,0,2024-05-28
317bb425-3209-4b75-b613-040c91182368,eafe5723-7e13-40b5-9683-8ec40796900a,voice_mo,2023-05-31 05:20:50,2023-05-31 07:05:51,6301,,+17041062496,+12322195778,TWR-39628,LTE,,225.0294,rated,0,2023-05-31
08ed4691-35a1-49f6-9b96-ba377f6677f1,080b0691-782e-4791-9430-fe40b04f8ecf,sms_mt,2022-11-22 15:43:16,2022-11-22 15:43:16,,,+16860953943,+14701110557,TWR-56861,WiFi_calling,,0.0,rated,0,2022-11-22
beffca28-b434-4d66-9a65-eda6218adb3d,df61c35b-e4c2-45aa-92ba-789f48c0b8ac,roaming_voice,2022-10-07 12:13:34,2022-10-07 12:50:31,2217,,+17917482861,+19903285800,TWR-42562,3G,JP,88.3744,rated,0,2022-10-07
0745a364-c4cc-4b58-9b4b-3299f3a835c3,7433d762-46fd-4adf-8c74-200b3b0ceddd,sms_mt,2024-08-05 09:21:03,2024-08-05 09:21:03,,,+19282046126,+19497554240,TWR-97396,4G,,0.0,rated,0,2024-08-05
accffd12-499e-4473-93c1-2c43df261ff6,a1597cad-a271-4abf-8e0e-29e7fad6ea59,voicemail,2023-05-22 12:21:15,2023-05-22 14:15:25,6850,,+12947475234,+18646970197,TWR-17316,5G,,315.7116,rated,0,2023-05-22
592f2afb-89e6-46ac-9166-dd6163459349,31523707-c9da-4c3c-8f19-86406b6d1067,data_session,2024-11-07 20:20:33,2024-11-08 08:46:47,44774,1417.231,+13264036739,,TWR-80040,3G,,351.1953,rated,0,2024-11-07
0842e525-1148-4619-9049-611e2f455fb9,52d68fce-acb2-4a6c-893c-083f03cd3e82,sms_mo,2023-11-17 09:39:09,2023-11-17 09:39:09,,,+15402939493,+12226190287,TWR-56568,3G,,0.0,rated,0,2023-11-17
10599222-830e-4193-86f2-8d82daea9881,43e1cd07-4888-42a8-96de-178b5f889961,sms_mo,2023-10-10 19:52:51,2023-10-10 19:52:51,,,+18742434068,+13003216463,TWR-38402,WiFi_calling,,0.0,rated,0,2023-10-10
1e282814-59a0-4e0a-89fc-7606dd598039,25dd5dec-551f-4a57-916d-d7155fff70c4,voicemail,2024-02-21 16:12:59,2024-02-21 17:25:33,4354,,+12559750226,+13495554288,TWR-88042,WiFi_calling,,86.9389,unrated,0,2024-02-21
0ba338ab-11d8-402b-8cae-8d3608b68ed0,19bf72c5-aa14-4985-8e5e-fefb37a856d9,data_session,2024-02-12 06:40:54,2024-02-12 12:21:35,20441,5591.852,+15431419054,,TWR-36707,5G,,146.7155,unrated,0,2024-02-12
96d5d76e-aede-47b6-a64d-22953154f796,86b12253-7d3b-46d9-8cb7-4a91be929fec,voice_mo,2024-11-19 13:04:18,2024-11-19 14:01:23,3425,,+16439185962,+13953337143,TWR-43663,4G,,94.9656,rated,0,2024-11-19
2517f42e-c294-415f-bb98-035aa5ba82bf,02ca1739-e6ac-46b3-8f6b-75d9fd9f525f,sms_mo,2022-07-03 18:13:19,2022-07-03 18:13:19,,,+15929057453,+15053664605,TWR-51468,3G,,0.0,rated,0,2022-07-03
be367862-7f21-4bb2-8a7d-c05621284358,8b110204-07f9-4485-9d98-2cd73d9088a0,sms_mt,2024-08-17 18:42:19,2024-08-17 18:42:19,,,+15999374636,+12493055767,TWR-96581,5G,,0.0,rated,0,2024-08-17
52040e37-894e-43dc-b718-7b3af298d4eb,34c9ddae-c07d-4441-8e96-0164a7fbfba5,data_session,2024-09-18 06:06:59,2024-09-18 06:50:47,2628,5337.966,+19519968056,,TWR-38402,LTE,,130.2736,rated,0,2024-09-18
fa513a87-6aab-4ec4-8399-dd44bb7b3c7a,60d02d66-bd59-4ef4-a702-b445dd3298f9,sms_mt,2023-05-12 04:58:14,2023-05-12 04:58:14,,,+12327159487,+18340948156,TWR-59410,WiFi_calling,,0.0,rated,0,2023-05-12
0a1e3a09-1dc4-46ed-909c-dda80ea6c7ee,cfe93de8-1c5c-4e53-81c9-35364b60af08,sms_mo,2022-07-19 06:03:55,2022-07-19 06:03:55,,,+14584303914,+17714124358,TWR-99759,4G,,0.0,rated,0,2022-07-19
c67e759d-4371-40dc-b8f7-2e73a7041851,36e7bb73-3326-4525-b9a8-87e464e36200,voice_mt,2024-04-08 19:44:24,2024-04-08 20:59:13,4489,,+18607114605,+14682822409,TWR-48408,5G,,79.1769,rated,0,2024-04-08
fa2dad29-da3a-4dbb-be64-1eeff6364f0b,666375ed-bda2-4bfd-b80e-d9e5d23b0656,data_session,2022-06-27 21:17:34,2022-06-27 22:52:24,5690,1373.266,+18525584787,,TWR-83526,4G,,195.4702,rated,0,2022-06-27
1319268e-f8ef-4515-af28-bd494a67de8a,5b7196d5-a867-4b01-8c11-5ee4c5596e36,voice_mt,2022-04-13 16:43:35,2022-04-13 17:02:11,1116,,+19747463661,+18821906843,TWR-99439,5G_NSA,,1.5117,rated,0,2022-04-13
d2dc136f-0ce9-4050-af35-803253d038ca,c1e722fe-6679-4d85-994d-8b72f2a56432,data_session,2022-05-15 01:55:05,2022-05-15 18:53:46,61121,6766.754,+15843766070,,TWR-90085,WiFi_calling,,1084.6195,rated,0,2022-05-15
ca6362a0-ee79-42a0-b744-4b31fc23c125,0669e215-0421-47d7-835f-b4c9e3793888,data_session,2023-03-14 12:29:07,2023-03-15 04:10:57,56510,6655.634,+14640713641,,TWR-26561,5G,,1891.6635,rated,0,2023-03-14
7f40c47b-c8dd-4c15-8cca-24cb874dc804,86c4ab84-6fec-463c-a676-fd927f0a1609,sms_mo,2024-07-19 08:15:37,2024-07-19 08:15:37,,,+14867855256,+13427334458,TWR-97433,3G,,0.0,partial,0,2024-07-19
f6e8481a-4be1-4cc4-b778-3a888c0bdda4,9a926d96-e3b4-484b-ba11-435011886395,voicemail,2023-02-25 17:06:25,2023-02-25 18:28:27,4922,,+19679211246,+14798744964,TWR-15590,5G,,37.0702,rated,0,2023-02-25
eb082a60-4045-43ad-858b-844b19d6dd8d,e348ee52-dcf4-4d78-b3e8-65439913cdc3,voice_mt,2024-05-04 19:37:18,2024-05-04 21:20:32,6194,,+18199752494,+19257116092,TWR-86767,3G,,80.7566,unrated,0,2024-05-04
98ae743b-2278-4584-a967-eff0c06708e9,3a69d4fd-dbf3-4ef1-b71c-9eb44f96cfea,roaming_data,2024-09-16 03:50:41,2024-09-16 15:12:22,40901,6164.092,+16662937148,,TWR-67385,WiFi_calling,US,1130.3358,rated,0,2024-09-16
ea6590e9-53a8-4fdf-92d9-2f89ef45230c,367f2d72-1c04-492a-a00b-28d0a9b861af,voicemail,2023-04-03 14:54:39,2023-04-03 15:27:08,1949,,+19788873394,+12500411930,TWR-25560,3G,,48.3652,unrated,0,2023-04-03
2113fb7a-9ca1-413e-bdb1-187a2c892b01,60d02d66-bd59-4ef4-a702-b445dd3298f9,data_session,2024-02-08 09:35:32,2024-02-08 15:39:13,21821,6495.652,+15672084516,,TWR-63652,4G,,785.041,error,0,2024-02-08
835d9dd7-ce51-4a10-aa74-3c2d5e9ae18b,3c7942fb-c3a5-435e-8d86-534ff2a7a47b,roaming_data,2024-12-11 01:18:52,2024-12-11 09:07:48,28136,2972.597,+16145516724,,TWR-96581,WiFi_calling,BR,352.9566,rated,0,2024-12-11
4ed57e36-121a-4602-9490-509bc303eaf0,31523707-c9da-4c3c-8f19-86406b6d1067,sms_mt,2022-12-13 15:19:20,2022-12-13 15:19:20,,,+19588707800,+14392654640,TWR-97164,LTE,,0.0,rated,0,2022-12-13
11f16a33-9721-4e10-a949-5c3e52d4d5e6,7df92b47-b749-474b-b32e-4ee2d985a151,sms_mo,2023-01-01 23:26:09,2023-01-01 23:26:09,,,+17325871287,+19482678377,TWR-70487,LTE,,0.0,unrated,0,2023-01-01
eecac34e-8a19-4062-993e-be648d48fcd1,25e9db86-f6f9-480b-be4c-2692033ccee2,voice_mt,2024-08-01 19:05:18,2024-08-01 20:56:40,6682,,+12135935725,+17175884851,TWR-15590,LTE,,214.6548,rated,0,2024-08-01
df7e80ce-81e2-4f61-8e7f-781cd392bf00,ce7c9631-d931-4630-a10e-d2ca6de061a2,data_session,2023-11-15 13:12:32,2023-11-15 16:17:12,11080,5385.949,+19262352058,,TWR-88599,4G,,29.6988,rated,0,2023-11-15
d56ba11b-ffa8-4b53-9b6f-1a1205fe7309,0ac480d2-3959-4220-aaa7-fed9198ba46b,voicemail,2022-08-07 00:05:27,2022-08-07 01:33:58,5311,,+18721392613,+18518655997,TWR-40174,WiFi_calling,,201.7724,rated,0,2022-08-07
ad232055-2d56-4644-b08c-5d360cff245d,ef1ffe8b-90e9-469c-bfa3-0594049b40a7,roaming_data,2022-06-01 07:51:50,2022-06-02 06:50:00,82690,6350.341,+19814622424,,TWR-10998,WiFi_calling,CA,594.2847,rated,0,2022-06-01
f0deb4ea-4447-4e0f-9cab-5f4f1a59cd40,45a367d0-30e4-4b42-abf4-9e69e1241ff4,sms_mt,2022-03-20 13:33:08,2022-03-20 13:33:08,,,+13028043427,+18689559991,TWR-43761,WiFi_calling,,0.0,rated,0,2022-03-20
f685355a-4b51-4da9-bf90-8c469549984c,bdb334fe-ed51-4374-9f8b-85057bf315a8,data_session,2023-12-22 16:25:13,2023-12-23 03:52:03,41210,5474.148,+17701481690,,TWR-79574,4G,,1030.6155,error,0,2023-12-22
d39d44dd-a277-4dd0-b24a-f536d4d8a7a3,cd2c680e-e2b2-4a86-8f86-5914fb5fb95d,roaming_voice,2024-04-28 16:03:12,2024-04-28 16:03:43,31,,+17412759059,+16169265445,TWR-62961,LTE,JP,0.9831,rated,0,2024-04-28
b6008bf1-dffe-4b83-8f6d-e7a10ec13eeb,cc0a86b1-b0dd-49b3-859c-65da2a773413,voice_mo,2022-06-15 17:16:28,2022-06-15 17:54:40,2292,,+16162456849,+15198025835,TWR-16726,4G,,42.0882,rated,0,2022-06-15
59f267f8-370f-4418-94c0-48c445761561,63c3e5ce-bba6-4e92-81af-a532226d7fc7,data_session,2022-01-25 05:58:37,2022-01-25 11:44:17,20740,84.864,+18782265731,,TWR-57409,LTE,,322.8538,rated,0,2022-01-25
42d8cbfa-9be2-4f6c-8031-1406a93e3364,df3608fd-906d-4d77-b0bf-fc05ed43d9ce,sms_mo,2024-05-23 10:46:06,2024-05-23 10:46:06,,,+16946425180,+14537823625,TWR-58624,WiFi_calling,,0.0,rated,0,2024-05-23
9f3cd257-9429-462a-a803-ad01009b94e0,06f057d2-feca-4c51-8080-84172661f519,voicemail,2024-09-30 13:05:14,2024-09-30 14:50:39,6325,,+15841685775,+16534450280,TWR-45310,5G,,146.2276,rated,0,2024-09-30
d24bb679-c3d7-4cd5-b553-33939398a7ca,f4589c6d-1734-4d64-a3e1-f9544f0e589c,roaming_data,2023-07-31 10:43:57,2023-08-01 08:24:17,78020,7024.029,+19255513634,,TWR-63516,WiFi_calling,CA,2370.5535,rated,0,2023-07-31
16596dd6-1bef-48ef-8c78-1b8b59a1c69e,dd8da925-fe12-456e-b444-aedddc35b8b1,data_session,2022-01-09 11:50:50,2022-01-09 17:50:08,21558,4999.502,+13402238822,,TWR-68192,WiFi_calling,,79.6112,rated,0,2022-01-09
2096cce5-e505-485f-a673-292b6844352d,c78a3aae-8fe2-40c8-bf6d-f21d2464acc6,data_session,2024-05-22 00:52:30,2024-05-22 19:23:44,66674,939.165,+18422293617,,TWR-51468,3G,,1635.8476,error,0,2024-05-22
485b3c8d-8d49-46f1-a022-b9d65c75130c,4ddb769d-a5f2-4f2a-ae88-cc80faa5b93d,sms_mo,2024-04-17 08:08:54,2024-04-17 08:08:54,,,+18575404450,+17119233778,TWR-50818,3G,,0.0,rated,0,2024-04-17
d3db06e2-c4d0-4119-a83a-dcb2882314ce,86b12253-7d3b-46d9-8cb7-4a91be929fec,sms_mt,2024-07-24 17:19:30,2024-07-24 17:19:30,,,+12855130534,+19663417289,TWR-98381,5G_NSA,,0.0,rated,0,2024-07-24
2d7618ae-93f3-4523-980e-78a4b731453b,545a53e2-182a-4a82-aabb-ccd33de5488d,sms_mt,2023-09-15 18:20:46,2023-09-15 18:20:46,,,+17944089331,+14599769971,TWR-80033,LTE,,0.0,rated,0,2023-09-15
7eb9eed3-d639-4acd-bcb5-dc75d8fc9f7f,cc0a86b1-b0dd-49b3-859c-65da2a773413,voice_mo,2024-08-15 15:45:21,2024-08-15 17:34:28,6547,,+15010698234,+19273117311,TWR-47711,3G,,24.3622,rated,0,2024-08-15
cb4ceb58-8093-4fca-b2a1-c1ad60317b86,988bdc2b-aa82-4f53-8707-c2f4beae7767,roaming_voice,2022-11-25 17:54:50,2022-11-25 19:07:21,4351,,+15154324530,+16932316623,TWR-65732,4G,FR,178.0572,rated,0,2022-11-25
8e73eed6-cb9f-4dca-bc82-a1bd818ef777,77bcfbe9-4eea-4fe6-b4be-f258baf13a05,roaming_data,2023-11-28 09:52:58,2023-11-28 22:22:15,44957,6901.044,+14332286094,,TWR-17261,5G,BR,662.1279,rated,0,2023-11-28
779ed20f-0842-4ce3-ab06-74015e7ece12,f8612531-e12f-4af6-ae44-b7692199081b,voicemail,2023-03-30 03:57:04,2023-03-30 04:01:53,289,,+15069295779,+12237665568,TWR-64619,5G_NSA,,0.3101,rated,0,2023-03-30
4cd58959-282a-4755-8775-f2b2470f596c,195ddf3c-a516-4fe7-9690-9cbffda6bce5,sms_mt,2024-02-06 01:38:27,2024-02-06 01:38:27,,,+16930632989,+17561323869,TWR-59018,5G,,0.0,rated,0,2024-02-06
968a32c9-11ad-4549-b4f6-8b6154f55e0c,5d012496-ac6f-4b80-a008-1eb925ffa29c,roaming_voice,2022-12-28 02:11:00,2022-12-28 03:05:55,3295,,+16940014914,+18985874463,TWR-54228,3G,JP,80.2222,rated,0,2022-12-28
2e583d22-8318-40c2-8339-c40f9b4600fa,8c3a0288-f232-45fa-b20f-08336bf12657,voicemail,2023-04-09 15:24:42,2023-04-09 17:03:14,5912,,+17880588153,+19113864781,TWR-39628,WiFi_calling,,163.9,rated,0,2023-04-09
c387ba6b-a3b4-4e48-9b48-273277e05685,f9842d9f-d261-4766-81cc-29332a9504a1,roaming_data,2024-11-12 14:53:46,2024-11-12 21:51:19,25053,5928.564,+13715047084,,TWR-44207,5G,JP,1204.6365,unrated,0,2024-11-12
fe523592-fac3-43a2-812a-0a29f6cc879a,9ec998a9-c4ab-4a24-9c47-8b724bbb9565,sms_mt,2024-10-08 14:45:45,2024-10-08 14:45:45,,,+13019578284,+15850660476,TWR-83131,5G,,0.0,unrated,0,2024-10-08
3dd8dcd6-1f24-42d8-ba96-4f5737687806,f3d67776-9153-4178-bebe-809482a8cb87,roaming_data,2023-03-16 20:22:36,2023-03-17 07:00:08,38252,6366.395,+16152861405,,TWR-47000,WiFi_calling,CA,1098.7673,unrated,0,2023-03-16
83c906d7-49e6-46c9-927c-a8a6f8cde41a,fa112c0b-f7c8-4725-b976-d8c058b41722,roaming_voice,2022-06-30 02:34:36,2022-06-30 04:01:58,5242,,+13638755169,+19773031968,TWR-64922,5G_NSA,GB,221.7186,rated,0,2022-06-30
5f661b74-6d39-4a9f-820a-0d7d2781f0b8,c537e567-fb66-4c1a-adc1-fdef9b456c45,sms_mt,2023-09-18 21:31:33,2023-09-18 21:31:33,,,+19840008525,+17557493003,TWR-25363,3G,,0.0,rated,0,2023-09-18
116dd4b7-5963-4ebd-a511-6686c03930ae,d26aa422-fcb9-48a1-ac04-f095f06c35b7,data_session,2022-05-13 14:00:45,2022-05-14 03:29:15,48510,7005.705,+12565980313,,TWR-19488,3G,,1966.5092,rated,0,2022-05-13
f6638d0a-dda1-4cbc-bff8-71d720997fbc,c5ac76c6-1e70-4a33-8ebc-3e1b8b4875e5,sms_mt,2024-07-13 14:52:51,2024-07-13 14:52:51,,,+14390313471,+16308624847,TWR-21775,4G,,0.0,rated,0,2024-07-13
3b43649e-fd64-4396-a41a-e805144403ad,00eef90a-f02a-414d-87ab-2747890028a4,voicemail,2024-12-02 22:50:31,2024-12-03 00:26:57,5786,,+14046419215,+16088719990,TWR-16249,LTE,,109.1507,rated,0,2024-12-02
9428f019-3dde-4c8d-b1ae-e8554888e869,6d6ea6f1-a22b-4603-bc17-e3c8e7ddaaed,roaming_voice,2023-05-31 21:09:01,2023-05-31 22:05:59,3418,,+19792924693,+16403897450,TWR-58889,LTE,MX,89.133,rated,0,2023-05-31
9f92dba9-6854-4eeb-b45d-d9bae9f451b8,a8d029a7-b3ff-44c1-8b55-8331e2562b50,roaming_voice,2022-02-24 14:55:52,2022-02-24 15:02:21,389,,+15651830123,+13072685925,TWR-50818,4G,,18.0415,error,0,2022-02-24
1829859d-7584-43d6-9abb-72d31ce046ed,de3d6236-3db8-46d8-8e4f-17ab164d540e,voicemail,2024-06-08 09:03:12,2024-06-08 10:11:03,4071,,+12338090555,+19424623496,TWR-51825,4G,,61.5854,rated,0,2024-06-08
bfe76612-07e5-43c4-be35-20f07949202b,8482b347-444f-4211-beca-833fcd75b827,sms_mt,2022-04-02 11:51:09,2022-04-02 11:51:09,,,+13155820017,+15202036222,TWR-56374,LTE,,0.0,rated,0,2022-04-02
1c4d5931-71ac-4145-92c7-1a9bf2067c80,5fe94a53-4f47-4da3-89fb-1695e1766151,voicemail,2024-10-08 10:53:21,2024-10-08 11:49:36,3375,,+18632298086,+16899096459,TWR-93894,3G,,165.0503,rated,0,2024-10-08
4602f2aa-581a-4ba3-891b-86b01b62bc6f,729e8f1d-b6b6-4e2e-b838-0222bfe908a9,voice_mt,2023-01-30 18:42:31,2023-01-30 20:14:05,5494,,+17315227734,+12562909900,TWR-21348,LTE,,88.3931,unrated,0,2023-01-30
1692fd64-294d-4e14-81c7-f6012077c00a,019e5861-2266-4e59-b72e-1df362e6014e,voice_mt,2022-07-17 06:57:49,2022-07-17 08:43:12,6323,,+14184754242,+14221970533,TWR-88042,5G_NSA,,127.8919,rated,0,2022-07-17
f7e421fe-5c98-4831-bb54-013a2a61efd6,751f3cc9-1634-41f6-949e-f0e67d0d195e,voice_mo,2023-05-31 20:52:55,2023-05-31 21:10:14,1039,,+17103434117,+16961225036,TWR-77981,LTE,,39.5176,unrated,0,2023-05-31
09100baf-8c39-4a4a-9fca-73741b508531,3222212b-e69c-4293-85dd-08913682db42,voice_mt,2022-02-16 18:01:40,2022-02-16 19:22:04,4824,,+19981797322,+12601889973,TWR-36318,5G,,72.5913,rated,0,2022-02-16
fa490aa1-585c-498e-b9de-17a5767edbd8,d890a573-c3cf-4102-857d-78f57971ccf8,sms_mo,2024-01-13 07:24:19,2024-01-13 07:24:19,,,+17480963450,+19504208337,TWR-91089,WiFi_calling,,0.0,rated,0,2024-01-13
c18d1be9-4a01-4d19-9b49-07997b3e6586,dd7bfeef-d323-426d-9de8-1846d577fdba,roaming_data,2024-04-12 21:26:29,2024-04-13 03:09:51,20602,4685.431,+15802194593,,TWR-65195,WiFi_calling,BR,686.3196,unrated,0,2024-04-12
6d7d187a-68af-4c63-b852-18e6464ff470,649d3df5-cb0a-4b00-9e7d-773ffd6417ae,roaming_voice,2022-07-21 17:48:47,2022-07-21 19:18:57,5410,,+18196584427,+14881576651,TWR-29959,LTE,,49.6768,rated,0,2022-07-21
9db1ea08-38a8-485f-a649-3875040a22b0,e03ee293-a131-483d-b6a1-6891ed7a09e2,roaming_data,2024-08-12 12:15:58,2024-08-13 00:13:43,43065,6645.527,+16598209741,,TWR-14857,5G_NSA,,1864.2497,rated,0,2024-08-12
3408d8e5-f99c-4b00-a9de-86c7abd40765,86b07369-fab5-4238-9fd1-01ae7b668cd2,voice_mo,2022-11-05 18:43:44,2022-11-05 19:50:39,4015,,+17978551669,+12560268956,TWR-68192,5G_NSA,,18.3152,rated,0,2022-11-05
038c6619-81b5-4b79-83f7-224d589758bd,3b639f66-e1e4-439a-ad9e-5da2da07173a,voice_mo,2024-07-20 17:01:48,2024-07-20 18:41:27,5979,,+13157089069,+13686583737,TWR-64922,WiFi_calling,,143.3068,rated,0,2024-07-20
1698d439-2d46-44ad-bbdd-1c44e17801a3,ab66e531-232f-4dcc-b712-2518ae2c2c3d,data_session,2023-09-24 04:50:10,2023-09-24 12:04:24,26054,5954.293,+14573568170,,TWR-53214,5G,,30.5147,rated,0,2023-09-24
092d517d-28b8-4fcb-9802-5198b391a578,9d68fc09-7e14-4887-8662-ebfd8d378019,sms_mo,2024-01-21 06:33:46,2024-01-21 06:33:46,,,+17503990955,+12299701014,TWR-96136,5G,,0.0,rated,0,2024-01-21
8af61f3a-96f7-4b16-9122-d3329abf5060,8d844f88-1d51-4dc4-933d-e6a7a200455c,voice_mt,2022-11-22 04:16:05,2022-11-22 04:57:31,2486,,+16438846517,+15525963101,TWR-42562,5G_NSA,,76.9914,rated,0,2022-11-22
29af2644-7745-4f44-87d6-f02e347fa757,afcdd462-8af8-4a05-b329-5b5fe2a5283e,voice_mt,2024-04-28 17:55:41,2024-04-28 18:23:52,1691,,+17576905923,+13876619735,TWR-65732,5G_NSA,,23.1649,rated,0,2024-04-28
122801fc-9998-4aff-a13c-754230491944,e687f3f8-716b-40eb-a8ba-e0719f0b0752,roaming_voice,2022-04-15 05:57:58,2022-04-15 07:05:37,4059,,+15246282325,+14892956813,TWR-88569,4G,MX,60.2678,unrated,0,2022-04-15
13bb442c-85e9-45b6-b685-771330e63dab,af95c51b-3db0-4f3b-9684-4ffe6bab2a83,roaming_voice,2023-09-07 07:34:52,2023-09-07 09:15:24,6032,,+12023540796,+12310559128,TWR-56861,LTE,IN,171.0649,rated,0,2023-09-07
816c97ea-36bf-4e4c-9013-364212ef161d,e69961cc-f815-401d-a554-87aff3f50c29,voice_mo,2023-07-03 18:12:34,2023-07-03 19:23:59,4285,,+13792210953,+19196259579,TWR-97532,4G,,178.4364,rated,0,2023-07-03
e1197813-fb70-4d65-ac6c-3178d2d8e6fa,4a0dcc27-e130-4c06-a834-d6fe85245689,voice_mo,2024-08-11 04:39:14,2024-08-11 04:41:32,138,,+13073688451,+13816704475,TWR-70566,4G,,3.0724,rated,0,2024-08-11
2d1b1efa-4c42-4837-a186-f9d6c5eeab3f,6a827ddb-2ceb-4285-86a5-e6b0ba94039b,sms_mt,2024-11-10 01:04:26,2024-11-10 01:04:26,,,+12405737541,+16798821518,TWR-24390,3G,,0.0,rated,0,2024-11-10
9bf9e157-d405-4176-a23a-f0d571d19792,3222212b-e69c-4293-85dd-08913682db42,voice_mt,2023-06-14 05:27:59,2023-06-14 06:04:22,2183,,+19857338260,+15305646029,TWR-50607,4G,,34.1552,rated,0,2023-06-14
75dde653-a283-44ce-98cd-1ca4ffb017f5,85227fd2-ef11-4d93-ab77-d2177e46b172,voice_mt,2023-10-31 20:31:45,2023-10-31 22:23:41,6716,,+15476063776,+18982925352,TWR-26682,WiFi_calling,,108.7713,rated,0,2023-10-31
b0ff72a1-64ec-4f8b-b9f3-1c2e13ed8548,46cebc83-a9ab-4c10-bbc3-cf2d4d23f907,data_session,2022-06-19 19:28:23,2022-06-20 12:58:42,63019,2495.856,+19146860483,,TWR-77981,5G,,156.3645,rated,0,2022-06-19
1c5f0e43-2fa0-427f-8b47-0b0343fdcdb8,6d0fd557-1b92-4aa2-bd5b-ae6f91bbc5aa,data_session,2024-06-11 21:08:55,2024-06-12 18:44:37,77742,2837.121,+13749698135,,TWR-64619,4G,,3162.5865,unrated,0,2024-06-11
94179439-6251-4cb8-9afe-ff18b9a53e89,4c4fd40f-9d68-4135-8719-9cb2f529da29,data_session,2024-09-29 23:09:43,2024-09-30 04:06:04,17781,7888.732,+12015822201,,TWR-51825,5G_NSA,,579.9326,rated,0,2024-09-29
315c521c-e9c8-4b6f-8af7-b66187a31615,04904b12-a800-4ba3-a75e-83bf407c8720,voice_mt,2024-07-10 19:26:24,2024-07-10 20:55:02,5318,,+14946932871,+19772503726,TWR-63516,LTE,,90.2437,rated,0,2024-07-10
2b4a1a94-76d3-4cf8-b4ad-ab7cd2f0e02f,0fb8b660-720b-407d-afe3-fb861acd07f3,sms_mo,2023-01-26 12:31:38,2023-01-26 12:31:38,,,+19430766275,+19537524939,TWR-57409,3G,,0.0,rated,0,2023-01-26
aa773ef5-e52e-4a83-9cd3-9c3f1f52a462,dd7b1877-b9a6-412b-be0e-91487c7df7c1,roaming_voice,2022-08-16 20:32:46,2022-08-16 21:52:33,4787,,+19606989150,+18278673910,TWR-36144,5G,MX,217.1333,unrated,0,2022-08-16
9e485c77-97cc-40bc-b783-487bc573196a,77f89d09-cb9b-4bfd-bcda-4dd4883675d2,roaming_voice,2024-05-06 00:34:33,2024-05-06 00:53:30,1137,,+16103597626,+15436043804,TWR-28731,5G,FR,19.5379,unrated,0,2024-05-06
0642621f-d019-4d30-b423-0ace4186b2db,99396e22-ab0e-47b3-99e7-f7b984fa9a5e,voicemail,2022-05-20 01:42:14,2022-05-20 01:51:34,560,,+16679815986,+12047775585,TWR-67896,3G,,22.8684,rated,0,2022-05-20
03636446-49cc-40b6-815c-ed78575a2387,4dbeefeb-8114-4d12-bb99-207310b48953,voice_mo,2023-06-23 23:50:58,2023-06-24 01:30:14,5956,,+14522277857,+18128659119,TWR-37207,3G,,173.5682,rated,0,2023-06-23
55965877-d5c5-4dc4-9047-82c8ee165970,98c4d191-2f0d-435b-a6c0-369f0a7d0244,data_session,2024-03-23 02:08:38,2024-03-23 21:10:03,68485,6809.176,+19375360552,,TWR-98909,5G_NSA,,2823.7392,unrated,0,2024-03-23
d98e7acc-672d-4ea5-91d4-ca57f2a9b5c2,89664e5b-4c0f-4ef7-a566-0b4d0db1fb1f,sms_mt,2023-04-21 21:57:49,2023-04-21 21:57:49,,,+12354362836,+18603137799,TWR-89203,5G,,0.0,rated,0,2023-04-21
4a48d253-fdf8-4501-8127-7b581a141ee3,f2490b6a-0403-4c04-83e1-48320ee49cd0,sms_mt,2024-07-14 06:41:19,2024-07-14 06:41:19,,,+16700765530,+13087587316,TWR-90922,LTE,,0.0,rated,0,2024-07-13
af315859-e421-4f13-88cf-6f0dd6b9dec5,5c23ec16-7019-4682-9100-369b0e19ee88,sms_mo,2023-09-24 16:33:22,2023-09-24 16:33:22,,,+15565803939,+15190074905,TWR-96546,LTE,,0.0,partial,0,2023-09-24
544a6e1c-2898-4550-b4cd-93b82e53dd77,f27e84c7-5364-4828-a009-2b50614bbedb,roaming_data,2023-07-23 21:21:58,2023-07-24 07:59:22,38244,587.188,+14908054262,,TWR-17261,4G,DE,449.3529,rated,0,2023-07-23
c9fc87cb-b493-4c2f-900e-a9dc33d02658,62dd8c37-41c2-4418-9b60-f07719a78e03,data_session,2023-08-27 00:08:49,2023-08-27 09:05:24,32195,12.808,+15076014840,,TWR-45310,5G,,40.6385,rated,0,2023-08-27
fad3a294-f6e2-4b85-8880-d31463db534c,36f2604b-c113-4412-b776-c7b344a0dc1d,data_session,2022-01-13 23:51:42,2022-01-14 11:43:20,42698,848.104,+15468252335,,TWR-36318,WiFi_calling,,887.3734,rated,0,2022-01-13
8e2ea0b2-ddb5-4783-ad46-6c607c36e97e,a2bf2282-f52b-459f-88d8-66384f316e27,data_session,2023-04-18 08:28:40,2023-04-18 09:20:28,3108,1357.442,+17245664882,,TWR-14927,3G,,62.0779,partial,0,2023-04-18
0ebd50b7-4efb-43de-ad7e-0bdf727b8a2c,e6eb2a57-ed7a-4aef-8349-7f3df8f08795,sms_mt,2023-08-24 19:31:23,2023-08-24 19:31:23,,,+13753646076,+18749241263,TWR-50607,5G_NSA,,0.0,rated,0,2023-08-24
f10bd41b-eb31-45b5-a2aa-40856f807e3e,8fad7af3-c99f-475b-99ce-e26bdf3bb5a9,roaming_data,2023-08-18 03:37:29,2023-08-18 08:44:19,18410,6225.611,+13524653031,,TWR-74130,3G,DE,880.3155,unrated,0,2023-08-18
a286afdb-cded-4c8a-8b1c-43247c7ef05e,efd9db89-8b90-4969-8c57-e7bf2234447d,voicemail,2024-04-13 10:53:29,2024-04-13 11:40:15,2806,,+16445772226,+14023030775,TWR-37207,4G,,9.079,unrated,0,2024-04-13
6dec3ce2-38f3-4137-8377-41d8c9da818f,cafd935b-5431-49f1-b4aa-023b342a1844,data_session,2022-04-23 22:55:04,2022-04-24 15:38:38,60214,3280.325,+18614232249,,TWR-44207,5G_NSA,,1243.2149,rated,0,2022-04-23
386abfe6-1bf7-4180-9faa-45734fcb2a70,39ad47c8-8b41-406d-8d44-92218d1fe14a,sms_mt,2022-08-07 15:20:28,2022-08-07 15:20:28,,,+18230964837,+12687160876,TWR-38288,WiFi_calling,,0.0,rated,0,2022-08-07
b68d8fb3-ba4a-41ad-bf1b-202415cac59a,97fe3aac-fd74-4cec-bdd3-ee9cf4721835,voice_mt,2023-01-27 19:19:41,2023-01-27 21:06:28,6407,,+19484548255,+19286165695,TWR-21508,5G,,49.5229,rated,0,2023-01-27
4b94d9d8-257d-4a76-9e8d-77cfd552023b,c762ccda-7051-4195-b4fc-539bf72d7424,roaming_data,2024-02-22 00:08:57,2024-02-22 05:01:28,17551,3837.122,+18114690687,,TWR-96136,WiFi_calling,DE,444.6638,rated,0,2024-02-22
5f7d2ea4-1fb9-4680-895f-028e9d7af718,a98cf2b2-c701-4e95-aed6-f3cb56810487,sms_mo,2023-09-07 13:02:03,2023-09-07 13:02:03,,,+12520339242,+13521856744,TWR-17316,5G,,0.0,rated,0,2023-09-07
4261e4d7-429c-46d9-8c6c-72741f8138af,816a1c73-49af-41fd-b211-fbeecb412670,data_session,2022-01-05 11:59:12,2022-01-05 13:53:18,6846,1803.812,+12562058546,,TWR-29072,WiFi_calling,,266.1641,rated,0,2022-01-05
c719a122-3564-449b-8c77-671f69727c1d,c3bcb325-b17b-424b-a2dc-299b90a4f16b,voice_mt,2022-07-09 05:28:03,2022-07-09 06:15:50,2867,,+16261331454,+18761230574,TWR-16726,LTE,,45.4015,rated,0,2022-07-09
335c301f-3318-4206-a2c6-43c36844c82c,490b6213-e365-47e1-8872-995a3b0044c6,voice_mo,2022-08-10 20:27:47,2022-08-10 22:26:56,7149,,+16107887602,+19580007481,TWR-33462,3G,,229.132,rated,0,2022-08-01
e6989d3f-dc9e-4167-b95c-df0eeeb94633,1c83e0e7-848e-4657-9450-b6c22cb30dde,voice_mo,2024-01-21 03:30:13,2024-01-21 05:00:39,5426,,+19658224995,+17761013077,TWR-86767,WiFi_calling,,163.585,rated,0,2024-01-21
3a5b255b-1064-40b4-a233-ffc6088aef8b,8d38b0e8-9ff9-4f32-ae06-5309003b6bc4,data_session,2022-10-11 10:45:27,2022-10-12 09:09:29,80642,6087.957,+18429736996,,TWR-56374,4G,,3593.1334,rated,0,2022-10-11
0be170bd-a349-47be-9d63-d8a02bd0a9a9,68aea490-a574-4660-9610-07f36263702e,sms_mo,2023-01-13 23:51:01,2023-01-13 23:51:01,,,+14579099512,+12717463194,TWR-89365,4G,,0.0,rated,0,2023-01-13
33727c03-3c72-43a5-adb5-0fa964dcdd50,9c5cc4f2-067d-4fbc-b1ee-1b87c02e3c9d,roaming_voice,2022-10-13 15:30:39,2022-10-13 16:27:06,3387,,+15200852945,+13681766534,TWR-83131,3G,,127.473,rated,0,2022-10-13
4c4300ae-f4d8-45d7-87b7-9415c864ff5a,cb632207-5792-451e-876a-f0ba0407b352,voice_mo,2023-07-07 14:54:33,2023-07-07 15:35:20,2447,,+15614305082,+17243972078,TWR-68061,3G,,111.5942,rated,0,2023-07-07
dd285260-cd9d-494e-91eb-40faec7ca897,f14cf63d-59a2-4e41-8281-9e2e8430b475,roaming_data,2024-04-29 09:06:52,2024-04-30 02:59:50,64378,3030.546,+16182040392,,TWR-72534,3G,CA,1126.0103,rated,0,2024-04-29
8f213847-7dc2-48dc-80ee-938427868fa6,7a419922-5d73-4719-ba23-6bf041151b0b,voicemail,2024-08-10 17:24:35,2024-08-10 17:50:52,1577,,+15786673416,+13817663588,TWR-65760,WiFi_calling,,62.1407,rated,0,2024-08-10
8bd6da0a-8872-45aa-9e6b-96e05c747bb3,0c8f9678-a722-4bcf-aef2-24978637a1b1,data_session,2024-09-28 20:30:55,2024-09-29 13:49:12,62297,5157.368,+18361293695,,TWR-65760,5G_NSA,,481.8421,rated,0,2024-09-28
a0cb4363-f472-467e-8ef7-551ba44bf9df,6b42aa2a-aa65-429a-9649-7508d4190b26,sms_mt,2024-12-03 03:29:12,2024-12-03 03:29:12,,,+18688825379,+17315308318,TWR-63127,4G,,0.0,rated,0,2024-12-03
41848db0-e021-4e0e-9bd7-45da4cdfe555,1a8c7ecc-e798-44d3-a936-8b4acf2e06f2,data_session,2022-03-12 04:00:15,2022-03-12 22:55:27,68112,3805.49,+17982661355,,TWR-63516,5G,,2255.7819,unrated,0,2022-03-12
f128817d-2eee-4135-9b60-3cd82c088b70,1637c1a2-4870-4269-82b9-ba55603744ee,voice_mo,2023-08-02 22:04:00,2023-08-02 23:19:24,4524,,+13514674170,+16189889687,TWR-72409,4G,,181.3217,rated,0,2023-08-02
6503d86a-7585-4626-8410-68aeb072590e,dd6d48d1-9031-40c6-95d8-577c6c42a70e,roaming_voice,2022-05-18 18:42:33,2022-05-18 20:00:10,4657,,+14745135182,+16649934231,TWR-36224,4G,IN,134.939,rated,0,2022-05-18
4fbcf8d3-f893-434b-ab2f-cde1acc76bea,dd7bfeef-d323-426d-9de8-1846d577fdba,sms_mt,2022-12-10 19:48:55,2022-12-10 19:48:55,,,+18986440523,+18997204699,TWR-75948,3G,,0.0,rated,0,2022-12-10
e8360696-6734-467c-8815-b746f25707fb,9dc19ef3-6d0c-460d-97ee-249743205e57,voice_mo,2024-09-12 02:35:30,2024-09-12 02:42:43,433,,+17540851711,+18297380237,TWR-62772,3G,,0.4434,rated,0,2024-09-12
b59d7786-18b5-43b7-a4f9-a08058ab6c8c,9a668744-4d46-4385-873c-10b16a5349c0,sms_mt,2024-02-28 16:33:56,2024-02-28 16:33:56,,,+16406026940,+17072643607,TWR-96581,5G,,0.0,rated,0,2024-02-28
6ff88266-7e05-4496-a022-c6b080ccf52d,b44cec04-4330-4d3b-b0de-0e4401d3977d,voicemail,2022-09-11 04:18:05,2022-09-11 04:30:05,720,,+18071276442,+13921124649,TWR-63516,WiFi_calling,,26.4833,rated,0,2022-09-11
da3322eb-177b-49f5-8d17-4a08fd724e28,922f4c01-9994-4972-8411-0e77697d89c5,roaming_data,2024-10-21 04:27:31,2024-10-21 20:03:30,56159,800.224,+17354597344,,TWR-34373,5G_NSA,FR,2330.059,rated,0,2024-10-21
3fe92ca8-171e-4847-ba4b-429314a82b14,1bb3bd6d-933f-4673-ab66-5e612c42d27a,roaming_voice,2024-05-26 21:26:17,2024-05-26 22:45:43,4766,,+18864494711,+17680420646,TWR-81495,5G_NSA,DE,158.851,unrated,0,2024-05-26
2009dec0-1b03-45b9-bbed-6249cc41d168,63c3e5ce-bba6-4e92-81af-a532226d7fc7,roaming_voice,2024-05-09 18:44:43,2024-05-09 19:18:07,2004,,+14032332904,+18710915316,TWR-37864,5G_NSA,DE,14.937,unrated,0,2024-05-09
4e7a97a2-ce8d-43d6-aa35-65be0299429a,ce39e10d-46fb-40f3-b9aa-88099a6e1d6c,sms_mo,2022-07-11 06:37:34,2022-07-11 06:37:34,,,+15552472566,+12970485992,TWR-55269,WiFi_calling,,0.0,rated,0,2022-07-11
025ca172-19eb-40a1-9b78-3f465a612944,daabcaba-fd5c-454a-8d09-fdfb005e693c,sms_mt,2022-10-06 14:35:29,2022-10-06 14:35:29,,,+19562575033,+13916481665,TWR-21775,5G_NSA,,0.0,rated,0,2022-10-06
2d6613ca-49d1-4d6a-bdf9-1b324a2a3048,8b110204-07f9-4485-9d98-2cd73d9088a0,roaming_voice,2024-11-26 22:44:05,2024-11-26 23:23:23,2358,,+16083739613,+18558490789,TWR-52021,4G,FR,33.4358,rated,0,2024-11-26
4a317c81-1f62-425b-af67-51a2bd9da6e8,0510eb97-c380-4700-861a-540f623f2611,roaming_data,2024-10-28 13:00:39,2024-10-29 05:18:06,58647,714.642,+12430564412,,TWR-59670,WiFi_calling,CA,1341.8202,unrated,0,2024-10-28
c9493137-d88d-470b-a05a-6bae0413752e,28442452-4c09-4795-8223-c9abbd09dd91,sms_mt,2023-05-30 19:53:29,2023-05-30 19:53:29,,,+18528517799,+14076658418,TWR-40174,3G,,0.0,rated,0,2023-05-30
4820a19c-b65d-4220-8b7d-f5fd35bce2c6,36fe7fd7-2d32-4eb0-b45d-ad7a54f9e0bb,voicemail,2022-07-24 20:12:44,2022-07-24 21:13:41,3657,,+18451533904,+14327138870,TWR-40180,5G_NSA,,70.6038,rated,0,2022-07-24
e1392dab-3fff-4b01-8ece-e3bd3b37418d,4fad9e4f-0372-48d2-a053-eb15027893b7,sms_mo,2022-09-22 06:10:22,2022-09-22 06:10:22,,,+18663053811,+12280677904,TWR-60870,5G_NSA,,0.0,rated,0,2022-09-22
dda12b8f-df0f-4e11-aa74-d37725205c8c,00eef90a-f02a-414d-87ab-2747890028a4,sms_mt,2024-07-29 02:34:45,2024-07-29 02:34:45,,,+17468557479,+17824608832,TWR-98912,3G,,0.0,rated,0,2024-07-28
ff856191-46e7-4422-acd1-5e2669c966ca,6fddc94c-73a2-4c64-bfd1-a81770fd13a0,data_session,2024-04-25 20:52:08,2024-04-26 09:57:38,47130,5367.389,+15043223257,,TWR-79574,LTE,,1686.6631,rated,0,2024-04-25
ee19d9b4-935d-42f3-ae89-4659535d0df4,89869cfe-03a8-4fa2-8f00-9a1ac0962204,sms_mo,2023-06-24 06:46:07,2023-06-24 06:46:07,,,+19699979711,+14879768720,TWR-80599,4G,,0.0,rated,0,2023-06-24
e8bbf1ea-fc10-4bcf-91f0-44e88ccdccaa,1ef2d552-59e8-44f2-8b37-c185b46255a3,sms_mt,2022-12-10 17:33:17,2022-12-10 17:33:17,,,+13676833392,+19551727665,TWR-35907,3G,,0.0,rated,0,2022-12-10
d3945aec-196a-43fe-adc3-10de125ac620,931f378e-470d-4a8c-86b1-cbc341668927,roaming_data,2023-11-23 05:07:52,2023-11-23 06:46:29,5917,2806.413,+12969872930,,TWR-38652,4G,MX,131.2886,rated,0,2023-11-23
3b0dc85b-f375-4e12-87a5-6e0a59579e65,bd2df770-ff14-41cc-a867-9d611285f70d,sms_mt,2023-03-17 12:30:44,2023-03-17 12:30:44,,,+14876941581,+14389561545,TWR-75954,4G,,0.0,rated,0,2023-03-17
fc7f2f59-ddf6-4fc0-ace4-22eaa7a5d531,1db715e0-22ae-4680-b1c3-48ab279f4742,roaming_data,2023-10-24 05:21:55,2023-10-24 10:20:36,17921,7779.031,+16827263377,,TWR-50718,WiFi_calling,US,660.6326,rated,0,2023-10-24
d8a084ad-b659-49ec-91a2-0f16a2a7dedb,de9aa901-c1ac-4c10-9e89-8d37d859ff8a,roaming_data,2023-06-15 20:29:33,2023-06-16 04:41:37,29524,2952.04,+15522209966,,TWR-89696,3G,MX,842.0252,rated,0,2023-06-15
2fe99a9b-37f5-45c7-abcb-b391ed7e49a0,815346f2-001e-4939-90b5-a5e7babe8f24,voice_mo,2022-11-08 22:14:04,2022-11-08 22:19:30,326,,+13463622564,+17153585097,TWR-13054,3G,,6.7594,rated,0,2022-11-08
e47c1a52-5ad1-4872-89a1-a966f70e28e1,6aaf3aee-c424-409b-b0ad-0a4f59dc4039,voicemail,2023-05-13 10:14:30,2023-05-13 11:48:44,5654,,+18750611292,+19433409986,TWR-93942,WiFi_calling,,198.6965,unrated,0,2023-05-13
fc96e8a8-e081-4685-9804-5ed6132672b6,ef9e380e-2839-4461-bf65-7c14b2ab5f80,voicemail,2024-01-12 12:13:17,2024-01-12 12:14:18,61,,+13647602943,+19826510426,TWR-27464,4G,,0.7479,rated,0,2024-01-12
bbd0f0c8-8c00-47ac-95a3-1765733359ea,c39bd25f-98a7-4ec4-8a29-efa46e354c27,data_session,2024-09-06 07:24:39,2024-09-06 23:43:11,58712,6101.054,+18991698892,,TWR-64922,LTE,,2783.114,rated,0,2024-09-06
6c6c9035-3eb8-447f-8320-34336ab6bf61,28442452-4c09-4795-8223-c9abbd09dd91,voice_mo,2022-05-07 17:09:47,2022-05-07 17:30:07,1220,,+14944744210,+18907250705,TWR-67678,5G_NSA,,39.5549,rated,0,2022-05-07
6af20d9b-4688-4b67-bd39-98fedd225ae5,9a3dc3a6-6d6a-4171-99a6-d6779c557b20,voicemail,2022-08-08 17:49:27,2022-08-08 19:12:24,4977,,+15534437831,+16239434615,TWR-99635,LTE,,153.1409,rated,0,2022-08-08
c03a191d-be73-4f7a-b596-208e13d17516,572646b3-688c-4902-a1ab-83404f7987f9,voicemail,2023-03-12 09:58:53,2023-03-12 11:05:28,3995,,+17408204690,+14588829801,TWR-98381,4G,,10.4136,rated,0,2023-03-12
810253d5-369d-4b5c-ac7d-b49c0e635c43,28fb8c05-25b0-4b94-88d4-a10044a3fd2b,roaming_data,2023-01-26 02:35:30,2023-01-26 20:50:40,65710,4793.18,+19897306318,,TWR-33284,5G,JP,2576.5285,rated,0,2023-01-26
d46709e9-3232-4ba2-b839-075b4fcb51fb,6186a91e-07e7-446b-b559-027b3d26b793,voicemail,2022-10-09 14:58:13,2022-10-09 15:55:41,3448,,+18110459187,+12036812939,TWR-66481,4G,,74.8677,rated,0,2022-10-09
faf57d4a-c3f6-4173-b7a0-bc65264b67d3,661c3d53-e41e-42d9-bcdf-2117ff74dd75,data_session,2023-07-19 09:38:59,2023-07-19 22:59:14,48015,2232.928,+15594101485,,TWR-35907,5G_NSA,,1866.4742,rated,0,2023-07-19
706bbbae-3a34-4804-bc3e-7db0a5995a9a,b1d1233f-f0c4-412c-90ba-55c8ccd5a895,voice_mt,2023-07-19 12:51:24,2023-07-19 12:52:03,39,,+15753175499,+14902847619,TWR-37864,WiFi_calling,,1.9171,rated,0,2023-07-19
5bafa90d-30cd-4535-adce-413e52c87751,490d24af-5581-468d-8b29-15870f8fb44e,roaming_voice,2024-08-20 09:22:24,2024-08-20 09:39:00,996,,+14132674163,+16114439194,TWR-47711,4G,GB,26.1563,rated,0,2024-08-20
21c3d959-81a5-494d-9eec-8ac9a9607926,3e3fa0a1-1bdb-4fdd-a145-e54cff27a5a4,sms_mo,2023-10-15 23:17:57,2023-10-15 23:17:57,,,+18317403157,+12239268250,TWR-50607,LTE,,0.0,rated,0,2023-10-15
ad3928d1-7cd9-437b-888f-e40b6e48af12,302f29a5-1214-4d25-a28f-a32a6f5a1535,voice_mt,2024-11-01 13:54:18,2024-11-01 15:37:41,6203,,+13654768975,+13518736771,TWR-63723,4G,,103.6782,rated,0,2024-11-01
d9116496-7935-4323-b92b-7e2f31587fc5,fe930972-b468-43c1-a74b-f8afa6fa9a37,voice_mo,2023-08-16 17:09:08,2023-08-16 18:31:05,4917,,+19187737054,+18474286619,TWR-98912,3G,,50.0449,rated,0,2023-08-16
15bfe25b-324a-4bb6-9024-f96212117fb6,d890a573-c3cf-4102-857d-78f57971ccf8,sms_mo,2022-10-26 02:52:22,2022-10-26 02:52:22,,,+14689353713,+17420604549,TWR-52021,5G_NSA,,0.0,rated,0,2022-10-26
b8ccd06a-2e6f-40ad-8f06-4baee066b79a,02d41c0a-4baf-4805-9d7c-3f217ada85e7,roaming_data,2024-09-14 13:50:45,2024-09-15 05:31:16,56431,7481.574,+19620616930,,TWR-54408,4G,CA,2042.7456,rated,0,2024-09-14
cd6e10ea-43c5-4aeb-aff5-a8811963e22f,a4d22bd6-f6d3-4cf2-8d05-275128fa5d56,sms_mo,2022-06-27 22:36:57,2022-06-27 22:36:57,,,+16648166770,+16562760215,TWR-80599,5G_NSA,,0.0,rated,0,2022-06-27
82629881-db7f-46e7-a4de-c0e3e1abfb32,d44625a6-d861-4492-9389-54e9058cfdba,sms_mt,2023-06-10 07:41:11,2023-06-10 07:41:11,,,+17362557056,+13198972761,TWR-92839,3G,,0.0,rated,0,2023-06-10
3ade8e53-9845-4ef6-a1bf-7168b0222707,28800d8e-5a32-416a-a102-9a449ab3c429,sms_mt,2024-07-21 23:23:10,2024-07-21 23:23:10,,,+17802762143,+14669452684,TWR-21348,WiFi_calling,,0.0,partial,0,2024-07-21
c9310fe2-d7f0-4393-a0ae-10f9c700b24e,5fbbdbdd-56bb-4f40-9f57-2e1d2ee95387,voice_mo,2024-07-02 22:23:32,2024-07-02 22:33:35,603,,+19593462395,+19889025957,TWR-75697,WiFi_calling,,20.5387,rated,0,2024-07-02
57520871-b899-46a1-847c-7398cd12c54f,fa4f10a1-919c-436e-880e-8f5fcec04c3d,voice_mo,2022-05-30 18:05:09,2022-05-30 18:54:40,2971,,+17286140010,+18768433675,TWR-11461,5G_NSA,,11.1302,rated,0,2022-05-30
d3bab849-037e-4653-a56a-26f77e2bbe81,a1cd6938-488b-4c2d-a8df-3c77cdb0418b,voice_mo,2022-09-30 02:28:53,2022-09-30 03:58:02,5349,,+15445629560,+15866730166,TWR-36318,5G_NSA,,213.3363,unrated,0,2022-09-30
84ede4c6-4e2b-40f1-8a6d-257fb21f5979,d2794ce9-b02c-401d-8a25-f1dbff1ff9ab,voicemail,2023-06-18 13:27:22,2023-06-18 13:34:57,455,,+16807956793,+14615690600,TWR-35907,3G,,1.6746,rated,0,2023-06-18
b433bf4c-2ab2-4130-b9f6-a26ecd28b912,46e76a80-4480-441b-a1ef-4872ad87413c,voice_mo,2023-03-01 08:53:17,2023-03-01 10:52:27,7150,,+17903311195,+13620993049,TWR-35333,WiFi_calling,,13.1434,rated,0,2023-03-01
04e6608d-f902-429c-80b6-ce3a909af6f9,fc4f7b93-4d92-458e-acf2-f5879c584ce2,roaming_data,2023-10-08 21:26:27,2023-10-08 21:48:51,1344,1549.727,+16808222329,,TWR-64922,3G,JP,67.0033,rated,0,2023-10-08
ebf019d8-ee49-46b0-add9-aa403801c7ee,d890a573-c3cf-4102-857d-78f57971ccf8,voice_mt,2024-09-23 00:25:30,2024-09-23 00:57:37,1927,,+18724934651,+18905343230,TWR-60209,3G,,37.6889,rated,0,2024-09-23
c5f0470b-cd3b-4971-8884-47bccbb3d62e,f12fa493-531b-490d-94f4-1446d8696c9f,roaming_data,2024-10-19 10:55:15,2024-10-19 16:44:46,20971,6348.724,+18498454798,,TWR-33071,4G,FR,934.431,rated,0,2024-10-19
88de595c-9810-431e-91a3-fcfe300e96f1,40a2bdea-3a5c-4edb-9add-629887191eb4,sms_mo,2023-07-25 09:37:30,2023-07-25 09:37:30,,,+18006402456,+17422725601,TWR-36224,5G_NSA,,0.0,rated,0,2023-07-25
b3e47f97-2430-4174-8fd8-06c2e1409529,228c828c-fd81-4e24-9e9b-a24638c49333,sms_mt,2023-09-26 05:58:23,2023-09-26 05:58:23,,,+15014465711,+13088401496,TWR-57409,WiFi_calling,,0.0,unrated,0,2023-09-26
8475545b-7679-4aff-8593-6caa922726e5,50e81d82-63db-40d5-8066-1677ce111935,sms_mo,2024-04-20 05:12:13,2024-04-20 05:12:13,,,+16546129090,+17847906355,TWR-40174,5G,,0.0,partial,0,2024-04-20
727bb618-d678-42df-8fa2-465dcebb9176,9d1dcf36-7c77-455f-94f9-8d5fd9c20f07,voice_mt,2022-09-15 07:49:46,2022-09-15 08:52:58,3792,,+16800456693,+12771374144,TWR-16249,4G,,138.1664,rated,0,2022-09-15
309787dc-eb48-4f35-875e-7f8279f3aa62,8d58254e-ae02-4c54-9a24-08be1a754784,sms_mt,2023-08-07 00:04:47,2023-08-07 00:04:47,,,+17616056094,+16311855268,TWR-33462,LTE,,0.0,unrated,0,2023-08-07
ec0ea4e4-e0a4-47ed-b3e3-65956e3c2b0c,af67c398-416c-4871-bb24-6ba0dabe5b2d,roaming_voice,2022-02-10 19:48:02,2022-02-10 19:57:58,596,,+18064391192,+15895128382,TWR-95637,3G,DE,17.253,rated,0,2022-02-10
126018d7-1662-4189-a67a-f7a85444c8c6,5de46ca8-14e0-4aca-bcf4-1c1264b593bb,voice_mo,2022-10-06 03:31:43,2022-10-06 04:42:03,4220,,+12255398860,+15916885032,TWR-84306,4G,,15.5646,rated,0,2022-10-06
c32f8b75-aecf-4e18-a2a4-a35a895ab6cb,a0ab67fb-0a28-4f1f-b9df-17f29e586e4c,roaming_voice,2024-08-03 00:16:01,2024-08-03 01:22:31,3990,,+19136391604,+12459699768,TWR-77981,5G,BR,62.9181,rated,0,2024-08-03
a6769e86-29fc-4c30-a6b7-e3ad6f923309,014d0cea-8116-420c-835d-61642f9fdc4d,voice_mt,2023-08-15 13:44:57,2023-08-15 14:10:50,1553,,+15283767240,+16732208389,TWR-88569,WiFi_calling,,25.5142,rated,0,2023-08-15
4c78c1e2-e5d9-4de4-93e8-5937ac854d3f,af9df37f-c38c-4ad0-bb95-d53d5f1a44fb,voice_mo,2023-06-08 21:18:31,2023-06-08 23:16:35,7084,,+12057183842,+17892075961,TWR-93942,WiFi_calling,,184.9084,rated,0,2023-06-08
f0cf1e31-3182-4738-9e49-faac30185da3,db905967-590d-4e4d-ae59-15a62cc5c735,roaming_data,2023-06-18 06:52:50,2023-06-18 17:26:20,38010,3981.489,+15140740034,,TWR-58889,3G,CA,1701.5959,rated,0,2023-06-18
9ba394e0-188c-4043-b097-68ee73d75af1,78654647-1a43-4529-8e5c-3ec901daf293,roaming_voice,2024-04-11 23:34:16,2024-04-12 00:56:38,4942,,+12294815154,+14961481437,TWR-43761,WiFi_calling,MX,176.5204,rated,0,2024-04-11
09dbcf24-8d21-4e8e-8039-aa6bee24a6cc,3fc64d6f-ff54-4441-8405-82ea9464c5db,voice_mt,2024-11-25 07:59:11,2024-11-25 08:28:49,1778,,+18008439015,+12219056344,TWR-54228,3G,,36.4396,rated,0,2024-11-25
eff191be-2318-4bf4-81d7-8df1b0eecbc7,cd573bbc-bdaa-44f4-b1be-00e8d978645c,roaming_voice,2024-02-28 19:24:08,2024-02-28 20:24:26,3618,,+17850451278,+14515450324,TWR-27160,5G_NSA,MX,137.8829,rated,0,2024-02-28
896e1b9e-c3c0-4764-ab90-c0995602a26d,64d5d3d1-5547-4de9-9b27-ddd2e0a152af,voicemail,2024-12-07 12:55:18,2024-12-07 14:49:32,6854,,+19582725409,+12734595452,TWR-59670,5G_NSA,,67.4777,partial,0,2024-12-07
2bcb5708-8c5c-46d9-8fee-607efd09f0a4,4b860a57-d3b1-42fc-9579-b3cee830df02,roaming_voice,2023-07-27 05:03:04,2023-07-27 06:12:13,4149,,+12686675698,+18419519376,TWR-55269,4G,GB,127.8193,rated,0,2023-07-27
00c5a5c2-2765-4b54-9deb-c55998e5bbc3,71fdf0f1-8a63-4039-896d-e59fdeb52bd0,roaming_voice,2024-06-29 09:55:31,2024-06-29 09:56:42,71,,+15675562835,+18107699362,TWR-60209,4G,CA,2.1916,unrated,0,2024-06-29
150a917d-09dd-452d-bc79-a9044ea8e0c6,2fe8ad4a-5310-4506-a0ea-8119eb56956b,sms_mo,2024-09-01 12:44:05,2024-09-01 12:44:05,,,+18082967299,+19780942838,TWR-75948,WiFi_calling,,0.0,rated,0,2024-09-01
23bef0d2-5fe5-4c4d-b1bc-02fef895d9ab,1399d47a-677b-4e20-93ff-d5205c07e7a4,sms_mt,2022-05-16 18:13:02,2022-05-16 18:13:02,,,+15897202994,+16107112848,TWR-56568,5G_NSA,,0.0,rated,0,2022-05-16
3bb93448-dcbe-4a82-9415-141e604ab420,ad6885e2-a94a-4240-9c14-8bb985522cf5,voicemail,2023-09-02 02:30:30,2023-09-02 03:32:55,3745,,+15469864389,+18413475960,TWR-28830,LTE,,51.2334,rated,0,2023-09-02
5229681f-9537-4bb6-a0e1-16612d3a7e63,d2faa0b7-6b12-4a20-939f-1d19645d1b8b,voice_mo,2024-04-15 07:09:38,2024-04-15 08:53:55,6257,,+14879622366,+15438005923,TWR-97396,WiFi_calling,,55.2197,rated,0,2024-04-15
886e7927-c2a7-4cf4-94b7-9419b1da51ad,f7119b12-059b-478a-9550-5122ff29e145,roaming_data,2024-01-08 10:17:46,2024-01-08 10:40:28,1362,6975.858,+17360917830,,TWR-21274,WiFi_calling,CA,55.0297,rated,0,2024-01-08
a6fb5cc3-93db-4457-863f-20b7eae076f1,5bfdcf56-2c48-4fe6-b5b2-49e7badc187a,sms_mo,2023-09-10 09:12:27,2023-09-10 09:12:27,,,+19816632138,+17215546768,TWR-70647,WiFi_calling,,0.0,rated,0,2023-09-10
aff25838-5b00-4c1e-823b-5933a167d488,9ce243d9-a541-42ab-aa9f-7ceec453baa8,roaming_data,2022-04-04 10:08:07,2022-04-04 22:43:52,45345,5928.395,+19686675607,,TWR-96136,LTE,JP,98.3059,rated,0,2022-04-04
2cbafb11-7e52-4a21-931c-8ef76ebfa6a3,44a084bc-68b4-4b0d-95f3-6d6851c09a36,voice_mo,2024-10-07 08:34:28,2024-10-07 09:07:13,1965,,+19020248745,+15803045252,TWR-67678,5G_NSA,,72.4206,rated,0,2024-10-07
6e4594d0-d15d-4da2-85bd-6ef682d1ed69,bf5740b3-57f6-482a-bb88-5244dd8f434f,voice_mo,2023-11-30 10:20:21,2023-11-30 10:56:30,2169,,+12109052168,+17652357488,TWR-40174,5G_NSA,,36.0099,rated,0,2023-11-30
de654eae-c918-4097-a098-ed9a4bbcdcea,f4622296-957f-463e-bf1f-6ddc3526fb21,sms_mo,2023-03-18 17:45:16,2023-03-18 17:45:16,,,+17588034018,+14164510569,TWR-74130,4G,,0.0,rated,0,2023-03-18
1f22574f-f60c-4a5e-9f1e-772c1a1d3f22,15596ebf-fafc-4ff5-83cd-d65a22e9f1b6,sms_mo,2022-05-08 06:03:09,2022-05-08 06:03:09,,,+13151895162,+15776604626,TWR-97164,3G,,0.0,rated,0,2022-05-08
664ad4ed-3815-4e3e-a7d9-e01ea1034cdb,34c9ddae-c07d-4441-8e96-0164a7fbfba5,sms_mt,2022-06-13 13:08:32,2022-06-13 13:08:32,,,+17452864365,+13275272720,TWR-58624,4G,,0.0,rated,0,2022-06-13
5996a7bd-4b9a-4d1e-9fa5-7049cbf658b5,d09b21f3-bc49-4af3-a60f-36939dea1473,roaming_voice,2023-12-09 20:43:21,2023-12-09 21:54:03,4242,,+13505009157,+16273216979,TWR-16249,WiFi_calling,CA,204.2447,rated,0,2023-12-09
5603d3e2-f6cb-4793-8244-6c256f33f687,4b860a57-d3b1-42fc-9579-b3cee830df02,sms_mt,2024-11-03 00:00:48,2024-11-03 00:00:48,,,+13746663579,+16051648898,TWR-45310,3G,,0.0,rated,0,2024-11-03
558e8a60-b2e2-4033-af8e-fe50b6773b72,a289cd21-27ee-43a6-b908-74843b30902a,roaming_data,2023-12-13 16:39:14,2023-12-14 08:46:46,58052,7158.146,+15925213334,,TWR-87123,5G_NSA,FR,2287.791,rated,1,2023-12-13
cdfc9e19-2ff5-488b-af66-533ab5fb677c,e2744243-ad2b-4120-80c3-561dbb3d2dd3,sms_mt,2023-07-20 06:20:12,2023-07-20 06:20:12,,,+16629011772,+15182617292,TWR-66481,3G,,0.0,rated,0,2023-07-20
b303e813-5e70-45c0-9045-499cdd13ba73,fdac022e-a55c-4ca8-b131-13160effb175,sms_mo,2022-02-18 07:27:08,2022-02-18 07:27:08,,,+17358274874,+14816785781,TWR-67896,5G,,0.0,rated,0,2022-02-18
6ccd756c-5674-41a9-881e-57ae27a8bd1a,62c33d18-6328-442b-b74d-4d63c294e099,roaming_data,2023-01-16 13:48:53,2023-01-17 07:23:36,63283,5541.447,+13463954147,,TWR-53214,5G,JP,2674.8176,rated,0,2023-01-16
b34b95a6-2db7-4c2f-a40d-b6646a28ae9f,7204670c-94ea-4495-8429-281763530c19,voice_mt,2022-08-22 07:50:23,2022-08-22 09:03:15,4372,,+12139662614,+17055748330,TWR-25363,LTE,,137.6471,rated,0,2022-08-22
bcc84ff9-da07-46af-8403-8a2956b59bba,28800d8e-5a32-416a-a102-9a449ab3c429,sms_mt,2023-11-08 15:54:41,2023-11-08 15:54:41,,,+15621379339,+17736110038,TWR-78603,5G_NSA,,0.0,rated,0,2023-11-08
6a0ffd9b-1f91-43e3-8b38-66117c465c66,f88b6fb5-1b42-4c6a-ac5e-142469ffe7c5,roaming_voice,2023-05-12 07:06:34,2023-05-12 08:38:34,5520,,+14547583388,+13904329760,TWR-75422,WiFi_calling,FR,103.4424,unrated,0,2023-05-12
80754e1f-44e1-4c3e-a2e5-754e9368579f,0a377cad-59bd-4719-bdb9-4d7b364caa26,sms_mt,2022-10-11 20:32:39,2022-10-11 20:32:39,,,+19650221225,+18879460432,TWR-28731,5G,,0.0,unrated,0,2022-10-11
ce273b4f-8328-42e1-8328-9a4eab446aee,2b331a27-7545-474d-b6c3-322b3be09f64,data_session,2022-11-08 21:14:07,2022-11-09 18:41:58,77271,3122.845,+19425452516,,TWR-33284,3G,,2675.6077,rated,0,2022-11-08
73810f34-597f-41fe-b36a-439b75f5c461,1c83e0e7-848e-4657-9450-b6c22cb30dde,data_session,2022-09-20 04:25:10,2022-09-20 22:46:09,66059,1593.065,+17483174676,,TWR-35907,3G,,1069.5161,rated,0,2022-09-20
513c2796-f405-4baa-93d5-441063c5204a,4cf062c3-160e-40cd-8319-2c2baf0dc609,voice_mt,2022-04-18 12:30:56,2022-04-18 14:30:31,7175,,+14606082561,+14752490712,TWR-42562,4G,,300.5911,rated,0,2022-04-18
1a05e243-affa-4bc6-a8ec-93e709b50446,7a8e19a6-114b-42ed-8008-277f30281dbc,voicemail,2023-12-16 00:18:00,2023-12-16 01:58:57,6057,,+15970420648,+18217211691,TWR-65732,5G_NSA,,240.072,rated,0,2023-12-16
69b3b106-44c0-4cce-aa0e-75ad54c620f3,93e90e8f-0347-4bce-b72b-1eb4a035824b,roaming_voice,2023-11-27 06:33:16,2023-11-27 07:05:09,1913,,+18526754757,+18569611906,TWR-54139,LTE,CA,51.3626,rated,0,2023-11-27
fb13986b-0919-4056-a98a-c32936a30c9e,59e565e8-cd06-4e4e-ad9e-802a705d387e,roaming_data,2024-03-01 14:50:09,2024-03-02 00:55:37,36328,5309.978,+13128447801,,TWR-51147,WiFi_calling,BR,1254.6739,rated,0,2024-03-01
ab599d3e-2e56-40e2-9681-6ecb420a2774,e0035921-2d0e-4745-846b-20cee23f8c38,voice_mo,2022-09-19 20:58:08,2022-09-19 21:13:23,915,,+17696421842,+17807761304,TWR-75697,3G,,42.2216,rated,0,2022-09-19
18f3be59-c1c8-45d6-a741-c243d7d514ed,195ddf3c-a516-4fe7-9690-9cbffda6bce5,data_session,2024-05-27 01:22:24,2024-05-27 08:08:51,24387,6457.211,+14762832512,,TWR-88599,4G,,390.291,rated,0,2024-05-27
cdfc1303-5da7-4eb6-84b6-cea977787835,5e1fb5fc-4a0f-444d-9fd6-01bf8deaddbd,voicemail,2024-11-23 12:33:05,2024-11-23 14:06:41,5616,,+18492201238,+17974391384,TWR-33071,LTE,,214.26,unrated,0,2024-11-23
d1563aed-5fc3-4231-b827-6234463b7d4d,05f394b8-a0c1-430a-b8d8-91415525be37,sms_mo,2024-08-02 00:55:21,2024-08-02 00:55:21,,,+17953509309,+16035711554,TWR-25363,WiFi_calling,,0.0,rated,0,2024-08-02
ae0df722-f2be-4b42-ac55-e3dd83e632d3,bcc6fbd1-cbbe-41a5-a7b4-72084a88b6bf,sms_mt,2024-07-24 06:24:28,2024-07-24 06:24:28,,,+14699046550,+12388712494,TWR-28731,WiFi_calling,,0.0,rated,0,2024-07-24
1dde3baa-7baf-41e3-82e9-9274379f3367,1f02e5a7-4b49-48c0-81b3-1024c85933f2,roaming_data,2024-04-18 06:19:14,2024-04-18 12:36:49,22655,3327.981,+12124482728,,TWR-25560,LTE,,878.1624,rated,0,2024-04-18
9ba8f414-6d75-4acb-8f73-07e6f824579c,326f48db-a78b-4b68-bb26-a01fbe7ba985,voicemail,2023-02-16 02:49:18,2023-02-16 04:26:01,5803,,+13647407620,+19253268144,TWR-70647,4G,,209.4775,rated,0,2023-02-16
d43cc63c-1d1a-411b-a59d-f9243706531e,b533057f-0a1d-4200-9a70-ee15833efd3b,sms_mo,2022-05-15 16:52:07,2022-05-15 16:52:07,,,+15165820004,+19222757892,TWR-96546,3G,,0.0,rated,0,2022-05-15
39d9c997-f562-4999-bded-8430675a094a,9b46558c-cf96-46f9-97e9-26a16de4a6bc,voice_mo,2023-12-07 11:53:51,2023-12-07 12:59:43,3952,,+15461093810,+15385179428,TWR-64619,WiFi_calling,,67.8238,rated,0,2023-12-07
aec69145-7761-4bfb-b025-d642f2ec8828,e9cb0902-d239-4bec-9198-0cdc1d0c4f5d,voice_mo,2022-11-25 00:55:52,2022-11-25 01:14:46,1134,,+17694534510,+12844927736,TWR-60585,5G_NSA,,29.6275,rated,0,2022-11-25
7c5d210a-247d-404a-90e5-da25a325ca7b,43d39d50-6d26-4247-9e16-ec6325ba73f7,data_session,2024-10-28 16:05:05,2024-10-28 17:12:43,4058,7321.655,+17784232087,,TWR-91089,5G,,202.1909,rated,0,2024-10-28
3a79f1e7-37f5-4b88-adba-4f2cb64daa00,ffb47faa-2b1d-4202-823b-fa9e2556cbcf,voice_mt,2024-01-12 12:32:16,2024-01-12 13:34:06,3710,,+17626513481,+19127971860,TWR-50718,4G,,37.431,rated,0,2024-01-12
610545ce-2685-4ce2-b8b4-5158f062cce0,e69961cc-f815-401d-a554-87aff3f50c29,voicemail,2022-08-18 19:13:27,2022-08-18 20:13:50,3623,,+15348819918,+17199634371,TWR-72534,4G,,58.1369,rated,0,2022-08-18
b009ec54-fb93-49f2-863e-03a9909f9672,a9bb5689-e667-4220-b7aa-624dcd79954e,voice_mo,2024-04-20 00:16:20,2024-04-20 01:24:31,4091,,+19341858747,+17301304110,TWR-10998,5G_NSA,,184.4416,rated,0,2024-04-20
0b75e189-d958-4b9f-a2ab-fa224f52a732,9bf6a925-8721-4b0d-b8f8-9ecde90da204,sms_mt,2024-09-07 03:14:13,2024-09-07 03:14:13,,,+14745206483,+12246399927,TWR-62242,3G,,0.0,unrated,0,2024-09-07
1e7df715-564f-4b20-aeae-a1111842eeb2,12363d09-943d-43ed-a2be-765c753c883f,voicemail,2024-12-24 11:03:21,2024-12-24 11:30:00,1599,,+13074506396,+16640604359,TWR-97164,LTE,,18.4017,rated,0,2024-12-24
732f0208-fba3-4619-8baf-967477b2eaa5,523d535e-bb10-442a-ac6a-60ad583ab735,roaming_data,2023-08-31 16:01:35,2023-09-01 13:30:34,77339,6351.494,+13213143571,,TWR-66481,5G_NSA,JP,2149.6183,rated,0,2023-08-31
87e4aea0-18cf-4619-bea1-12d43269995e,6034d73e-20e3-4945-ad1d-719fe6b12f4c,data_session,2022-12-19 15:23:59,2022-12-20 12:23:47,75588,1597.259,+13095784929,,TWR-97164,WiFi_calling,,2840.3328,rated,0,2022-12-19
0d882bec-5409-4510-baea-7f2eb137aca2,9ce243d9-a541-42ab-aa9f-7ceec453baa8,roaming_voice,2023-02-01 10:13:15,2023-02-01 11:08:45,3330,,+18152712922,+13096788825,TWR-70566,5G,CA,109.3026,error,0,2023-02-01
0391ea00-5f8a-41ce-888e-2e23443112f3,fa59ce8b-c5df-433c-84aa-1a0d8a22e544,roaming_voice,2022-04-07 18:03:13,2022-04-07 19:42:23,5950,,+17550200123,+15600670017,,5G,,120.8413,partial,0,2022-04-07
a947df79-13fd-43cd-9b64-2f761ffe876a,34e17e95-93ba-418b-b55e-cd6ad402d1a6,voicemail,2022-03-23 21:24:40,2022-03-23 23:07:07,6147,,+15878764928,+13159249249,TWR-43582,4G,,268.4992,unrated,0,2022-03-23
317882ab-878f-4465-a6c6-647d5e7a72bd,acc37e4c-d5d2-4464-9b07-a7f39ddc1f8f,voicemail,2024-03-30 00:46:25,2024-03-30 02:31:23,6298,,+12065828701,+16575893979,TWR-40174,5G,,193.4751,rated,0,2024-03-30
75a57365-e9e1-44de-9dab-cea61af21cff,f14cf63d-59a2-4e41-8281-9e2e8430b475,data_session,2023-11-25 16:58:52,2023-11-25 23:38:40,23988,3204.949,+17776086984,,TWR-91089,5G_NSA,,1000.9465,rated,0,2023-11-25
a47e91d2-2ca6-49ca-8214-8e49705e40da,03fcdb1a-6069-4330-96e2-7131f8f5c9af,voicemail,2023-02-19 07:31:00,2023-02-19 09:18:15,6435,,+17743231081,+15428334539,TWR-90375,5G,,48.6419,rated,0,2023-02-19
afee429c-7285-45b5-befd-e28a834fba11,d9bfb399-3893-42bc-960d-425afd0aa493,data_session,2022-06-15 07:06:18,2022-06-16 05:04:37,79099,3531.634,+18316647027,,TWR-20874,4G,,1667.6783,rated,0,2022-06-15
a6a4a8bd-a488-46db-9f5d-5480615f3fc9,9663bf56-776b-4785-bf2d-087c7d0bb279,roaming_voice,2022-03-27 00:06:21,2022-03-27 00:58:55,3154,,+17002598363,+17628382807,TWR-60870,3G,US,59.3185,rated,0,2022-03-27
a6512155-f8b3-4175-ae13-a6b09a95a674,97053e31-78e9-409e-a507-9171f7b831aa,voicemail,2023-05-02 17:20:16,2023-05-02 18:22:43,3747,,+14362741606,+19336137275,TWR-83131,3G,,151.9974,rated,0,2023-05-02
e83f8011-b324-4266-a18d-5e517ab52f6d,2f860232-0818-4610-ad9e-85cb2b16f42b,data_session,2024-11-08 07:55:51,2024-11-09 07:05:43,83392,7770.364,+16876227697,,TWR-89203,WiFi_calling,,974.9893,rated,0,2024-11-08
1c3723b8-8204-46c1-a89e-69f9f8a7d55c,1591a111-ba43-4322-9e44-33833406b474,voice_mt,2023-03-08 19:52:58,2023-03-08 20:51:24,3506,,+18609684077,+13430903012,TWR-44207,5G,,166.3522,rated,1,2023-03-08
58e94cc7-216f-4493-9b8e-5713a1753082,ed6c422e-d1f8-439f-b7cf-9af42db375a6,voice_mt,2023-04-24 23:30:38,2023-04-25 00:16:57,2779,,+18251530618,+15234553202,TWR-14857,LTE,,96.9444,unrated,0,2023-04-24
75a16cb9-c2d8-490f-b68c-51a96c9f2bec,d18670a9-ea9e-4379-b4ad-98348d74dfd0,voice_mo,2022-11-16 18:22:20,2022-11-16 18:41:28,1148,,+19434253112,+16623879301,TWR-19132,5G_NSA,,10.9526,rated,0,2022-11-16
1b8669eb-b9ec-41d4-bb41-ebb724d01cfb,6d6ea6f1-a22b-4603-bc17-e3c8e7ddaaed,sms_mt,2022-07-01 03:28:33,2022-07-01 03:28:33,,,+13338353487,+12985526300,TWR-59946,5G_NSA,,0.0,rated,0,2022-07-01
57813832-e0ae-45f6-b95f-347b060e08e7,770bcde6-2be4-4840-b004-d1823f6ce989,voice_mo,2024-10-16 18:44:27,2024-10-16 19:54:39,4212,,+18639904584,+16850495370,TWR-52021,WiFi_calling,,124.177,rated,0,2024-10-16
00455c82-7704-42a9-9cde-bca965ed8af4,e6eb2a57-ed7a-4aef-8349-7f3df8f08795,sms_mt,2022-07-28 01:55:19,2022-07-28 01:55:19,,,+18981227751,+12019241089,TWR-50818,WiFi_calling,,0.0,rated,0,2022-07-28
2537778a-8ff6-4ac6-b392-8e7b37a26fc7,a289cd21-27ee-43a6-b908-74843b30902a,roaming_voice,2022-05-31 21:54:18,2022-05-31 22:24:01,1783,,+16136397857,+13941562482,TWR-10742,4G,IN,15.7373,rated,0,2022-05-31
2aa52fcb-b7af-4f42-892c-4692e26dcce1,fbe288ca-7078-4ac9-8a1b-279bf277b7f8,voice_mt,2023-01-11 10:47:14,2023-01-11 12:06:12,4738,,+17300794741,+17985181253,TWR-78603,5G,,160.1077,rated,0,2023-01-11
359ce3d8-3606-4549-9794-3ed697365d52,c820edf8-bb0c-492b-9950-e5e1da24f01f,voicemail,2024-11-09 15:50:09,2024-11-09 15:52:02,113,,+17613317102,+14592926591,TWR-40174,4G,,2.8344,rated,0,2024-11-09
68a8b2cb-ba0f-4ba2-a531-de6cbdf44a35,4cfd810f-0e12-40d5-ba4e-49df3ab843f6,data_session,2023-08-24 19:42:50,2023-08-25 05:49:27,36397,1089.439,+12490572150,,TWR-70566,4G,,347.676,rated,0,2023-08-24
b3b7cd4c-0bae-4fc5-bd21-905c9511375c,066e425b-31bb-4e08-b717-a58c41dcf08e,data_session,2022-01-07 16:54:08,2022-01-07 17:21:04,1616,289.193,+14610658083,,TWR-91778,3G,,74.0791,rated,0,2022-01-07
016c20d1-44db-4832-86f9-57df40d58964,c820edf8-bb0c-492b-9950-e5e1da24f01f,roaming_voice,2024-01-19 11:57:14,2024-01-19 12:17:01,1187,,+14280838788,+14172673338,TWR-10742,WiFi_calling,GB,29.1113,rated,0,2024-01-19
f93baf25-bcd7-4c3b-aa6e-79a134f471ab,39d8d907-9745-41b2-a7f5-b4821faf598b,roaming_voice,2023-01-25 02:03:53,2023-01-25 03:45:57,6124,,+16093498343,+15850624681,TWR-51468,3G,JP,228.6632,rated,0,2023-01-25
8cd2652f-9689-473e-981e-6394904b92a6,04904b12-a800-4ba3-a75e-83bf407c8720,voicemail,2023-09-17 23:08:48,2023-09-18 00:34:35,5147,,+16721278016,+14821096070,TWR-89365,WiFi_calling,,112.7587,rated,0,2023-09-17
26fabb8c-a512-4609-ab5e-f88d88abbff4,9a3f4420-8112-49a7-a707-ee350291b8fc,voice_mo,2023-11-20 22:04:35,2023-11-20 23:41:25,5810,,+16122234694,+13090278825,TWR-80040,5G_NSA,,164.1561,unrated,1,2023-11-20
7f91af68-74a8-4272-a485-e032578787b8,e8c6e2c9-a03e-42b3-8e09-29441ebabe21,voicemail,2023-01-08 22:08:19,2023-01-08 23:10:03,3704,,+17695174722,+13551423018,TWR-48408,4G,,31.1969,rated,0,2023-01-08
10d21e21-a6a9-416e-bd86-c864de239eeb,da212561-e6c5-4ed8-931b-2b24fdde4b8c,voice_mt,2022-04-13 23:45:56,2022-04-14 00:35:25,2969,,+16669167638,+16954280103,TWR-35962,3G,,85.2035,rated,0,2022-04-13
dbbcaaa2-8963-4551-9585-0754ab0a566d,a06c0d27-6b08-4e6d-ab7f-d8a78587a0ce,roaming_data,2023-08-31 18:00:52,2023-09-01 15:41:41,78049,1836.201,+17060490462,,TWR-91778,WiFi_calling,IN,545.1913,rated,0,2023-08-31
a3ea25e8-3465-4349-a2b0-c3c768f85014,3f649261-3df8-4e19-ac40-71c4ed5ae79b,roaming_voice,2024-12-25 04:45:08,2024-12-25 05:48:28,3800,,+19644657450,+17412497470,,5G_NSA,BR,69.5893,rated,0,2024-12-23
0ec795e4-eea3-4c7e-9f15-9e3fe4de6afb,5b00d7c0-50c0-4cc1-92a6-373d74c04330,voice_mo,2023-12-24 05:00:37,2023-12-24 06:57:47,7030,,+14038627581,+13216181752,TWR-33435,LTE,,182.812,rated,0,2023-12-24
9f077e41-9130-45b8-9ffe-28a773f818e4,dcfa0cc4-27db-49f5-b5d3-7b42a5e8fc3b,roaming_voice,2022-09-24 18:07:15,2022-09-24 19:41:51,5676,,+16138190579,+12819787539,TWR-97164,3G,,273.2528,rated,0,2022-09-24
e0a4d8ba-db3d-4afa-aced-9576ced0a311,e71c3555-3e17-4511-b8e8-00efcdf41040,sms_mt,2023-06-26 22:10:34,2023-06-26 22:10:34,,,+19005577403,+13537518643,TWR-97396,LTE,,0.0,partial,0,2023-06-26
b3d17851-f2f8-47b9-a593-62f0847b7124,13cd6d12-26f4-4660-a97c-f74778a1f337,voicemail,2023-11-28 07:00:17,2023-11-28 07:54:31,3254,,+12300438011,+19764118399,TWR-28830,4G,,30.2733,rated,0,2023-11-28
db6e2017-4820-44f7-8f0a-14a163f774fc,d4ce9171-e126-46fa-9209-a1c52b9847ca,roaming_data,2024-01-10 04:45:37,2024-01-10 14:39:31,35634,6036.861,+16260736065,,TWR-72092,3G,MX,1671.8538,partial,0,2024-01-10
fa60abe5-94cd-4ad5-ab00-1a3152b723b6,e9c07020-0d43-4bdf-acb7-c6372aaaa54a,roaming_data,2022-11-04 15:55:58,2022-11-05 00:02:54,29216,5651.741,+14618151112,,TWR-28830,4G,FR,534.3252,rated,0,2022-11-04
b8fa32f7-face-4b15-8289-860667e2f619,d2f82f4a-c0e7-4d45-be95-cf4908e1b0c9,voice_mt,2022-08-20 15:44:15,2022-08-20 17:14:42,5427,,+14322213007,+15999354351,TWR-98912,4G,,78.1258,rated,0,2022-08-20
0a28944b-b07f-4b10-9b8c-cbeaeeaa325f,c43cec77-ca9c-4b24-808e-d7b05899b369,voicemail,2024-05-20 03:05:07,2024-05-20 04:12:21,4034,,+18610655114,+17324577427,TWR-62242,5G_NSA,,68.235,rated,0,2024-05-20
291e2c95-f2aa-49c5-be6e-72bbbe5766f1,551b38b0-cbcc-4a07-a732-f27b6e4635b1,sms_mt,2022-01-07 20:21:33,2022-01-07 20:21:33,,,+15566095342,+13108302497,TWR-33462,WiFi_calling,,0.0,rated,0,2022-01-07
778004d5-119c-4b48-87c3-8960381ea361,73f80464-16c3-4d04-a6df-20bddae486cb,voice_mo,2024-12-04 06:35:49,2024-12-04 07:34:32,3523,,+13918519448,+15096110210,TWR-81495,LTE,,49.8655,rated,0,2024-12-04
cd5fddb6-7cab-4689-a055-523446b25df3,5dcc997b-5a2e-46c2-860f-bfaed3a08650,roaming_data,2022-08-23 09:51:55,2022-08-23 21:21:16,41361,1112.42,+13572666203,,TWR-40174,WiFi_calling,IN,1527.3969,partial,0,2022-08-23
5a8c2867-b965-42f1-bbe1-ec4d5722b2e3,811c0e44-d8e1-43fb-8d2e-702d1823032c,sms_mo,2024-07-16 13:03:39,2024-07-16 13:03:39,,,+19107150083,+17659378033,TWR-89203,5G,,0.0,rated,0,2024-07-16
8983e71b-633a-4586-8910-bf6865ebf324,5a79f347-a42a-46d5-ac67-2bdc4e31c4cf,voicemail,2024-12-17 11:49:09,2024-12-17 12:59:26,4217,,+15683401645,+14491274770,TWR-95637,4G,,205.1445,rated,0,2024-12-17
d85f8e4e-6586-4f2f-9d70-8331c6f810e5,7e30c105-b52a-4657-9722-a6adbdbe21a4,voice_mo,2024-12-08 10:10:59,2024-12-08 11:06:19,3320,,+17946241131,+19815382713,TWR-43663,WiFi_calling,,142.2725,rated,0,2024-12-08
05f4f9e0-9f89-4f94-bb69-587e39371475,70d09d38-9c2b-4865-b849-fd6e1c616e84,sms_mo,2023-04-14 15:58:39,2023-04-14 15:58:39,,,+12371880276,+17280959546,TWR-62950,WiFi_calling,,0.0,rated,0,2023-04-14
647167cd-6cff-46d0-9ef5-276027238529,400bd96a-9eaf-45ff-b810-4cc340a48720,voice_mo,2023-04-14 01:31:15,2023-04-14 03:01:03,5388,,+12030485112,+19043409661,TWR-37713,WiFi_calling,,91.8714,rated,0,2023-04-14
5996de12-10a0-4a0b-a574-fb028efbff73,83567a87-5e93-4569-828a-868b0baa60ba,voicemail,2022-06-06 06:56:18,2022-06-06 08:29:15,5577,,+14096802078,+14094793930,TWR-26301,WiFi_calling,,113.108,rated,0,2022-06-06
5ccf8966-6a2f-4a5c-ab5b-02c8aa9b6f24,9bdd1b7f-4369-4301-af22-6af460224ccf,roaming_data,2024-05-22 04:52:18,2024-05-23 01:37:01,74683,1799.049,+18223653693,,TWR-35333,WiFi_calling,MX,1894.1214,rated,0,2024-05-22
7f7b0508-3b65-45f4-9697-06e090a6cc78,751f3cc9-1634-41f6-949e-f0e67d0d195e,roaming_voice,2024-09-18 01:31:42,2024-09-18 02:52:13,4831,,+18507228456,+12930992310,TWR-95637,WiFi_calling,FR,102.6205,rated,0,2024-09-18
d1336123-960c-49ce-ab16-9b5a5dcee884,2804e94f-d321-47ca-a597-093761637a0b,sms_mt,2024-03-25 14:34:17,2024-03-25 14:34:17,,,+16175428323,+14488178561,TWR-20502,LTE,,0.0,rated,0,2024-03-25
0fe62d9c-a616-4874-a731-2a0b573438aa,87b1c160-0d70-48a6-aee2-72e4e09de990,sms_mt,2024-02-23 12:08:18,2024-02-23 12:08:18,,,+12779718916,+13176478271,TWR-64922,WiFi_calling,,0.0,rated,0,2024-02-23
f55123cb-2f68-4106-b17b-6c2251ec60da,7895e9b1-3079-4866-b655-cc092f7cbbfb,roaming_data,2023-07-15 10:00:06,2023-07-15 22:18:09,44283,397.581,+19429954079,,TWR-48126,5G,GB,284.1284,rated,0,2023-07-15
430dfc47-162d-42eb-a0b4-996999109874,e03ee293-a131-483d-b6a1-6891ed7a09e2,sms_mo,2024-05-22 01:14:55,2024-05-22 01:14:55,,,+13920042916,+13803696393,,5G,,0.0,rated,0,2024-05-22
399b6151-91c2-41d3-95e6-f90664ad80a6,44fb75ee-f887-451c-90cb-cfb8817a0dd9,sms_mo,2023-05-28 01:47:51,2023-05-28 01:47:51,,,+12507676414,+12786787120,TWR-87123,5G,,0.0,rated,0,2023-05-28
0fe9fedd-ab31-4b25-a640-7d582161e5f8,7e6e12a7-0a9c-4403-9a18-90def9de5680,voice_mo,2024-09-04 09:25:33,2024-09-04 10:06:53,2480,,+17480976807,+19105086020,TWR-33284,5G_NSA,,84.663,rated,0,2024-09-04
5abf65ea-26ec-4119-a633-4a257dbe0bf2,f926aab3-c048-4300-bf0a-640187d09966,sms_mo,2023-06-04 06:23:25,2023-06-04 06:23:25,,,+19078427667,+17301943020,TWR-63723,4G,,0.0,rated,0,2023-06-04
1a6d0f53-f2a7-489f-b965-7c0bfda855ba,62193876-6369-4ee5-9279-d650fa91ba4f,voicemail,2024-02-24 07:49:56,2024-02-24 09:33:43,6227,,+12070370141,+19120190077,TWR-63127,4G,,206.9214,partial,0,2024-02-24
a2975f26-fb2a-4f51-a326-39df72a10986,cafd935b-5431-49f1-b4aa-023b342a1844,roaming_data,2024-12-01 15:11:04,2024-12-02 05:54:51,53027,2423.076,+17479616280,,TWR-65732,4G,CA,529.2991,rated,0,2024-12-01
82c11491-e59d-45d6-b16b-f4e68287345d,7d3e0596-f9db-459d-993d-27db368c8d5a,sms_mt,2022-08-02 16:04:39,2022-08-02 16:04:39,,,+15777927955,+17308211399,TWR-97164,LTE,,0.0,rated,0,2022-08-02
e85f4078-94b6-4fc5-be4c-7e6661854a64,56f388e4-0fe1-4f1b-b963-0f2d07b81bdb,roaming_voice,2024-03-13 03:27:27,2024-03-13 04:24:51,3444,,+14256473593,+15948550386,TWR-62961,WiFi_calling,FR,132.9904,rated,0,2024-03-13
67cfdde3-cdc0-4f4c-97a2-3f9c5a74eee1,00d6e6c1-eb68-48c1-92d0-10bba89691a1,data_session,2022-09-26 00:06:56,2022-09-26 22:45:11,81495,90.257,+17649445433,,TWR-51468,5G_NSA,,1287.8415,rated,0,2022-09-26
cc2d21e4-6c19-47bf-b891-763e9fa00fc3,2567994d-a76d-4dda-988d-51f28ae8ec6c,data_session,2024-05-08 17:37:24,2024-05-09 08:41:35,54251,2682.061,+19260124999,,TWR-65195,5G,,2009.2997,rated,0,2024-05-08
33597ebd-9153-48d0-aacc-591382fc54ed,4c7ee18e-ce5b-490b-9ae0-9378aa5cddcb,voice_mo,2024-05-24 12:53:54,2024-05-24 14:15:31,4897,,+16907993552,+17107077256,TWR-88042,5G,,178.284,rated,0,2024-05-24
d1e9cbe1-049f-48ac-98a7-3532a91147a7,89e3b790-a19b-4fe7-9bfb-3eb88978925d,voice_mt,2024-10-15 10:08:32,2024-10-15 10:14:07,335,,+18621178146,+19701742841,TWR-43761,4G,,6.0882,rated,0,2024-10-15
a586c441-7a05-4a4d-8a61-cc837d090e24,bdb334fe-ed51-4374-9f8b-85057bf315a8,voicemail,2024-09-15 19:14:41,2024-09-15 20:36:32,4911,,+19836826572,+13441967498,TWR-38402,5G,,150.3313,rated,0,2024-09-05
6254897f-1516-4ae0-be49-70222b7be91b,ef9e380e-2839-4461-bf65-7c14b2ab5f80,sms_mo,2022-01-14 14:49:56,2022-01-14 14:49:56,,,+17928016929,+12188558287,TWR-79893,LTE,,0.0,rated,0,2022-01-14
ae0b20d5-074a-45bd-8b7d-ce72abb66422,c0ae4170-4ed6-40af-9124-6c264b57cb30,sms_mt,2024-01-06 00:52:03,2024-01-06 00:52:03,,,+17380276170,+19495603324,TWR-97164,4G,,0.0,rated,0,2024-01-06
64bf9c68-5bac-423f-bbcb-615325ba2496,d625d34d-c581-47bb-b145-3736a258512d,voice_mo,2022-11-24 08:48:31,2022-11-24 10:34:52,6381,,+19161316774,+18111300826,TWR-58624,4G,,241.1763,rated,0,2022-11-24
2e9ee4a4-0763-44c7-bdc9-824b87e6f9be,b2d1fa1f-42ce-4f47-a4d2-dd26b7c12005,roaming_data,2023-11-02 08:13:41,2023-11-02 15:16:12,25351,1259.86,+15169297452,,,3G,CA,622.1086,rated,0,2023-11-02
d6b96077-2daa-4801-bd95-f5522310e0da,3fc64d6f-ff54-4441-8405-82ea9464c5db,data_session,2024-04-24 23:12:55,2024-04-24 23:49:21,2186,3051.909,+15268698866,,TWR-25560,WiFi_calling,,31.9355,unrated,0,2024-04-24
6895f5bf-2e63-4028-933b-849fc7409a01,9c5cc4f2-067d-4fbc-b1ee-1b87c02e3c9d,voicemail,2023-02-20 20:30:08,2023-02-20 21:26:43,3395,,+15096841283,+14968259770,TWR-62772,5G_NSA,,154.5723,partial,0,2023-02-20
db2ce5dd-e19c-4a05-81db-19ad13de3c80,3a36ab34-55ff-4816-b0ff-6f952888b8dd,voice_mt,2023-09-30 15:39:14,2023-09-30 17:26:34,6440,,+18558256584,+12550976507,TWR-35333,3G,,304.6316,unrated,0,2023-09-30
712018e3-bed4-4271-963f-80807541ee67,ead771bb-2032-429d-bd8b-7cfc4c1835de,sms_mo,2024-08-06 17:53:09,2024-08-06 17:53:09,,,+18943046534,+14952759136,TWR-63652,LTE,,0.0,rated,0,2024-08-06
81d0c6a7-a47d-4e19-a48d-4b0329116895,9eac9629-9081-404b-a98b-d1b6e319e119,roaming_data,2023-07-13 03:25:19,2023-07-13 10:46:19,26460,5240.116,+14302591801,,TWR-25560,4G,IN,631.6401,rated,0,2023-07-13
f47ee6be-b0e6-4895-a590-1110b285e99e,7fd178e0-b150-4447-b4ee-56b97bbeb7e8,voicemail,2024-07-06 17:22:04,2024-07-06 19:12:27,6623,,+15740292214,+18583645536,TWR-16726,3G,,122.9687,rated,0,2024-07-06
49af40c4-4028-4be8-bd4b-bec42f3e6bc6,22df07e6-55d8-4120-951e-d0cbf8239fbb,roaming_data,2022-01-04 21:26:36,2022-01-05 01:22:03,14127,6185.299,+13681217101,,TWR-54139,3G,JP,349.2924,rated,0,2022-01-04
e38a75d0-988e-42d7-b810-d1c2fe7705dc,50afb37c-dbf5-4ad2-8b1a-13ac11d83937,voicemail,2022-08-29 18:01:20,2022-08-29 18:11:56,636,,+19725414469,+13830997488,TWR-65732,4G,,2.7526,rated,0,2022-08-24
da742935-db77-4f65-98c5-7e96cb4d5121,a4ba2881-eb3e-4cd2-975c-56ecf2f4d6ae,voicemail,2022-02-16 21:47:17,2022-02-16 22:39:04,3107,,+14364541864,+18252388295,TWR-81495,3G,,109.8372,rated,0,2022-02-16
24dd6b75-741f-49a3-8f99-305f3c04822e,cfd41a3d-5133-49ae-b955-da10665becb9,voice_mt,2024-05-17 14:42:15,2024-05-17 15:41:47,3572,,+17276538192,+14402400991,TWR-43763,3G,,70.5425,rated,0,2024-05-17
2ac13d0e-63dc-4c8a-82e1-6a1b71af9b0b,cfe93de8-1c5c-4e53-81c9-35364b60af08,voice_mt,2022-04-08 14:20:10,2022-04-08 14:48:13,1683,,+19160014120,+17646934907,TWR-88599,5G_NSA,,29.7028,rated,0,2022-04-08
c6870834-f88f-43cc-86dd-5bff93c96c77,ee6c654e-ba37-418f-96fe-b7c4e8989c8f,roaming_data,2023-05-12 10:06:22,2023-05-13 04:32:59,66397,3974.552,+16060804067,,TWR-43663,3G,BR,2111.0222,rated,0,2023-05-12
341d2b47-1abc-421b-8374-ba284d6fec6d,cfd41a3d-5133-49ae-b955-da10665becb9,data_session,2023-11-08 23:21:05,2023-11-09 05:19:54,21529,3161.229,+15287324110,,TWR-75948,3G,,312.5678,rated,0,2023-11-08
757d9529-2657-4fdd-8461-6ba55ccfda2e,c0b5ce25-7c9d-4bd6-94ab-e2437a1632d1,voice_mo,2024-08-09 10:03:16,2024-08-09 11:05:42,3746,,+17318969379,+13813367634,TWR-57409,4G,,101.6329,rated,0,2024-08-09
92eb071f-e6a3-44f7-a8f2-29b7c259f84f,73f4e79d-5005-42b5-9651-f13daae19a23,voicemail,2022-06-21 07:41:31,2022-06-21 08:46:42,3911,,+18867870123,+14198566977,TWR-27801,LTE,,110.2907,rated,0,2022-06-21
489e4e9a-d553-473d-a8ea-d864314a7f3e,151aa59b-3665-4ca5-bb61-e52b665556cf,data_session,2024-10-13 03:10:31,2024-10-13 11:55:25,31494,84.057,+19231448030,,TWR-30895,WiFi_calling,,1003.3129,rated,0,2024-10-13
673ff506-d357-453a-b697-e9964976155a,ead771bb-2032-429d-bd8b-7cfc4c1835de,roaming_data,2022-12-30 13:41:25,2022-12-30 17:48:56,14851,3616.891,+12874839154,,TWR-43763,4G,JP,301.2327,rated,0,2022-12-30
3d848c28-8b15-4a8f-af82-f6c54e516423,e271e542-341a-4b05-bd15-c2cf0b3ea27e,roaming_data,2022-05-15 17:43:06,2022-05-16 12:36:21,67995,2049.76,+16657482347,,TWR-54139,3G,FR,778.8636,rated,0,2022-05-15
37c5993f-c02d-4ad8-b949-ec834fb97de4,94b09eed-6104-427e-8bd8-41a8c6c5bbf2,voice_mo,2022-06-30 08:01:10,2022-06-30 08:18:09,1019,,+15126233967,+14677883931,TWR-43763,3G,,40.8527,rated,0,2022-06-30
785b1a58-13e2-496d-a1bb-4d26df120bc2,7e30c105-b52a-4657-9722-a6adbdbe21a4,voice_mt,2022-04-14 04:32:51,2022-04-14 04:53:44,1253,,+12680305759,+13813948887,TWR-90922,5G,,23.8913,rated,0,2022-04-14
9dbc088f-f7b4-4a2c-9edb-73b5dc729759,47e84fdb-6d0d-433c-a290-9742b45554b9,data_session,2023-08-29 09:29:43,2023-08-30 06:24:28,75285,2848.293,+12424831773,,TWR-35962,5G,,3189.0773,rated,0,2023-08-29
664123ce-be0a-46c5-9de8-6e20d8563792,328ecbc8-f9ff-4041-a2f4-edec99cbfdc7,roaming_voice,2022-05-16 09:19:35,2022-05-16 11:03:00,6205,,+13174571693,+18385641880,TWR-97396,5G_NSA,IN,129.2908,rated,0,2022-05-16
48043075-9c6a-4257-a54c-442ae7108c54,8efc3e0c-c06c-409a-af08-f3b0eac38eb4,sms_mt,2024-01-18 17:56:09,2024-01-18 17:56:09,,,+16338466792,+14247835091,TWR-25560,5G,,0.0,rated,0,2024-01-18
6fc9bdba-1998-47d9-adc9-5cb58c4aa47a,c8323f70-8d43-474e-9872-e2a0d80ff415,data_session,2024-08-18 07:39:06,2024-08-18 23:54:07,58501,3975.3,+16559579444,,TWR-11461,5G,,2874.5692,unrated,0,2024-08-18
f61e70fc-df30-4d90-8904-f1bbd317b383,bd57a560-0b95-40a7-a2c7-446ba0c3fca6,voicemail,2023-12-09 21:37:25,2023-12-09 22:27:06,2981,,+12740195504,+17248393496,TWR-21508,LTE,,27.9907,rated,0,2023-12-09
0684d2d7-c029-4182-8da0-c19da8b3974b,7b16c2c6-c836-443e-8123-aed7c81c5fbb,sms_mt,2024-09-13 11:43:02,2024-09-13 11:43:02,,,+15557806180,+14002916236,TWR-50607,WiFi_calling,,0.0,unrated,0,2024-09-13
f1d85f4f-c30b-4f1a-9698-7040143f91ef,816a1c73-49af-41fd-b211-fbeecb412670,sms_mo,2022-08-23 15:59:04,2022-08-23 15:59:04,,,+12820660226,+19239118240,TWR-27464,4G,,0.0,rated,0,2022-08-23
fab53273-51f2-4446-b58a-6c265555e9b9,1fa8bf47-37df-44d4-ae1f-8be70062ab1d,voice_mt,2023-01-16 05:26:28,2023-01-16 07:04:36,5888,,+15206618868,+13148966795,TWR-88599,LTE,,122.4825,rated,0,2023-01-16
4b1167d0-6539-437f-9f98-e9ee6a40427e,adbc3f23-1413-43c8-bf5e-58e1f254991e,sms_mo,2024-03-28 01:08:32,2024-03-28 01:08:32,,,+15882792618,+18887969119,TWR-33281,5G_NSA,,0.0,unrated,0,2024-03-28
21b2a648-be33-48b6-b4c7-a3404cbcb58d,a87d9fd3-2664-4fe7-87cb-7495e6c56b3b,sms_mo,2023-05-10 15:10:58,2023-05-10 15:10:58,,,+17014454594,+15697302960,TWR-26682,4G,,0.0,rated,0,2023-05-10
7cb11d8f-1ec3-4102-8d85-5698e43be27f,78f9aabb-0095-47ba-bf21-c5b11b19f6fe,voicemail,2022-08-04 22:39:59,2022-08-04 22:48:59,540,,+12133349166,+12262692320,TWR-62772,5G,,25.8019,rated,0,2022-08-04
887e3912-5930-4152-8945-91f291956698,c7495797-46aa-417d-af98-3cf5cd29a279,voicemail,2024-12-01 00:48:46,2024-12-01 02:16:09,5243,,+19971170800,+12649840743,TWR-33435,4G,,171.8241,rated,0,2024-12-01
519afb0b-05cb-4b8e-a17e-622a6fe3f86c,0c8f9678-a722-4bcf-aef2-24978637a1b1,data_session,2023-07-06 10:33:37,2023-07-07 09:56:47,84190,4889.09,+14717841336,,TWR-25560,3G,,1498.8886,rated,0,2023-07-06
24f8c7c4-399f-4c0e-b9cc-a6c2362d4ae2,64aff3c8-5a2d-4d79-b40b-bdb1599d1205,voicemail,2023-01-14 13:02:51,2023-01-14 14:55:00,6729,,+14509383407,+14010159411,TWR-89203,3G,,67.1905,rated,0,2023-01-14
b05c1b5f-d6f9-4e56-a3e1-ba2a071d30a2,604a5f89-d078-4999-9cd8-86a4f7cd153e,data_session,2022-08-04 22:13:34,2022-08-05 18:23:10,72576,2948.856,+15066472085,,TWR-26926,WiFi_calling,,3137.8783,rated,0,2022-08-04
1b7d0dc4-7ae0-4871-aea0-96eb94e43fa8,f7f39078-4e70-4f02-bbef-9365bdf22719,voice_mt,2024-07-20 06:53:15,2024-07-20 08:14:50,4895,,+18509768663,+13351525583,TWR-48408,3G,,195.3845,rated,0,2024-07-20
432a02eb-0db0-4c81-aeb1-cb77970cf5d2,1df01f4d-3e15-47a7-ad14-b1e70e40142d,sms_mt,2023-02-17 03:37:40,2023-02-17 03:37:40,,,+18445353410,+16223036654,TWR-31077,4G,,0.0,rated,0,2023-02-17
ab63f118-863d-4c00-b5db-8d99b0e8c0bf,5a7fe944-f300-41dc-93b7-57a92aa007d1,sms_mo,2022-02-09 05:09:12,2022-02-09 05:09:12,,,+19648970020,+19718085272,TWR-53214,5G,,0.0,rated,0,2022-02-09
cfc797c5-d4a4-4977-9413-d429f7ded144,284443e8-e2f7-471d-bf3b-d29171325a45,voice_mt,2022-08-17 19:48:00,2022-08-17 20:28:36,2436,,+18112353041,+19752194149,TWR-65265,3G,,60.7279,rated,0,2022-08-17
cb9d820c-4947-43c0-99c5-02e0a42db726,cc2e33ed-ee6e-4ff6-a669-55ec7f7ad1d9,voicemail,2024-08-31 06:28:17,2024-08-31 07:07:21,2344,,+19459612835,+18601711409,TWR-83526,4G,,58.3375,rated,0,2024-08-31
c7da44e2-87d6-4976-9162-e88bf95d4903,887cedb7-e47e-4a02-849e-72be2ed59dfc,voicemail,2023-03-28 09:03:39,2023-03-28 09:06:56,197,,+13729438204,+16500605864,TWR-75948,WiFi_calling,,7.9748,rated,0,2023-03-28
e9a43533-cdd8-4ec9-8924-d69d215bf1dd,9d38af4d-d200-44de-9dab-a2fb5ac35876,roaming_voice,2023-03-12 07:36:02,2023-03-12 08:33:40,3458,,+16899990089,+17363305166,TWR-74130,4G,JP,146.3586,rated,0,2023-03-12
a66aab7d-65cc-4c49-a2c6-c4f4e6a251cb,a2d5ad1c-e1a4-4784-bdb5-eaf83fbcb353,data_session,2023-01-26 19:32:41,2023-01-27 18:22:18,82177,1081.163,+17267440431,,TWR-39628,5G_NSA,,934.1771,unrated,0,2023-01-26
dcfc391b-4c81-4e81-bf76-e397a8c16f77,39d19d11-0d2c-4979-9f4d-1da62988f4a9,voicemail,2024-09-18 23:04:55,2024-09-19 00:01:23,3388,,+19100143915,+12351006459,TWR-72409,4G,,46.285,rated,0,2024-09-18
fae1ba0e-6970-4647-9eef-34e17288fa25,236238c5-94f7-4337-99d1-122a2406a783,voicemail,2022-12-07 23:12:50,2022-12-08 00:38:39,5149,,+12966001015,+14924473843,TWR-75948,5G,,184.4257,rated,0,2022-12-07
cf8d1f1c-4270-4ec4-9d41-b262943f7909,c3484d15-493d-47b7-9827-8d40335c3902,sms_mo,2024-11-14 23:18:56,2024-11-14 23:18:56,,,+15877594524,+12186637907,,3G,,0.0,rated,0,2024-11-14
269b8d80-ec86-44cf-94d1-363608414484,6a827ddb-2ceb-4285-86a5-e6b0ba94039b,roaming_voice,2023-05-15 00:10:30,2023-05-15 01:25:59,4529,,+19202199793,+16476433791,TWR-90085,5G,IN,178.2768,error,0,2023-05-15
17c2ada7-a090-4267-9ba8-eac64e606da2,75f61e2d-2e81-455b-83d3-091667e8f83e,voice_mt,2023-07-04 18:55:15,2023-07-04 19:40:13,2698,,+15775586978,+14581517063,TWR-16726,3G,,27.0821,rated,0,2023-07-04
09fab455-ae99-42d7-b8ee-1d11c037888a,37ed0713-fecc-4627-877d-2f969ca67df8,sms_mo,2023-02-19 15:25:45,2023-02-19 15:25:45,,,+19095745209,+12727335675,TWR-17316,WiFi_calling,,0.0,rated,0,2023-02-19
c5c893ee-b7e2-469f-aedc-643b900050a4,926cfa2c-ae31-47c5-af76-a872e60c1c93,roaming_data,2023-01-16 19:04:12,2023-01-17 17:04:37,79225,3970.726,+19864177192,,TWR-64619,LTE,CA,2945.9708,rated,0,2023-01-16
8276c2ee-0cf5-4e83-b853-7373b19f08d8,8a14c712-bb0a-4f53-b084-69dc8b6297c2,roaming_data,2022-03-05 07:53:36,2022-03-05 10:59:19,11143,957.576,+19494527797,,TWR-60209,5G,US,304.751,rated,0,2022-03-05
e0e6c686-0381-44f0-a3c6-efd9e9748b04,19fdaad6-c86c-4208-b403-c98023d4fc0f,roaming_data,2023-09-12 13:48:42,2023-09-13 13:09:58,84076,3151.499,+17629413021,,TWR-35333,3G,FR,1136.8707,rated,0,2023-09-12
d79011f2-7b3b-4196-9b71-28b829118d5a,1399d47a-677b-4e20-93ff-d5205c07e7a4,data_session,2022-11-06 20:17:50,2022-11-07 14:02:14,63864,2302.745,+14168833391,,TWR-25363,5G,,3187.7318,rated,0,2022-11-06
553a4d43-b48b-42e6-8984-d406a9d72bc0,644f4201-59ca-455f-9143-89c417fbbfe2,sms_mo,2023-11-15 09:34:15,2023-11-15 09:34:15,,,+16983311560,+16976593099,TWR-25363,5G,,0.0,rated,0,2023-11-15
8b454120-2ee0-4801-b1e0-184737d77388,8ddc7a56-c999-4252-894b-2d8e4d652ab3,sms_mo,2024-08-15 15:56:39,2024-08-15 15:56:39,,,+12812873004,+19806969224,TWR-32437,3G,,0.0,rated,0,2024-08-15
c0f041c0-5ac8-4b35-97aa-58eba4979b82,79b35008-27c7-4038-92e9-1752890782a8,voice_mo,2023-12-21 06:01:55,2023-12-21 07:53:24,6689,,+13667867015,+12910452868,TWR-89696,LTE,,93.7977,rated,0,2023-12-21
f193d00f-2617-44a7-8fa8-1606b192d4cd,af8213f0-7b41-4636-b6bc-73965ee658fd,sms_mt,2024-09-30 08:13:39,2024-09-30 08:13:39,,,+15916131435,+16471408760,TWR-68192,WiFi_calling,,0.0,rated,0,2024-09-30
57e9cd02-4e8e-47bd-a12d-e39bdd49addf,0220cd0b-4604-4233-8206-d3b2561510ff,roaming_data,2022-09-07 12:26:36,2022-09-07 17:30:32,18236,2488.976,+16303871085,,TWR-28731,3G,JP,532.8988,rated,0,2022-09-07
6442771c-561f-40f6-b1af-3c4738ca7f71,1034303e-92d6-4371-9a7a-844ed8b930e3,roaming_data,2023-08-23 06:56:47,2023-08-24 06:18:42,84115,7515.505,+17125035742,,TWR-96546,4G,MX,2346.618,rated,0,2023-08-23
67628dab-91d3-4980-9851-553c301cd07d,b13034a5-8f24-424c-a1a9-05152bdaf25b,voice_mt,2023-05-04 16:34:39,2023-05-04 18:21:41,6422,,+14028474312,+13406579681,TWR-56861,5G,,99.329,error,0,2023-05-04
0e0346e6-dc64-49ca-97f3-17bc311c2a71,ced4396d-7f8b-46af-b508-13d3702ceb53,sms_mo,2024-10-07 06:45:44,2024-10-07 06:45:44,,,+14430824159,+16631744565,TWR-72409,5G_NSA,,0.0,rated,0,2024-10-07
1b4a34dd-a967-4ad2-a842-70d44db24d77,4357edc7-98ff-42c5-92bf-aa78e27bd148,roaming_voice,2023-11-17 06:51:41,2023-11-17 08:04:51,4390,,+12824813380,+12442974958,TWR-21274,WiFi_calling,CA,199.9066,rated,0,2023-11-17
213c9b2e-e290-4df9-a316-9765c753ec1f,95f67eb9-a596-46b7-8cc5-02dc31897813,voice_mt,2022-05-06 14:08:56,2022-05-06 16:08:36,7180,,+16115854988,+15678684083,TWR-67678,4G,,143.6594,rated,0,2022-05-06
4063bb99-dfd3-4016-a46b-da1364865369,236238c5-94f7-4337-99d1-122a2406a783,sms_mo,2022-07-01 11:14:45,2022-07-01 11:14:45,,,+14027256689,+12301397419,TWR-71477,4G,,0.0,error,0,2022-07-01
20cc2737-1247-4513-99f9-f1547384b695,20e6b8d2-93b0-45f9-8353-e6f4748a07e9,sms_mo,2023-08-23 23:05:37,2023-08-23 23:05:37,,,+19445316784,+17502996147,TWR-23860,5G,,0.0,rated,0,2023-08-23
a6ee4da9-b6c3-431f-aeff-8375d6ad680d,f3133f91-f960-4dd8-8da3-5adc5e8d2fbf,data_session,2023-04-27 02:44:50,2023-04-27 07:26:56,16926,1677.767,+16331739808,,TWR-53214,3G,,88.4462,unrated,0,2023-04-27
06b6072e-9075-490f-9ed1-333133f01563,a2d5ad1c-e1a4-4784-bdb5-eaf83fbcb353,roaming_data,2023-10-18 00:54:49,2023-10-18 12:23:18,41309,6737.938,+17342794116,,TWR-89203,5G_NSA,US,1905.9635,rated,0,2023-10-18
8408b53d-1422-4602-aa9f-f6afe19f9462,fc9290b7-18bd-4604-811d-533bc9258a94,roaming_data,2024-05-24 21:53:12,2024-05-25 06:43:47,31835,5368.684,+18075504015,,TWR-95764,5G_NSA,,1330.2516,rated,0,2024-05-24
87d8a078-3260-4485-8d85-b7149922d6e2,c0b5ce25-7c9d-4bd6-94ab-e2437a1632d1,roaming_data,2022-09-06 06:05:57,2022-09-06 13:22:46,26209,908.049,+19367400897,,TWR-32437,4G,MX,1170.8574,unrated,0,2022-09-06
98b9342f-bce6-4ed7-9b96-ab56ecab2bd9,ce39e10d-46fb-40f3-b9aa-88099a6e1d6c,voicemail,2022-02-27 14:50:27,2022-02-27 14:52:43,136,,+17085778728,+12967980897,TWR-29718,4G,,6.3319,rated,0,2022-02-27
2216645a-9b23-4709-bce6-d3e4fa8b8b88,913140a4-0b09-4f63-b568-bff618bcd6ee,roaming_data,2022-10-18 14:15:57,2022-10-19 03:22:30,47193,1003.731,+12346734557,,TWR-27464,3G,DE,1360.9824,rated,0,2022-10-18
a802fe61-22c6-4b74-b6d9-11ccb40ede6d,acc37e4c-d5d2-4464-9b07-a7f39ddc1f8f,data_session,2022-10-17 20:43:31,2022-10-17 21:49:18,3947,3975.448,+16351057637,,TWR-97164,3G,,11.0732,rated,0,2022-10-17
aa75cb6d-946a-4879-bf87-95f27e3f4144,10cf9342-2a73-4ec1-8b9c-1651fed28d1f,voice_mo,2023-05-08 12:09:21,2023-05-08 13:19:58,4237,,+14160163036,+12644400513,TWR-10565,WiFi_calling,,93.7659,unrated,0,2023-05-08
0cae5ffc-3878-464e-821f-6bf57228b98c,28fb8c05-25b0-4b94-88d4-a10044a3fd2b,voice_mo,2022-07-21 12:52:07,2022-07-21 14:27:54,5747,,+19884874808,+18782951449,TWR-65195,LTE,,287.0344,rated,0,2022-07-21
fb1afa39-257e-4754-9a6a-88cae8c6dad9,4fa018f7-df75-4c45-9957-5972c235dc20,sms_mt,2023-05-13 15:54:30,2023-05-13 15:54:30,,,+14780391246,+18493846448,TWR-55269,WiFi_calling,,0.0,rated,0,2023-05-13
ce3cccce-7d61-432b-99df-8e8080a1a590,1116fc4d-08d5-4356-851f-599775fa9882,voice_mo,2023-01-23 01:55:36,2023-01-23 02:42:53,2837,,+18224061148,+12508671771,TWR-39628,WiFi_calling,,111.7481,rated,0,2023-01-23
9b828a41-31fe-4c53-8f55-ae0c64a121c8,8f5fb992-1f89-4fbd-ad53-ecf46aa3af78,sms_mt,2023-01-10 11:16:58,2023-01-10 11:16:58,,,+19788894234,+14889203210,TWR-65195,5G,,0.0,rated,0,2023-01-10
8e5126c1-b463-4084-98cb-4bd4b8cf7ec5,b0733df5-6ffc-4e0a-891c-db9bb1eb3709,voice_mo,2022-11-15 13:27:56,2022-11-15 14:27:37,3581,,+13582684373,+13663520597,,5G_NSA,,143.7837,error,0,2022-11-15
a7f9c162-daf8-47c0-ac3e-44e3aacd08e8,1aeb7925-c0dc-46f4-bad1-28a23819a266,roaming_voice,2024-09-30 16:15:47,2024-09-30 16:19:57,250,,+19502264404,+12777073879,TWR-43763,3G,CA,10.7609,rated,0,2024-09-30
e1100396-6505-41a9-af2a-d13c4fa0da39,fdeabda7-704e-4cfd-bb3a-8c061c6021c5,voicemail,2022-02-09 09:19:03,2022-02-09 10:11:43,3160,,+17605895358,+16414971701,TWR-25363,5G,,145.6594,rated,0,2022-02-07
d584bc4e-0c29-4a84-bbe1-77709bd6bb00,55b74a31-7cc4-426f-b64b-8a0854126406,roaming_voice,2023-11-04 23:29:12,2023-11-04 23:37:45,513,,+19484518283,+17426444656,TWR-77981,3G,BR,13.9031,rated,0,2023-11-04
7d4d7d9e-4b65-44df-b6bc-c3b4985075b1,94664e58-d7f1-4dde-b855-a9392422f857,voice_mo,2023-05-20 13:41:14,2023-05-20 15:04:51,5017,,+12431858674,+14465779929,TWR-38402,WiFi_calling,,232.4045,rated,0,2023-05-20
b593480d-891e-41fd-b90b-0e336235bd75,8d58254e-ae02-4c54-9a24-08be1a754784,data_session,2023-12-18 07:21:04,2023-12-18 23:41:29,58825,3230.6,+17789687716,,TWR-60273,3G,,2918.2455,rated,0,2023-12-18
a1a79083-ef5e-4268-8df7-fb9debcc116f,eef606be-248d-4392-b455-54c969c66f94,voice_mo,2023-09-07 10:01:26,2023-09-07 11:51:16,6590,,+17262315618,+16564005900,TWR-59670,3G,,141.0901,rated,0,2023-09-07
a70447cd-a985-40be-ae7f-a43cbdfc5e27,b26f1028-c371-4c3d-9021-3caff08442fa,voice_mo,2024-11-28 11:45:29,2024-11-28 13:40:38,6909,,+12912799583,+19808612066,TWR-92839,5G_NSA,,329.2476,rated,0,2024-11-28
fb36221d-5b97-43dc-9d2f-bb1365d7f820,0ddf8be3-0e35-44ff-ba9c-0ed70d7066d7,voice_mt,2022-07-18 11:23:04,2022-07-18 11:43:46,1242,,+15949531048,+13776536821,TWR-65732,4G,,39.3343,rated,0,2022-07-18
539b1d7e-36b3-4843-b582-70281956e3c5,97fe3aac-fd74-4cec-bdd3-ee9cf4721835,roaming_voice,2022-04-08 05:55:02,2022-04-08 07:31:56,5814,,+19398865524,+19155483479,TWR-62961,5G,US,252.6391,rated,0,2022-04-08
33b9d46e-b9e4-4ece-8b67-0bb8b307f097,f42fd9e6-d990-4868-a3ca-1b1de1b31b83,sms_mo,2024-12-09 03:20:52,2024-12-09 03:20:52,,,+17824321460,+15463763508,TWR-78603,WiFi_calling,,0.0,rated,0,2024-12-09
7306b8b7-1265-4b74-bee0-947607674036,12d71283-e127-462d-a09b-b85e58b6c6d1,roaming_data,2022-02-14 18:57:25,2022-02-15 04:29:02,34297,4010.327,+12108443700,,TWR-47711,5G,IN,909.4612,rated,0,2022-02-14
3d22f275-2b73-4a8c-a8ed-e890695468e5,db80c75c-d028-492c-bb33-297c25350289,voice_mt,2023-09-09 15:52:17,2023-09-09 15:58:34,377,,+12527522341,+16066936763,TWR-33284,WiFi_calling,,1.3369,rated,0,2023-09-09
374ad484-af94-4d99-865c-202d5cd1c8d7,ab66e531-232f-4dcc-b712-2518ae2c2c3d,voice_mo,2022-05-08 02:11:17,2022-05-08 03:00:05,2928,,+14279772442,+12809120984,TWR-65195,5G,,,rated,0,2022-05-08
ebdafac8-9310-4e57-8b7f-0df57c0900e0,cb0a841b-65b9-4362-8e96-f3f6f8b61510,voicemail,2024-07-07 18:47:31,2024-07-07 19:59:09,4298,,+12191628408,+13780456874,TWR-60870,5G_NSA,,97.225,rated,0,2024-07-07
119d193e-43eb-424c-b2a8-56b9049e7141,110d361a-72fd-469d-a6e8-4da9c5e0261d,voicemail,2024-07-28 04:35:56,2024-07-28 06:07:05,5469,,+14731345227,+18187214409,TWR-71477,LTE,,240.1861,rated,0,2024-07-28
488093e7-3356-4fbb-892d-3a86277a8927,f8fa6cc9-84b1-4cee-adc0-ffa256028a1b,roaming_voice,2024-06-08 07:20:20,2024-06-08 09:00:56,6036,,+18633707515,+13979801304,TWR-33071,5G_NSA,GB,43.3584,rated,0,2024-06-08
cd9623ef-d6b1-49bd-bf75-93ce37173585,03a90656-d2b5-459b-bd24-cb3ab49c3159,voicemail,2023-06-18 05:48:24,2023-06-18 06:39:21,3057,,+13965996890,+19064451083,TWR-34373,3G,,11.1876,rated,0,2023-06-18
60d14ea6-0b57-4abd-8492-ca66b808b66a,93467ff9-2b31-40c8-9d58-dcf703103fc4,voicemail,2022-03-22 16:26:47,2022-03-22 16:35:35,528,,+18284355032,+12544529709,TWR-97433,5G_NSA,,10.3917,rated,0,2022-03-22
df1431be-9a39-45f8-a6b6-0c5b84c74479,1b9e3f87-4d86-4d6b-8372-bfc24ca7083e,voice_mt,2022-08-14 20:08:54,2022-08-14 21:44:05,5711,,+19737172705,+15346444252,TWR-95637,5G,,17.369,rated,0,2022-08-14
49466264-61ba-43c1-8e61-a2eda9a8faa9,a5db7e2b-8cca-4f01-84d6-5d1c0e30c13b,voice_mt,2023-12-27 07:26:15,2023-12-27 08:51:24,5109,,+15847711706,+14230452375,TWR-40180,5G_NSA,,29.5711,rated,0,2023-12-27
be3ef2fe-d654-400c-9237-143d02fd4227,05907361-9811-4f81-bf5c-1f15926f7fef,voice_mo,2024-02-24 07:15:41,2024-02-24 09:04:20,6519,,+19119751549,+14609384987,TWR-10742,4G,,100.4904,rated,0,2024-02-24
efba440e-c7ef-43df-9169-c0582ac3a621,60de4fb9-0fc5-4629-8369-5ad0c2cc31d0,sms_mo,2022-03-11 04:52:50,2022-03-11 04:52:50,,,+18326305791,+12780268848,TWR-17261,5G,,0.0,rated,0,2022-03-11
0b5f3e69-1b4f-4e51-9832-9a33c70fe9a0,a98cf2b2-c701-4e95-aed6-f3cb56810487,roaming_data,2022-10-10 09:17:17,2022-10-10 20:58:48,42091,6320.27,+15874085864,,TWR-70566,3G,FR,376.4687,error,0,2022-10-10
1dca7cf0-86d3-47f3-a674-9bea4c5b9c2c,d9127b32-a8f1-4445-9702-133bce158319,sms_mo,2024-06-17 20:37:31,2024-06-17 20:37:31,,,+17573734835,+17459770047,TWR-22646,LTE,,0.0,rated,0,2024-06-17
dd259d93-240e-40c6-ba00-79c9cd23bf06,8c4e9b22-276b-4def-b311-7f49ab07225c,voice_mo,2024-10-20 06:38:23,2024-10-20 06:47:51,568,,+15504325604,+15754214834,TWR-59946,LTE,,23.2476,rated,0,2024-10-20
516f6ecf-1dd5-435f-8665-f6b2037014e2,cb266910-cf9e-4aa5-9a21-ea9330bc5a50,voice_mt,2022-11-14 09:23:36,2022-11-14 09:43:46,1210,,+19599217340,+18348934400,TWR-91778,4G,,54.7678,rated,0,2022-11-14
8b97d382-4b47-49bd-84d6-90f5440b7d65,fcb9f710-de18-4050-b97d-082c4428ecaa,voicemail,2022-02-19 11:53:55,2022-02-19 12:54:46,3651,,+12968163380,+16819785253,TWR-56861,5G,,137.4921,rated,0,2022-02-19
3b366d4e-7cdf-4125-8061-f7bbb732d32a,6aaf3aee-c424-409b-b0ad-0a4f59dc4039,voicemail,2024-03-14 19:32:42,2024-03-14 19:36:28,226,,+13115993117,+18196430099,TWR-75422,WiFi_calling,,3.9119,rated,0,2024-03-14
a88dfacd-e7d5-434d-86cb-241be9926862,c7b52376-6924-42fd-836c-4634908766d9,data_session,2023-04-28 18:56:26,2023-04-29 14:18:31,69725,5126.895,+18488751158,,TWR-20874,5G,,1951.1301,rated,0,2023-04-28
cfcdd4e9-15a4-4623-b4ec-db6f1a4d789b,cb00f2dd-2197-4507-9eed-83282f125974,data_session,2024-08-08 18:22:06,2024-08-08 19:34:37,4351,1652.147,+14764209571,,TWR-50718,3G,,9.2787,rated,0,2024-08-08
a3bfce61-74e9-471a-bcd4-7563a4266801,c7495797-46aa-417d-af98-3cf5cd29a279,data_session,2024-10-01 00:51:09,2024-10-01 19:27:28,66979,5467.721,+12281410504,,TWR-48793,4G,,692.6299,rated,0,2024-10-01
2b7aea28-df1e-401d-8690-1e5ef8ef0eef,3155cb82-16ab-487f-a4f7-bf1ad01dfd92,voice_mo,2024-08-09 10:15:42,2024-08-09 11:57:24,6102,,+17274936607,+19781579367,TWR-14857,3G,,191.0154,error,0,2024-08-09
c2c5b1e3-a3d5-4de2-8f5f-30ff35ed4a84,09824f9c-bdb7-4300-b1ea-49ced746bae6,voice_mt,2024-11-11 00:53:10,2024-11-11 01:42:51,2981,,+15813724216,+18251936362,TWR-48846,5G_NSA,,95.4236,rated,0,2024-11-11
efe93871-b9a6-4ebd-89b2-5dd9e99305f9,66a17aa7-1a3e-4660-a215-3f36d23c1f20,roaming_data,2024-03-05 09:04:00,2024-03-05 12:04:37,10837,6303.077,+17327893178,,TWR-50607,4G,JP,367.7326,rated,0,2024-03-05
414beb1f-9532-4e49-aa19-b0f9b5b9059e,8e0f217d-2104-45cf-bfca-00c7f073c640,roaming_voice,2023-10-24 10:55:26,2023-10-24 12:42:28,6422,,+13237014246,+13589047567,TWR-54228,4G,BR,80.6728,rated,0,2023-10-24
003e8e67-f964-4da1-ae61-73a93e8e4e14,c15bd90b-3fb7-46ae-b5b6-98b2b7c122e7,voice_mo,2022-04-12 23:44:59,2022-04-13 00:53:14,4095,,+15450621901,+14958401968,TWR-64922,LTE,,132.5511,rated,0,2022-04-12
3122b862-5ad1-496e-a715-31c172dec22f,5dcc997b-5a2e-46c2-860f-bfaed3a08650,data_session,2024-05-11 13:35:11,2024-05-11 22:47:18,33127,4457.226,+17616537462,,TWR-22646,LTE,,329.892,rated,0,2024-05-11
4329eef6-7342-47ba-b0e5-a0bdebb4f7b8,d1989638-debe-4f93-a5bb-0f4c0211f766,voice_mt,2022-09-29 23:08:39,2022-09-30 00:21:37,4378,,+16676857616,+14359932318,TWR-62310,4G,,186.0057,rated,0,2022-09-29
dd7579ed-d4f0-44a2-8f30-0c2b59737366,dd8da925-fe12-456e-b444-aedddc35b8b1,sms_mt,2024-04-21 20:12:16,2024-04-21 20:12:16,,,+15261495165,+14083655787,TWR-29718,LTE,,0.0,rated,0,2024-04-21
4d7fed5c-0aa5-47ea-870d-b4eb0e4ceb08,09d63968-6bbc-4435-bef4-d2a462ca0c8f,voicemail,2023-07-25 02:42:03,2023-07-25 03:27:47,2744,,+18210626186,+19311443400,TWR-59410,3G,,25.9565,rated,0,2023-07-25
d07c4412-f25b-4e73-971d-0a3475d54dda,110d361a-72fd-469d-a6e8-4da9c5e0261d,voice_mo,2023-10-16 19:23:29,2023-10-16 20:53:06,5377,,+12459802913,+16826169249,TWR-36318,WiFi_calling,,41.6678,rated,0,2023-10-16
e630b0c8-884c-435d-8e3a-cc9905e3b02d,293c40fb-c8de-4ad9-891a-3c48b1b14cfd,roaming_data,2024-04-24 14:57:56,2024-04-25 07:45:57,60481,7758.498,+14285034593,,TWR-21775,LTE,,652.5331,rated,0,2024-04-24
f2caf10c-6ef2-40fe-bf63-c1300352eda2,4cf062c3-160e-40cd-8319-2c2baf0dc609,roaming_data,2024-02-15 09:44:51,2024-02-15 13:40:33,14142,829.611,+19979291873,,TWR-60273,5G_NSA,US,83.7372,rated,0,2024-02-15
61109412-1590-46f5-ab09-67d335297b13,01b523b2-9259-4c73-a689-f11f279196c7,sms_mt,2024-05-29 19:31:04,2024-05-29 19:31:04,,,+13361810816,+15690688585,TWR-99759,4G,,0.0,rated,0,2024-05-29
1c4934c0-e9ea-4f2b-972b-14906dafab07,47bbb4ca-c995-4cca-bf60-69d45e02de7b,data_session,2024-02-21 21:49:05,2024-02-22 20:02:59,80034,2356.211,+14284966865,,TWR-58624,4G,,655.1037,rated,0,2024-02-21
d544ee7b-0621-42d9-a161-3d83fe5f20f0,411192ec-285a-42df-a220-3cd315dfc7d1,voice_mt,2022-10-14 09:07:33,2022-10-14 09:41:35,2042,,+17812339123,+18171435708,TWR-51468,5G_NSA,,70.3509,rated,0,2022-10-14
61eeba8d-9995-45bc-96ed-b066aed322cd,e2744243-ad2b-4120-80c3-561dbb3d2dd3,roaming_data,2022-07-05 09:03:51,2022-07-05 10:41:59,5888,1604.79,+19644770512,,TWR-21274,5G_NSA,BR,32.3909,rated,0,2022-07-05
0965e2b6-4839-45a5-9253-54d094dda932,c944b3bb-638b-4dc8-a1fb-5aaea89322b7,roaming_voice,2023-03-19 21:59:48,2023-03-19 22:29:07,1759,,+19594861368,+16761067278,TWR-25560,3G,MX,54.5395,partial,0,2023-03-19
bc1661c1-3470-403c-8a12-04843fb5668c,8d844f88-1d51-4dc4-933d-e6a7a200455c,data_session,2022-10-26 05:25:37,2022-10-26 17:29:19,43422,5340.518,+18692563875,,TWR-59410,4G,,603.3828,rated,0,2022-10-26
9afc6c42-31e5-4a00-b517-f1e0a1547ab3,e3971efc-da6c-4b3e-8e2f-34be7e9d33a0,sms_mo,2022-02-19 19:13:04,2022-02-19 19:13:04,,,+15685133378,+17850281585,TWR-21775,LTE,,0.0,rated,0,2022-02-19
1b19f85b-575e-4072-9589-1407a52fb0e9,c1b19ac7-2756-4214-b1c9-467139b6b9f9,roaming_voice,2022-09-22 22:59:25,2022-09-23 00:08:22,4137,,+18745264901,+15479701241,TWR-33435,5G,DE,22.8073,rated,0,2022-09-22
c5d06b13-2e1e-4494-9fd9-7a1cb249fad0,6ca35174-72c2-41c4-a1ed-d7b4cb2ceffe,voice_mo,2024-04-04 13:59:40,2024-04-04 14:02:43,183,,+12309254542,+18715353905,TWR-42562,LTE,,0.3311,rated,0,2024-04-04
d052c983-2e45-4879-96ef-09c55fae8240,8dcc5c02-84b6-4806-a87f-bc065c794a20,sms_mt,2022-10-07 20:57:16,2022-10-07 20:57:16,,,+15105307760,+13766377153,TWR-98785,LTE,,0.0,rated,0,2022-10-07
5592c67a-8547-4c42-9510-15cb45b46839,1b2a616a-efb3-4eaa-b569-fdd653dd3d3c,sms_mt,2024-03-12 09:24:05,2024-03-12 09:24:05,,,+19744877609,+14328465577,TWR-87123,5G,,0.0,rated,0,2024-03-12
01c6ab70-97d7-40a9-978a-e413f3b12b51,1b23c1c7-c4c9-4333-bb1b-9de325846dcb,sms_mt,2024-03-04 06:15:26,2024-03-04 06:15:26,,,+18485452898,+13145467860,TWR-32499,5G,,0.0,rated,0,2024-03-04
e6411575-1a6b-47ec-922e-6b5884a043b5,7ab3861e-f2ca-4f3e-844d-9aaf2208ae00,sms_mt,2022-11-13 17:01:24,2022-11-13 17:01:24,,,+19215916026,+17887870528,TWR-34373,WiFi_calling,,0.0,error,0,2022-11-13
480b20df-6fac-4cfa-be10-6f1663807e73,5c23ec16-7019-4682-9100-369b0e19ee88,sms_mo,2023-03-02 08:51:55,2023-03-02 08:51:55,,,+16972933945,+12255135881,TWR-99439,3G,,0.0,rated,0,2023-03-02
f5f5440b-7b10-4775-90bf-7c4b26553540,486c7ba6-7a4b-4af4-a895-8c1ddd4c8a10,roaming_data,2023-08-08 03:47:32,2023-08-08 12:21:28,30836,6518.339,+17260177335,,TWR-20502,5G,US,1037.417,rated,0,2023-08-08
8a352bc6-9ed5-4849-b033-58d6ec87987a,be0481ce-2bf2-46d0-a064-7921574b01c6,voice_mt,2023-12-16 22:27:47,2023-12-16 22:41:59,852,,+14533179972,+16187156606,TWR-33435,5G,,18.5777,rated,0,2023-12-16
cc1e580f-0b9d-4b2c-b8c0-3d38919ac93d,6e851d0d-c871-481b-b50e-248fd325769f,sms_mo,2023-09-04 09:50:58,2023-09-04 09:50:58,,,+18769491731,+16912508541,TWR-33435,4G,,0.0,rated,0,2023-09-04
c41832b0-a2c4-46f7-830d-cf23c99e5df2,dd6d48d1-9031-40c6-95d8-577c6c42a70e,voice_mt,2023-01-18 01:25:11,2023-01-18 02:09:02,2631,,+13079514141,+16465563825,TWR-19488,4G,,55.8722,rated,0,2023-01-18
42efc94c-92b5-43ef-9ca9-e43d643e5e25,1a1eec0c-0322-4364-b74b-d8c2adcdc051,sms_mo,2022-02-27 10:07:16,2022-02-27 10:07:16,,,+15904239671,+19880742470,TWR-19488,4G,,0.0,rated,0,2022-02-27
c7bd50d9-03cb-4533-ab62-f3f2ec7c18bb,1f878f33-d62a-459d-8bb1-be28dea7d0e5,data_session,2024-03-20 18:25:44,2024-03-20 19:47:58,4934,2100.951,+16687257750,,TWR-90375,LTE,,230.6322,rated,0,2024-03-20
b2a2dfa6-f8d8-4f64-8e76-406a87f9f33a,1a1eec0c-0322-4364-b74b-d8c2adcdc051,sms_mo,2023-09-18 18:37:01,2023-09-18 18:37:01,,,+18980386923,+19303519196,TWR-65760,5G,,0.0,rated,0,2023-09-18
b6bfcc59-2643-4331-8f66-ec5084d49907,486933c1-d945-4008-bdc0-a0e73519d890,roaming_data,2024-05-29 02:36:03,2024-05-29 10:45:39,29376,6757.917,+17956236903,,TWR-90922,WiFi_calling,GB,288.7729,rated,0,2024-05-29
8f941526-fe48-4b4c-9f8c-865a267d16ae,8e0f217d-2104-45cf-bfca-00c7f073c640,roaming_data,2024-03-10 11:56:03,2024-03-11 06:04:53,65330,6643.539,+15011148100,,TWR-14927,LTE,IN,2888.922,rated,0,2024-03-10
60b2ee1d-b79d-45be-9360-3b9ef7c10710,518ec484-4c63-414a-b213-f7d502b4b50b,roaming_data,2024-02-15 14:19:50,2024-02-15 14:54:09,2059,4433.98,+14963961142,,TWR-20874,5G_NSA,DE,51.2176,rated,0,2024-02-15
536d93fa-c141-4148-8ba7-1e62182515db,211deab4-2722-4ad1-b72f-ad3bca960f5e,sms_mt,2024-01-27 21:01:35,2024-01-27 21:01:35,,,+15924993498,+12971401998,TWR-96581,WiFi_calling,,0.0,rated,0,2024-01-27
65bc2ed3-dbf6-411b-b548-b6a99f320d82,e2a5beba-662b-4ddd-a083-464f13e1b5b6,roaming_data,2024-07-28 01:14:00,2024-07-28 10:57:28,35008,1418.2,+18809582569,,TWR-33071,4G,FR,122.6061,rated,0,2024-07-28
d35c488c-e06c-4c19-bc16-4fcf9b854a8a,a0756194-e090-4695-982d-70ebbddac8ac,sms_mo,2023-05-20 11:31:20,2023-05-20 11:31:20,,,+16256232432,+15613429956,TWR-63516,WiFi_calling,,0.0,unrated,0,2023-05-20
ed17a657-9809-4427-a31c-32a8fd145aaf,d9a472ce-b38a-4acf-bc69-a76d5993c02b,data_session,2023-07-09 05:20:08,2023-07-09 08:15:16,10508,4756.749,+19656165728,,TWR-65732,3G,,176.3469,rated,0,2023-07-09
011db820-03ce-4ffc-a474-ac5328148871,cc103fab-cb55-4729-8155-1f56a243abc6,roaming_voice,2024-05-25 19:49:34,2024-05-25 21:45:17,6943,,+18850581658,+14039280980,TWR-96136,3G,,35.1418,rated,0,2024-05-25
39e58735-5a41-4308-8894-2872b05b885c,e05f5ac3-eb25-468f-95ea-7d1adffe0252,sms_mo,2023-10-05 17:11:32,2023-10-05 17:11:32,,,+13984930110,+12138708843,TWR-75697,3G,,0.0,rated,0,2023-10-05
1c47394e-b2d2-4c3a-8289-05d2ae4e7141,5c4c82ae-b94e-413f-8f03-40ef47ad4dd0,sms_mo,2022-01-06 22:35:45,2022-01-06 22:35:45,,,+15666055036,+16842611344,TWR-75954,4G,,0.0,rated,0,2022-01-06
6c9a70ae-8943-40c1-9222-6b68ced88ea9,681fab55-0944-4960-93e8-6208b05ad36a,roaming_voice,2023-11-24 02:24:23,2023-11-24 02:55:37,1874,,+16772868213,+18420051917,TWR-80599,3G,,92.8388,rated,0,2023-11-24
d0b32972-fa6e-47de-b713-0acb47894669,3996be75-ee56-41e0-aefb-d2c7d0472b42,data_session,2024-10-28 12:44:32,2024-10-29 11:18:51,81259,4612.647,+18985525432,,TWR-99759,WiFi_calling,,1727.2524,rated,0,2024-10-28
60bbee36-de3e-4689-8ef3-1bb9894d4cf5,3f5fa91f-fc50-4318-91ad-f686fb8fd860,sms_mo,2022-10-19 08:40:58,2022-10-19 08:40:58,,,+16430041110,+16027048400,TWR-13054,3G,,0.0,unrated,0,2022-10-19
6c6b55d9-cc37-4ad0-b0bd-128dd31e15c7,6e0c6ffb-2f76-4181-82b8-ae52f34cf0b6,roaming_voice,2024-10-18 11:43:18,2024-10-18 13:14:03,5445,,+14801103374,+12121228143,TWR-28830,5G_NSA,FR,78.7009,rated,0,2024-10-18
6a0f7f0e-9ec1-4900-a565-c8c4c4e94522,8afec3a0-4212-4b8b-bb52-21d2e52177a3,voice_mo,2024-08-15 12:44:21,2024-08-15 14:06:40,4939,,+15690921010,+13915754564,TWR-40658,4G,,155.0034,unrated,0,2024-08-15
795ca2ac-b5ec-4f86-95b3-ccb7062698cb,8009adb4-6ffc-4767-8e76-31b786b6bac2,voice_mo,2023-03-16 01:45:13,2023-03-16 03:33:12,6479,,+15205928154,+16495752210,TWR-66481,4G,,43.0535,rated,0,2023-03-16
fbbac7ef-6c7e-4df1-92b8-29e0f7fc23e1,b8b111a9-c472-4df2-a5bd-b9c816f13a22,roaming_data,2023-10-08 08:39:10,2023-10-08 22:07:08,48478,2393.262,+19500442853,,TWR-91089,4G,JP,2375.1276,rated,0,2023-10-08
bff4c8d6-caa1-4618-a278-1b3a43280084,00ad5705-c43e-4bb7-b543-60ff41917aad,sms_mt,2022-08-26 22:42:49,2022-08-26 22:42:49,,,+13136572390,+17102433893,TWR-96273,5G,,0.0,partial,0,2022-08-26
df2a301f-9212-40c6-8b26-12c9b7b335dd,9c30e956-c302-44ee-95c6-9abd63c1f26e,sms_mt,2022-09-22 11:02:37,2022-09-22 11:02:37,,,+12014525078,+19805653024,TWR-40180,WiFi_calling,,0.0,rated,0,2022-09-22
d674f8e0-7645-4f15-8506-c98540447250,f0cb285c-99c1-4c3f-b5eb-1adce8916b42,voice_mo,2024-11-01 17:28:54,2024-11-01 18:05:15,2181,,+14809439645,+15483508077,TWR-84306,3G,,20.285,rated,0,2024-11-01
208fae1d-af9a-4c59-ad28-9a0ef175e975,3802c697-cc3b-479c-9d2b-ce9b7870944b,voice_mt,2023-01-03 12:42:25,2023-01-03 14:04:41,4936,,+18758113002,+13376781639,TWR-33462,5G,,188.9432,rated,0,2023-01-03
45fd2afd-d3d1-4d5d-9549-e96c35bce5d4,39c53ccd-ea19-4cb4-9efe-745f1677dfe4,voice_mt,2024-10-17 10:07:11,2024-10-17 10:33:07,1556,,+15966668618,+14019244611,TWR-35489,5G,,29.9394,rated,0,2024-10-17
12c04710-77cb-4705-8c6c-6059fd737c37,cf983bec-7492-438e-9a2f-4d755a2db75e,sms_mt,2023-06-03 13:45:34,2023-06-03 13:45:34,,,+15200360866,+16034150190,TWR-90922,5G_NSA,,0.0,rated,0,2023-06-03
1ec2f935-031a-49f9-bf11-bcbf308a4a5f,751f3cc9-1634-41f6-949e-f0e67d0d195e,voicemail,2024-04-16 16:48:38,2024-04-16 17:19:02,1824,,+12875646783,+16939742013,TWR-77981,4G,,,rated,0,2024-04-16
e7e115d1-6a08-427e-a3d4-496162f729d6,aec2006b-22a8-4516-be15-8e391b3e2abd,voice_mo,2023-03-16 23:48:16,2023-03-17 00:11:48,1412,,+14133438920,+15875631434,TWR-21348,3G,,65.4373,rated,0,2023-03-16
2ae77422-b575-4501-8498-a0b53e3d8b06,811c0e44-d8e1-43fb-8d2e-702d1823032c,voicemail,2024-01-30 22:38:53,2024-01-30 23:20:38,2505,,+12354412689,+19369690953,TWR-29718,3G,,86.2613,rated,0,2024-01-30
cc7a8101-410a-4976-8b22-9257968a2078,50b2c97a-234e-4492-9d81-9c54ac6a1f67,sms_mo,2023-06-08 08:23:21,2023-06-08 08:23:21,,,+13605809595,+15617373626,TWR-26561,WiFi_calling,,0.0,rated,0,2023-06-08
eee46cfb-4f63-4d7b-9f07-98687107224c,d18a0bdc-5f0f-425a-9e7b-76151887bcc7,data_session,2022-05-11 17:18:10,2022-05-12 13:12:20,71650,3042.59,+13021892806,,TWR-40174,5G_NSA,,2328.8286,unrated,0,2022-05-11
a1e1b270-4166-4555-8a9d-e2b6002dd806,6e32bfb7-2ee9-47b8-ab7d-850ba54c88b5,voicemail,2024-09-12 08:10:30,2024-09-12 09:11:56,3686,,+17158001152,+17450080768,TWR-26682,5G,,39.7797,rated,0,2024-09-12
dabb2269-9e4d-40da-920d-50cf5cd0b36e,d78ae58d-8c36-4e72-9306-4f872cc4ab35,data_session,2022-01-30 06:17:26,2022-01-30 08:04:28,6422,3149.495,+17406114228,,TWR-29718,LTE,,35.8534,rated,0,2022-01-30
3bbd36ce-bc50-40ed-93aa-9f1d450204f9,63a0d475-a855-4903-9719-b3067ebdcb99,sms_mt,2023-01-07 00:08:09,2023-01-07 00:08:09,,,+14713137888,+19349992945,TWR-87123,WiFi_calling,,0.0,partial,0,2023-01-07
5a1c0231-0396-4aec-952b-9be4654c7c4c,1f02e5a7-4b49-48c0-81b3-1024c85933f2,data_session,2024-01-23 19:32:30,2024-01-24 05:27:30,35700,6372.006,+12334369973,,TWR-25363,3G,,897.831,rated,0,2024-01-23
c8a6efc5-d7ea-4ef8-b487-7a3176574f04,6e32bfb7-2ee9-47b8-ab7d-850ba54c88b5,sms_mt,2023-11-25 06:34:43,2023-11-25 06:34:43,,,+12555558504,+13397293826,TWR-28830,5G_NSA,,0.0,rated,0,2023-11-25
fb25b81f-d946-4923-a043-b836b968687e,10ed804b-444f-4fff-9276-8bd1345951ed,roaming_voice,2022-05-24 13:02:33,2022-05-24 14:21:22,4729,,+13801548745,+13691523411,TWR-10998,LTE,IN,11.1699,error,0,2022-05-24
5eb83147-576b-415b-ae59-938bbc7de438,e9c128cd-d3f1-4929-9f9d-e03718145e49,voice_mo,2022-10-01 02:44:24,2022-10-01 03:04:31,1207,,+13333730581,+19535432276,TWR-33462,WiFi_calling,,38.8238,rated,0,2022-10-01
67bd49f7-0156-4b63-a606-e4e94296702b,5cd8ba26-deb7-4337-b818-5634514d2f0c,voicemail,2024-05-11 16:43:45,2024-05-11 17:50:14,3989,,+16500514053,+12996861609,TWR-50718,5G_NSA,,173.4568,unrated,0,2024-05-11
d5c280fe-ac4c-4251-91f4-f544ae01252b,c78a3aae-8fe2-40c8-bf6d-f21d2464acc6,voicemail,2024-01-22 09:09:35,2024-01-22 09:36:22,1607,,+12344422073,+13442258202,TWR-17261,5G,,42.5745,rated,0,2024-01-22
cd150fb5-aa11-4410-9a59-0da322acc31b,1502694c-a195-475a-8950-83e68864d7f2,roaming_voice,2022-11-17 08:50:08,2022-11-17 09:11:09,1261,,+19001334935,+12569857814,TWR-48718,5G_NSA,GB,15.205,rated,0,2022-11-17
dabd4e8e-60ba-414d-ab53-d25493deae0a,8cdc0f62-54ac-4bfb-8307-bcf3512e3dc1,data_session,2023-05-03 08:24:28,2023-05-03 11:35:40,11472,4198.103,+13473185915,,TWR-48846,WiFi_calling,,416.5684,rated,0,2023-05-03
5796770f-5c69-43da-bac1-f524febf0332,19bf72c5-aa14-4985-8e5e-fefb37a856d9,data_session,2022-02-07 21:40:16,2022-02-08 11:48:59,50923,6332.211,+12836839583,,TWR-30895,5G,,517.9152,rated,0,2022-02-07
4825be01-a76e-4433-8ce4-e6ef977435eb,14182e59-bdb1-4440-8084-e2cebcd7afba,voice_mo,2022-08-06 15:21:34,2022-08-06 16:26:00,3866,,+14491999889,+19927269349,TWR-97532,WiFi_calling,,140.0439,rated,0,2022-08-06
6ebb6d11-39eb-4117-8cc4-2ddf9b34f46d,545a53e2-182a-4a82-aabb-ccd33de5488d,data_session,2022-10-04 15:01:42,2022-10-04 22:20:28,26326,388.82,+15299788600,,TWR-26682,3G,,81.4261,rated,0,2022-10-04
8a0e874e-2cf6-4f53-9073-7caa44bbe1ec,fa29d837-5885-4e66-8a4f-66a4f13bea06,sms_mo,2023-09-14 01:54:56,2023-09-14 01:54:56,,,+19981015073,+16215814777,TWR-86767,WiFi_calling,,0.0,rated,0,2023-09-14
6d8d724d-429a-4b16-a8ce-b41458d55494,24eb370f-0fa8-4e4f-b6cd-7cc287bd1469,data_session,2024-06-25 03:08:00,2024-06-25 07:56:38,17318,4555.969,+13155241340,,TWR-25560,5G,,202.1748,rated,0,2024-06-25
d4df1f04-f167-4d2f-82da-3010ce83badb,8fad7af3-c99f-475b-99ce-e26bdf3bb5a9,roaming_voice,2022-09-23 05:59:03,2022-09-23 06:42:52,2629,,+17354901122,+18428204233,TWR-72092,5G_NSA,CA,79.2301,rated,0,2022-09-23
298e19c9-feb1-401f-bf77-84803eb55a8e,852ede2d-f618-4a13-873d-6e1570b801e5,voice_mt,2022-02-24 05:24:35,2022-02-24 05:33:30,535,,+16034410802,+19796878239,TWR-98381,5G,,3.9772,rated,0,2022-02-24
83f8190e-0bef-4a7f-8bc1-4b44a0038c95,3fc600ae-60f5-4c1d-9b20-9b39062b3f01,roaming_data,2023-09-02 05:28:23,2023-09-02 11:00:47,19944,4618.181,+12990997934,,TWR-54151,5G,BR,78.3331,unrated,0,2023-09-02
f85b287d-d486-4990-bc75-9ba2c6d0bcb0,7204670c-94ea-4495-8429-281763530c19,data_session,2023-12-15 23:52:35,2023-12-16 01:41:36,6541,5002.671,+19507730984,,TWR-51147,WiFi_calling,,70.8045,rated,0,2023-12-15
7d4dc6ba-f799-4502-948f-d701e8d01c36,04b25dfe-8338-4cb7-a8ad-9485965c0918,data_session,2023-09-11 09:05:10,2023-09-12 01:45:09,59999,7899.494,+13500073432,,TWR-51147,LTE,,2141.9245,rated,0,2023-09-11
6651b00e-0e6a-42dc-8d66-6ec790334c65,85366068-5f05-4a72-b071-240845fb4576,voice_mo,2024-12-17 02:15:48,2024-12-17 02:50:43,2095,,+19732668341,+18717319682,TWR-24390,LTE,,43.6175,rated,0,2024-12-17
e45c2a63-8f0e-45c5-aebf-11a8e45bab3d,a2bf2282-f52b-459f-88d8-66384f316e27,voicemail,2024-07-11 11:49:36,2024-07-11 12:41:19,3103,,+15381217857,+18255813898,TWR-75697,4G,,89.9331,error,0,2024-07-11
59468837-1290-467f-b11d-48a5662f581f,1d437385-e2ec-4736-8009-e627d4e02164,voice_mt,2023-08-21 12:51:12,2023-08-21 12:53:47,155,,+12855272189,+16997530731,TWR-20874,5G_NSA,,5.6265,rated,0,2023-08-21
9635027e-b55f-4f7d-b327-d022b07c90cb,2cb84d41-078c-4f5f-8607-25c6df53cee4,roaming_voice,2024-12-04 03:31:17,2024-12-04 04:49:05,4668,,+16463771694,+13686229234,TWR-16249,5G,,62.5696,rated,0,2024-12-04
88b736bf-439b-4783-8985-7908febf2d6d,ecf01e3d-7007-4cbc-9483-f1d409669ccd,sms_mo,2022-09-27 03:18:14,2022-09-27 03:18:14,,,+15730668879,+14764168948,TWR-26926,4G,,0.0,unrated,0,2022-09-27
20713d55-97b1-46f6-a3df-0fd0bb7a613c,fcb9f710-de18-4050-b97d-082c4428ecaa,roaming_data,2024-05-19 18:53:34,2024-05-20 01:33:08,23974,7113.033,+17095217865,,TWR-31077,5G_NSA,DE,639.2395,rated,0,2024-05-19
3a359b15-7066-40e8-ba40-35e798ef6ce6,25e9db86-f6f9-480b-be4c-2692033ccee2,roaming_voice,2024-11-16 21:07:15,2024-11-16 22:33:29,5174,,+17657240383,+16259878667,TWR-78603,3G,FR,33.2506,rated,0,2024-11-16
bbb0a1e3-6080-45e0-adde-5dfabced9c23,e1a0cc2b-4b1f-4b55-9594-ac1f33854269,voice_mo,2024-04-25 07:52:00,2024-04-25 09:26:23,5663,,+19048225817,+16121752423,TWR-51147,WiFi_calling,,236.1749,partial,0,2024-04-25
219f6a43-3b60-424f-b11d-cccc27496d09,2c96a091-40f3-49e1-adbe-707a086a8520,roaming_data,2023-10-26 13:52:58,2023-10-26 16:46:07,10389,5080.823,+12413351898,,TWR-90085,LTE,BR,283.3955,rated,0,2023-10-26
3f1f67e1-3c12-4e2f-a85b-5315edac319b,fc9290b7-18bd-4604-811d-533bc9258a94,sms_mt,2022-07-06 07:29:47,2022-07-06 07:29:47,,,+16761813150,+18975772930,TWR-98898,5G,,0.0,rated,0,2022-07-06
2a894539-1edb-4242-aec0-3e18e5337197,7f0fbb15-97ea-42e2-aa8f-266507cf2880,voicemail,2023-11-07 17:59:42,2023-11-07 19:21:42,4920,,+17588387092,+15287405303,TWR-56861,4G,,47.844,rated,0,2023-11-07
5f22ea21-6aa9-4d98-ac77-283729a02e43,59e4b437-a4e6-4566-96ba-cf5b07f4ae48,voicemail,2024-08-10 00:29:44,2024-08-10 02:03:04,5600,,+18685013356,+18097056120,TWR-29959,4G,,112.098,rated,0,2024-08-10
258517b3-b8f6-4c68-9f43-b7e1756a7b7f,9d68fc09-7e14-4887-8662-ebfd8d378019,roaming_voice,2023-11-30 12:08:24,2023-11-30 12:40:43,1939,,+14156177336,+17450612062,TWR-89365,5G,DE,50.7959,rated,0,2023-11-30
59c7189f-7985-479d-bd6e-9ebc6fa3c62d,be4c4bb1-caa1-4b4c-ba30-70dd332bc689,voicemail,2024-09-22 04:26:22,2024-09-22 05:43:59,4657,,+16633488137,+14210593721,TWR-40174,LTE,,19.1681,rated,0,2024-09-22
15bde877-ca81-407f-a242-6b15b5c9c799,62193876-6369-4ee5-9279-d650fa91ba4f,voice_mo,2023-05-25 01:54:08,2023-05-25 02:19:01,1493,,+15716541800,+13819559406,TWR-56568,5G,,42.5706,unrated,0,2023-05-25
143a7e92-db5c-4859-bd7f-a739bd12106d,d635b079-6763-4423-a86c-c8c9e1f2d5e5,roaming_voice,2024-04-26 23:24:11,2024-04-26 23:48:10,1439,,+13843085217,+15521785968,TWR-22646,5G,US,66.1654,rated,0,2024-04-26
71f373b9-72d5-46ff-a2bd-5103488888ce,24c4afe3-ecb8-4534-8b77-96ea520e83cb,roaming_voice,2024-10-11 18:29:56,2024-10-11 19:03:28,2012,,+12012026848,+14050387560,TWR-28731,5G,IN,64.2194,rated,0,2024-10-11
7c59910c-a805-463b-a49e-b3aea14f1b02,9193cedf-3f22-4a3a-8f0f-70e5104df34f,voicemail,2024-02-16 00:50:47,2024-02-16 02:27:17,5790,,+17137739487,+18704668202,TWR-63516,4G,,102.4506,rated,0,2024-02-16
dfe159ae-c13e-47fb-887a-9df3efc4bcd3,44a084bc-68b4-4b0d-95f3-6d6851c09a36,voicemail,2024-10-16 21:16:00,2024-10-16 22:42:24,5184,,+12830012695,+13939486412,TWR-43761,LTE,,238.802,rated,0,2024-10-16
3abe5afa-326a-4a69-83d5-57f2e8d31361,551b38b0-cbcc-4a07-a732-f27b6e4635b1,sms_mo,2023-09-12 13:06:31,2023-09-12 13:06:31,,,+18702171258,+14630246802,TWR-26682,5G_NSA,,0.0,rated,0,2023-09-12
488a4703-66b5-4186-a0ee-e50705172253,47bd61dd-eb97-4da5-9b88-dadf9daa8dd5,sms_mo,2024-09-29 02:41:59,2024-09-29 02:41:59,,,+18960056043,+18267629469,TWR-52021,5G,,0.0,rated,0,2024-09-29
2e939d2c-7096-4c57-b301-9386af6e4182,7ab3861e-f2ca-4f3e-844d-9aaf2208ae00,voice_mt,2022-12-14 11:46:54,2022-12-14 13:28:27,6093,,+16669224894,+12408777797,TWR-43761,4G,,42.7896,rated,0,2022-12-14
587e793f-5deb-411c-ba3d-b04ef69e86c3,fb1a2362-5f2d-4ebf-b8ed-2354ebd80114,sms_mo,2023-08-17 20:31:12,2023-08-17 20:31:12,,,+17090021254,+19885781586,TWR-38402,4G,,0.0,rated,0,2023-08-17
7c0c9092-daf7-445d-ae24-ca188ab775f3,be0481ce-2bf2-46d0-a064-7921574b01c6,sms_mo,2024-05-25 13:29:55,2024-05-25 13:29:55,,,+17625842150,+15282104057,TWR-79574,5G_NSA,,0.0,rated,0,2024-05-25
3989b257-0437-4291-851e-3efe33fa5fb3,5539314e-5536-40cb-90ab-2936bc5efcb5,roaming_data,2022-11-07 05:19:54,2022-11-07 08:21:27,10893,7220.503,+17469864492,,TWR-48718,3G,CA,142.9066,rated,0,2022-11-07
d5005f02-be5a-45b8-89db-3d1c250519c1,20bb936b-58a4-4abf-a5e4-4bc3272ef835,sms_mt,2023-04-03 06:14:47,2023-04-03 06:14:47,,,+16522932195,+14288924074,TWR-48126,LTE,,0.0,unrated,0,2023-04-03
a7a27e10-541f-450e-82ab-50eea37a475d,df829980-d5d2-40bf-abac-3b11fd20b2fe,voicemail,2024-09-03 05:23:50,2024-09-03 05:33:32,582,,+13355331136,+13415350298,TWR-54139,5G,,3.961,rated,0,2024-09-03
75191fc7-47d3-46e7-92ec-f1a9bcd40103,80e68ce1-fcea-4a54-94fc-f33380a01fca,sms_mo,2024-04-06 10:26:21,2024-04-06 10:26:21,,,+14187244167,+16329372823,TWR-50718,5G,,,rated,0,2024-04-06
230ce4d9-67ea-4cc4-b313-fceeca117e3f,03a90656-d2b5-459b-bd24-cb3ab49c3159,data_session,2023-07-14 14:16:54,2023-07-15 03:59:58,49384,3252.169,+13876502588,,TWR-65760,LTE,,1262.1133,rated,0,2023-07-14
9a62998c-acad-481d-86e8-2bfdf8b6ba7a,36a65df3-5d7f-406b-8d74-a802d98c7287,data_session,2022-10-29 23:16:29,2022-10-30 04:47:07,19838,4944.704,+14265334228,,TWR-38288,LTE,,676.0729,rated,0,2022-10-29
665b25ab-aa25-4993-96d5-62d584a9f71a,4434a984-034c-49c1-9043-86052ddc8cc3,roaming_data,2022-03-22 06:32:45,2022-03-22 19:37:30,47085,3319.638,+12820375175,,TWR-93942,3G,BR,453.3239,rated,0,2022-03-22
8744b9bb-aefd-4a1d-afe4-39e58e6fa5b5,e67a8544-520a-4e12-8aba-0a49f9a0624c,sms_mo,2022-05-12 06:33:56,2022-05-12 06:33:56,,,+19714999133,+17134006953,TWR-56861,LTE,,0.0,rated,0,2022-05-12
7280da58-77cd-47e7-ba2e-5ad1ea957065,44a084bc-68b4-4b0d-95f3-6d6851c09a36,voice_mt,2023-04-16 05:47:31,2023-04-16 07:18:19,5448,,+19865348916,+14350641787,TWR-93894,3G,,141.2492,rated,0,2023-04-16
030baa71-c0a2-4199-addf-35c8fe03fc3c,cdb52ff2-f767-43de-9861-1124c6a35bbd,voicemail,2022-07-18 13:12:36,2022-07-18 14:20:45,4089,,+12922733242,+14178926731,TWR-21508,3G,,78.9138,partial,1,2022-07-18
812bd8b4-8924-4f7f-b9c0-8a7b9af7a174,cd573bbc-bdaa-44f4-b1be-00e8d978645c,voice_mo,2023-02-10 02:01:54,2023-02-10 02:35:40,2026,,+19869339359,+16239717892,TWR-88042,WiFi_calling,,31.4637,rated,0,2023-02-10
2b01fd01-a003-4b41-8fff-800b5f91707b,b868e7d4-2fb3-4c59-aea9-6a3e57e0ae4a,data_session,2024-08-28 23:23:57,2024-08-29 22:42:07,83890,1818.303,+13532436020,,TWR-62242,5G_NSA,,99.8631,rated,0,2024-08-28
133e9827-ffed-4acb-be70-4208addafb42,fbc79e00-1e29-4588-89c4-243267e78c26,voice_mo,2022-07-23 23:10:26,2022-07-24 00:08:45,3499,,+19834070109,+13094796903,TWR-35333,4G,,83.3173,rated,0,2022-07-23
ea077d54-e127-4763-8c8a-60af1de89e16,6186a91e-07e7-446b-b559-027b3d26b793,voice_mo,2023-12-10 13:52:33,2023-12-10 14:43:19,3046,,+13681309983,+14442675891,TWR-27160,3G,,141.1599,rated,0,2023-12-10
19b095b9-6b8e-49f5-a658-0cdb833e7742,4d6e9135-85b8-461f-b76a-9f870fcc5cad,sms_mo,2023-04-20 13:25:04,2023-04-20 13:25:04,,,+13455777887,+14414707436,TWR-28731,WiFi_calling,,0.0,rated,0,2023-04-20
10bd2ae8-b6a4-462b-93da-53ab3b25b14d,922f4c01-9994-4972-8411-0e77697d89c5,voice_mo,2023-05-01 14:32:23,2023-05-01 14:58:43,1580,,+17125470551,+12865082914,TWR-47000,5G,,51.6315,rated,0,2023-05-01
1a1c8c4a-38f4-4e6c-a292-c0ccd945bda0,bd57a560-0b95-40a7-a2c7-446ba0c3fca6,voicemail,2023-11-10 14:36:33,2023-11-10 14:43:40,427,,+13314190654,+18101114181,TWR-42918,4G,,10.6456,rated,0,2023-11-10
e0a1fe63-2f1c-4a4e-b76c-7294f71e9001,8c3a0288-f232-45fa-b20f-08336bf12657,voice_mo,2022-10-13 03:57:15,2022-10-13 04:37:08,2393,,+15254540120,+19152122582,TWR-36707,3G,,11.9413,rated,0,2022-10-13
77817df3-0afa-40cc-9469-8082aae94984,168cd9f8-745b-41fc-bb9b-f24e1d1b2f3b,voicemail,2024-07-29 19:25:06,2024-07-29 20:49:53,5087,,+17520082046,+15585489678,TWR-92839,LTE,,38.8219,rated,0,2024-07-29
9ec19667-b4e2-4414-8ba8-4ea0c070f31a,c1b19ac7-2756-4214-b1c9-467139b6b9f9,roaming_voice,2023-09-28 02:52:47,2023-09-28 03:43:57,3070,,+18677691102,+14346354036,TWR-68061,5G,IN,117.6542,rated,0,2023-09-28
ae2c7468-8ce2-4f5f-8f95-85c5e1024a54,2b331a27-7545-474d-b6c3-322b3be09f64,voicemail,2023-06-05 09:34:39,2023-06-05 11:26:50,6731,,+17787276595,+17281003133,TWR-92839,WiFi_calling,,202.0167,rated,0,2023-06-05
f7350789-432a-4e94-9e08-6d9cc2691fa7,34e17e95-93ba-418b-b55e-cd6ad402d1a6,voice_mo,2024-07-13 22:04:04,2024-07-13 22:07:11,187,,+12689140921,+12989466026,TWR-22646,4G,,0.933,rated,0,2024-07-13
8ee5cfdd-6d24-40ec-b36b-8c2fbdabb625,95f67eb9-a596-46b7-8cc5-02dc31897813,sms_mo,2023-12-17 01:23:07,2023-12-17 01:23:07,,,+13945013908,+14073542677,TWR-51825,5G,,0.0,unrated,0,2023-12-17
988c1137-b7ca-45c7-937f-0f53d9bd3aba,37ed0713-fecc-4627-877d-2f969ca67df8,voice_mt,2024-07-04 05:39:12,2024-07-04 07:33:15,6843,,+13365672066,+17400021397,TWR-68061,5G,,98.8746,rated,0,2024-07-04
0a7f568d-017c-4c70-8794-db38858bf93a,78d268ce-55b2-4a42-8083-fd9efa326ff9,sms_mo,2023-10-14 05:54:40,2023-10-14 05:54:40,,,+18779289443,+19604003215,TWR-62950,3G,,0.0,rated,0,2023-10-14
c309f487-fabd-4d14-936b-8ce1e90b2ac6,ce39e10d-46fb-40f3-b9aa-88099a6e1d6c,roaming_data,2023-06-09 05:12:46,2023-06-09 06:13:28,3642,4403.479,+16221624900,,TWR-48408,5G,IN,97.3838,rated,0,2023-06-09
55df4097-34b1-44a0-81f6-545871aa8014,2d47597d-d964-4017-9f04-12ba64c451f6,voicemail,2022-10-28 17:37:49,2022-10-28 18:02:43,1494,,+18210812272,+18357389532,TWR-55269,WiFi_calling,,48.8766,rated,0,2022-10-28
c416c14f-a0c2-498f-b0ec-9d049495b4fe,20bb936b-58a4-4abf-a5e4-4bc3272ef835,data_session,2024-08-15 23:20:52,2024-08-16 13:31:00,51008,4928.665,+13062589395,,TWR-89696,LTE,,2005.4011,rated,0,2024-08-15
44a85f83-8919-4718-96e8-5dda91b85e3b,91e7c52a-c897-4018-b239-039c5a6f757f,data_session,2024-01-01 19:44:08,2024-01-01 19:46:14,126,2302.13,+16940944792,,TWR-59018,3G,,5.7494,rated,0,2024-01-01
2539f921-b157-4524-8a18-57a932aa1de9,236238c5-94f7-4337-99d1-122a2406a783,data_session,2023-11-22 12:56:54,2023-11-23 12:13:04,83770,3263.414,+19706083380,,TWR-22145,LTE,,3873.5417,rated,0,2023-11-22
4ca61896-23a7-4d4d-9916-ddf43c94343d,8e0f217d-2104-45cf-bfca-00c7f073c640,voice_mo,2024-11-28 13:18:44,2024-11-28 13:24:16,332,,+14198180075,+17819883541,TWR-56861,4G,,12.9936,rated,0,2024-11-28
702e4715-c991-43dc-8a33-150e75d242e2,ae970cbe-ab63-4c5f-b53f-0e2d4a1e61db,sms_mo,2023-05-14 06:58:31,2023-05-14 06:58:31,,,+13506401892,+14209504159,TWR-99759,5G_NSA,,0.0,rated,0,2023-05-14
facf3d36-18ec-4e3d-aaf2-63ad7c985781,89e3b790-a19b-4fe7-9bfb-3eb88978925d,sms_mt,2022-08-14 21:32:45,2022-08-14 21:32:45,,,+15871163577,+12245252552,TWR-17261,LTE,,0.0,rated,0,2022-08-14
9d80cac7-5af6-4d46-ad0e-d73638436025,6057ba8b-01f0-4a5f-bbda-bbdafe51caca,voice_mo,2024-11-19 04:34:49,2024-11-19 05:54:53,4804,,+16030683364,+17958691367,TWR-26561,5G_NSA,,95.593,rated,0,2024-11-19
b61e6ff7-3fd2-435d-bb73-d2c2b6233542,8234af14-18c4-4b20-9b40-cf928b044f43,sms_mo,2024-04-14 23:26:26,2024-04-14 23:26:26,,,+13260143701,+18651232516,TWR-42731,5G,,0.0,rated,0,2024-04-14
bfd253f2-18b3-402b-974f-f947fc54c85a,f7f39078-4e70-4f02-bbef-9365bdf22719,voice_mt,2023-03-07 05:35:15,2023-03-07 06:50:07,4492,,+16781426330,+18359656584,TWR-43763,5G,,172.0008,rated,0,2023-03-07
56c0eef9-07af-4689-9ec5-aefe982f1e37,880a6398-fb1e-49e9-ae47-a8f89092299a,sms_mo,2022-12-22 23:36:08,2022-12-22 23:36:08,,,+15784321448,+16120092018,TWR-75697,3G,,0.0,rated,0,2022-12-22
9868589d-fc0c-49f4-8ebb-74f6609d3e7b,aab10acc-341b-4504-8789-873fef864ae7,voicemail,2023-05-30 23:10:14,2023-05-30 23:56:42,2788,,+15036525979,+19254314179,TWR-13054,5G_NSA,,108.6239,rated,0,2023-05-30
860eeefb-5b02-4b6e-8eea-6fd4dd12d7c8,575861a6-f7b3-4d13-b556-edbe8d47924f,roaming_voice,2023-11-29 09:54:25,2023-11-29 10:35:23,2458,,+12684958963,+12370027304,TWR-96546,4G,GB,21.1187,rated,0,2023-11-29
dc9383be-3263-446f-8612-b0a817908673,10709baa-3686-4f8e-8b28-2516966c98fa,roaming_voice,2022-07-04 10:23:04,2022-07-04 11:14:06,3062,,+13321415244,+14866066410,TWR-20637,5G,JP,133.7031,rated,0,2022-07-04
2f58e3ca-587f-4136-8a30-7cda1a014dc0,2f4e13f2-c56c-4501-981f-803d8fad61f7,roaming_data,2023-01-30 21:05:40,2023-01-31 09:54:01,46101,5248.56,+19098607981,,TWR-60273,4G,IN,540.938,error,0,2023-01-30
db1b9a16-e585-429d-99de-d8ac07ba88dc,91f64d7a-b29d-4acf-914d-fa71d764be33,sms_mo,2023-03-14 05:26:12,2023-03-14 05:26:12,,,+18966728490,+15846083481,TWR-48793,5G_NSA,,0.0,rated,0,2023-03-14
cc766535-ef23-42af-a677-6ca5410403ce,09a90479-5be7-4c51-9733-c117ab9162de,roaming_voice,2024-11-16 18:33:32,2024-11-16 19:22:09,2917,,+17089952290,+14599937275,TWR-47000,3G,FR,102.2517,rated,0,2024-11-16
6a7cccbd-fd94-4b5c-b954-930ed1de5255,37ed0713-fecc-4627-877d-2f969ca67df8,roaming_data,2024-03-12 14:20:03,2024-03-13 06:38:35,58712,1286.915,+18084934677,,TWR-37713,4G,GB,2521.0049,rated,0,2024-03-12
c144af5e-b337-4f6e-adfe-7fba7d7d53a2,f8612531-e12f-4af6-ae44-b7692199081b,voicemail,2022-01-14 17:31:23,2022-01-14 18:29:24,3481,,+13728482438,+18612999889,TWR-37864,3G,,136.5618,rated,0,2022-01-14
f9127beb-56e3-470f-b85c-c2fddd9f17a6,260c4194-6703-4394-8f76-19eeef20d44a,roaming_data,2023-04-25 13:56:56,2023-04-26 04:44:11,53235,6867.51,+16909917877,,TWR-19132,WiFi_calling,,116.2024,error,0,2023-04-25
0fdeac17-ed70-49c7-a12f-79a790598095,193cdbf5-2d56-41a4-ae5c-70aabbc24509,roaming_voice,2023-07-01 16:32:41,2023-07-01 17:01:41,1740,,+15354884637,+13578282003,TWR-10998,LTE,CA,17.1614,unrated,0,2023-07-01
46643d73-5f16-49c7-b765-948c050d7dd8,97fe3aac-fd74-4cec-bdd3-ee9cf4721835,voice_mt,2022-06-22 23:08:19,2022-06-22 23:58:18,2999,,+13430099850,+13445051865,TWR-98898,5G_NSA,,133.1315,rated,0,2022-06-22
e28dbf7f-b37e-411e-9dfe-be4219459281,7fd178e0-b150-4447-b4ee-56b97bbeb7e8,voicemail,2023-10-05 21:46:01,2023-10-05 23:44:58,7137,,+15776215193,+18114566005,TWR-17261,4G,,173.5667,rated,0,2023-10-05
4a43d1a2-9fde-4ac0-a4b9-e2f419bcf74a,d9bfb399-3893-42bc-960d-425afd0aa493,voice_mt,2022-05-05 22:34:50,2022-05-05 22:37:04,134,,+16969492478,+19661207747,TWR-28731,WiFi_calling,,1.4953,rated,0,2022-05-05
0f4d31fa-9bd6-4ed7-8105-0ac635aeee1f,79f296a1-1ec1-49da-a9ab-8d96daca23f9,voicemail,2023-03-09 16:59:32,2023-03-09 18:31:24,5512,,+19541263402,+12886907849,TWR-59946,WiFi_calling,,103.4713,rated,0,2023-03-09
ca141393-06a6-4b2a-984b-4128e1f336e7,a9dfcb63-0284-4c6a-9bb8-6d63e0f1f709,roaming_voice,2024-07-26 19:05:19,2024-07-26 19:33:26,1687,,+19575513455,+19925321432,TWR-70647,3G,US,66.8123,rated,0,2024-07-26
f039ebb7-5361-4f64-a638-2ec85fbd646d,e355d845-85ce-446c-b127-038e6c2c0436,roaming_voice,2023-03-04 19:56:09,2023-03-04 21:46:12,6603,,+12804271404,+12445558361,TWR-65195,3G,MX,261.0016,rated,0,2023-03-04
e516372e-bfb1-48d9-a9d8-931339cc0008,75ba55b2-b76a-4e11-9296-fcb21c67532b,voice_mo,2024-07-04 21:59:48,2024-07-04 22:12:55,787,,+14314432572,+14724055020,TWR-97433,WiFi_calling,,15.7084,rated,0,2024-07-04
5feb456f-0771-4d11-b8a4-ed06efe60892,d4ce9171-e126-46fa-9209-a1c52b9847ca,roaming_voice,2023-10-20 08:42:53,2023-10-20 10:33:52,6659,,+19601635241,+19620901998,TWR-10998,5G,BR,178.3393,partial,0,2023-10-20
f8d79e08-bc52-4629-8789-413467906f6e,a02e4a17-a650-4773-95f9-b9085a16c214,sms_mo,2023-11-21 06:00:46,2023-11-21 06:00:46,,,+14181701057,+16874388617,TWR-21775,LTE,,0.0,rated,0,2023-11-21
5aa40515-5866-4a49-bac9-13b6666fbe3e,61c93252-8ab7-409c-a087-13dbc8fde032,voice_mo,2023-09-22 06:34:55,2023-09-22 07:36:34,3699,,+16720953923,+12503108651,TWR-75948,5G,,15.0055,rated,0,2023-09-22
aa40bf19-75a1-4401-9b3d-b2cea8d7c900,c0b5ce25-7c9d-4bd6-94ab-e2437a1632d1,roaming_data,2023-06-18 10:21:45,2023-06-18 19:03:15,31290,5661.1,+13993818079,,TWR-25560,3G,BR,1144.2043,rated,0,2023-06-18
28b06724-8841-430e-ad96-55b9df66b039,b0651c4f-d584-41c6-9b2a-7cd173e99269,sms_mo,2023-07-29 23:36:43,2023-07-29 23:36:43,,,+14320424214,+18536251575,TWR-71477,4G,,0.0,rated,0,2023-07-29
06754f23-6557-4384-8166-3f99d25eff2c,8fad7af3-c99f-475b-99ce-e26bdf3bb5a9,roaming_data,2023-11-19 03:58:10,2023-11-19 16:02:33,43463,2378.238,+15676792084,,TWR-21348,LTE,JP,108.2299,rated,0,2023-11-19
c39114b3-48b5-4a8f-93f6-2e7c288bf708,25dd5dec-551f-4a57-916d-d7155fff70c4,roaming_data,2023-02-26 05:23:53,2023-02-26 08:23:29,10776,4107.348,+15420272549,,TWR-89203,5G_NSA,IN,148.4636,unrated,0,2023-02-26
b972c881-9e97-44c6-a9b7-b946d9a0f952,fe0ce899-f214-4eca-894d-61872a14ab09,voice_mt,2024-05-03 02:49:28,2024-05-03 03:52:16,3768,,+16668065858,+19525154342,TWR-26561,5G_NSA,,41.9515,rated,0,2024-05-03
8be79e92-24f4-4a31-93e4-64bb0cdc3f67,3284e564-71ac-4d86-968a-3e6b9b0b2880,voice_mo,2023-06-11 01:54:34,2023-06-11 02:44:59,3025,,+13557605421,+14602900676,TWR-35489,5G,,98.7384,rated,0,2023-06-11
13202adc-7409-4553-b78e-3fc20a08e9a4,ff6eea5e-7b14-43e8-aad8-966e9c8f34ba,voice_mt,2023-08-30 02:48:23,2023-08-30 03:33:28,2705,,+15868505682,+14538044836,TWR-60273,5G_NSA,,80.4614,rated,0,2023-08-30
4771112f-0e4d-49c5-bf3f-73190a6589e7,70d09d38-9c2b-4865-b849-fd6e1c616e84,voice_mo,2024-11-30 22:57:05,2024-11-30 23:59:06,3721,,+17309930383,+12876755044,TWR-67425,3G,,121.9554,unrated,0,2024-11-30
51f496f0-1a86-41ac-9f9f-89d37e929acf,7d7029f6-9174-4be7-affb-30cce1479ff8,voice_mo,2022-10-11 14:42:12,2022-10-11 15:34:37,3145,,+12268078151,+16059777535,TWR-96136,WiFi_calling,,60.013,rated,0,2022-10-11
12790dac-473e-4477-905f-68b773e164bb,bdb334fe-ed51-4374-9f8b-85057bf315a8,roaming_voice,2022-09-14 00:15:46,2022-09-14 01:19:47,3841,,+12741056591,+18208083049,TWR-60209,5G,MX,129.9693,rated,0,2022-09-14
56a16309-ccb6-4dc8-9cea-6c4f5f3e345d,46925d50-563a-44be-9f1a-6018f7dfe9ff,voice_mt,2022-06-05 01:25:25,2022-06-05 03:23:14,7069,,+17174789025,+16379956854,TWR-90375,3G,,88.2127,rated,0,2022-06-05
109e89c9-a2e3-4620-9fdd-dbd5b487aa58,e6f7456a-1fad-402b-a567-8e77cca29b02,roaming_voice,2022-11-02 13:26:13,2022-11-02 14:08:15,2522,,+15888215499,+15360005906,TWR-89365,LTE,,10.8032,rated,0,2022-11-02
429e3220-7d37-47fa-a7bd-a9c0eba3368f,3b56e47b-9586-4be3-b1f5-2b0fd34d24a8,voicemail,2022-10-15 12:03:28,2022-10-15 12:37:01,2013,,+13660988713,+19248493233,TWR-62772,5G,,92.0515,rated,0,2022-10-15
6f18a243-9988-4b71-a019-f837e7ff8a92,b086cc28-e1d6-4bc1-88c3-889d9293f536,voice_mo,2023-05-01 12:31:07,2023-05-01 12:34:37,210,,+15038622859,+19002651808,TWR-34373,LTE,,1.7389,rated,0,2023-05-01
f1fe3563-d153-41b1-8abe-43b34d5ae428,098a407d-a93c-498e-882a-7e4bc23a8eab,roaming_voice,2022-04-10 05:58:01,2022-04-10 07:25:47,5266,,+15454209786,+18419249559,TWR-60870,3G,IN,225.4929,rated,0,2022-04-10
1850f775-960a-49f0-af65-4948c241ec8a,ec295a6c-fb0f-499b-9db5-4138e4836fca,voice_mt,2024-05-18 03:50:47,2024-05-18 05:48:06,7039,,+15922055801,+12943907991,TWR-10565,3G,,32.3654,unrated,0,2024-05-18
65479c28-8333-4b73-a972-b46c29343862,e687f3f8-716b-40eb-a8ba-e0719f0b0752,voice_mo,2024-05-03 03:00:31,2024-05-03 03:52:11,3100,,+13082334362,+12971127549,TWR-71477,5G_NSA,,106.959,rated,0,2024-05-03
fb9a0b7b-5b25-48eb-b32b-0028d53eea27,b6f0720e-106b-4174-b790-cc6dbfb2ae47,sms_mo,2022-06-09 11:33:50,2022-06-09 11:33:50,,,+12734531633,+16652999740,TWR-88042,5G,,0.0,rated,0,2022-06-09
ae783a8d-345b-4ad2-aa73-095a968aa5ba,1f02e5a7-4b49-48c0-81b3-1024c85933f2,voice_mo,2023-07-15 20:14:13,2023-07-15 20:54:32,2419,,+17318039747,+19846531197,TWR-83526,3G,,91.8447,rated,0,2023-07-15
59e18149-e005-455f-adc0-ff5da6355709,5cf2f27e-fa2a-4f70-ad21-8487665b72d0,sms_mo,2022-07-01 12:24:35,2022-07-01 12:24:35,,,+19403288215,+19554541170,TWR-14857,4G,,0.0,rated,0,2022-07-01
d8d55ea2-b363-4bfe-a9c3-2ea82d2228b6,293c40fb-c8de-4ad9-891a-3c48b1b14cfd,roaming_voice,2023-08-03 10:25:41,2023-08-03 11:46:15,4834,,+13133644696,+13461049597,TWR-74130,5G,,119.253,rated,0,2023-08-03
8efa17a4-1f14-40b3-988f-6eed85b8a3e3,15b4327e-effd-4bc0-acd8-7103bce0d51c,data_session,2024-07-13 16:48:50,2024-07-14 13:18:33,73783,4713.217,+15305273826,,TWR-28731,4G,,2232.5528,unrated,0,2024-07-13
77d4346b-ed95-4a74-b14f-2add58db6ef1,0c8f9678-a722-4bcf-aef2-24978637a1b1,sms_mo,2022-12-31 20:44:06,2022-12-31 20:44:06,,,+15670424537,+14788447819,TWR-33435,LTE,,0.0,rated,0,2022-12-31
e7f01ca2-0015-4ea9-b86b-9d92572560a0,cdaaeb94-3054-4adb-be86-9a919e504598,roaming_data,2024-12-04 01:17:51,2024-12-04 03:04:53,6422,630.128,+13511166731,,TWR-83526,5G_NSA,MX,35.6098,rated,0,2024-12-04
83ee86c3-83ac-44d7-9f46-bef5882124a2,fd905127-2086-4c85-8dc9-f1100b9e5615,sms_mt,2024-01-13 20:58:04,2024-01-13 20:58:04,,,+17870343673,+13634337929,TWR-30895,5G,,0.0,rated,0,2024-01-13
5251e1ef-760d-4d35-87c3-d6bf9b821d5b,b6f0720e-106b-4174-b790-cc6dbfb2ae47,voice_mt,2024-05-23 15:28:35,2024-05-23 15:41:02,747,,+12341246359,+12352364659,TWR-48408,3G,,30.1791,rated,0,2024-05-23
3445d481-2f64-4f02-aba3-698c96407c39,d635b079-6763-4423-a86c-c8c9e1f2d5e5,voicemail,2023-12-23 16:27:05,2023-12-23 17:14:13,2828,,+17112531449,+15596022223,TWR-16249,WiFi_calling,,24.7564,unrated,0,2023-12-23
a4b1c296-8047-48b6-b47f-af5777b3aaaf,4434a984-034c-49c1-9043-86052ddc8cc3,roaming_voice,2024-02-02 18:27:47,2024-02-02 19:47:37,4790,,+19837499447,+13401706084,TWR-50718,LTE,,206.2724,unrated,0,2024-02-02
7211d301-9b4e-4d5b-8508-26cf317136c0,05895fda-a33d-49bb-a4e3-6ba24a6adb45,sms_mt,2024-06-26 14:03:18,2024-06-26 14:03:18,,,+13248003919,+18560999648,TWR-22646,WiFi_calling,,0.0,rated,0,2024-06-26
78668c4b-004b-4d1f-bfaa-68c887566b0f,cc103fab-cb55-4729-8155-1f56a243abc6,data_session,2023-05-24 02:38:22,2023-05-24 11:27:16,31734,6462.408,+14488256266,,TWR-14927,WiFi_calling,,740.7983,rated,0,2023-05-24
53f2d283-fb77-42c8-93a3-b652db0121ad,cb00f2dd-2197-4507-9eed-83282f125974,voicemail,2022-07-16 11:02:55,2022-07-16 11:34:25,1890,,+15227977666,+14661544419,TWR-80599,LTE,,2.4593,rated,0,2022-07-16
557dc2e8-1de4-4793-bd52-788d504bd544,95f67eb9-a596-46b7-8cc5-02dc31897813,roaming_voice,2022-07-04 00:18:26,2022-07-04 01:08:32,3006,,+19864253521,+12826905147,TWR-47000,4G,CA,52.1631,rated,0,2022-07-04
7f1a7000-e0b4-422a-b2fa-9e342417ab57,10011cdc-1be7-4031-b209-5a2cb131be30,voicemail,2022-04-06 14:32:53,2022-04-06 15:28:23,3330,,+18598345341,+12477672957,TWR-22646,4G,,6.3503,rated,1,2022-04-06
e8e67b35-9e3c-4742-b0c9-44baf16541c9,c1b24ef3-4d00-4f28-b0d7-4249b34d1d62,sms_mo,2023-07-30 11:02:31,2023-07-30 11:02:31,,,+13540905229,+12797388806,TWR-54139,WiFi_calling,,0.0,rated,0,2023-07-30
49404cc6-c644-4648-affb-7d50807678f2,c537e567-fb66-4c1a-adc1-fdef9b456c45,sms_mt,2024-11-16 02:17:15,2024-11-16 02:17:15,,,+17123675803,+14349755252,TWR-14927,LTE,,0.0,rated,0,2024-11-16
003fd75b-e268-42b2-ad81-fa047f9b102e,2567994d-a76d-4dda-988d-51f28ae8ec6c,data_session,2024-10-29 04:29:41,2024-10-30 01:22:05,75144,2479.05,+16069662288,,TWR-25363,4G,,1590.5545,rated,0,2024-10-29
23b3acaf-7fbb-4168-814f-07022ab313a3,82c559eb-6ff0-4a4b-bc4e-cddd741dffa7,roaming_voice,2023-09-05 02:48:53,2023-09-05 04:12:00,4987,,+12604936910,+14430172184,TWR-54408,3G,GB,239.0515,rated,0,2023-09-05
958349f1-fa12-45f3-aa45-4fb4f5af6706,85d27610-3cdc-487a-8cff-23404a28c686,voicemail,2022-11-14 07:23:56,2022-11-14 08:50:08,5172,,+15271472277,+13150699867,TWR-75697,4G,,17.8115,rated,0,2022-11-14
18f7854a-7dbf-4668-8a29-b55d9452551f,a9dfcb63-0284-4c6a-9bb8-6d63e0f1f709,voice_mo,2023-11-05 19:33:29,2023-11-05 19:35:19,110,,+18123748653,+13148088692,TWR-58889,5G_NSA,,1.5987,rated,0,2023-11-05
2b114353-2e73-4866-9bfb-190278c916cb,932fb897-bf01-4896-8726-a1a6de965e34,sms_mo,2023-10-25 03:17:32,2023-10-25 03:17:32,,,+12643483867,+19287109715,TWR-86767,5G,,0.0,rated,0,2023-10-25
0791caef-83dc-4687-97ac-2deceabdc16a,68f5562d-30df-4fda-b85b-2d13b0d0b1b2,sms_mo,2022-04-09 04:08:42,2022-04-09 04:08:42,,,+12615987952,+14751562110,TWR-13054,4G,,0.0,rated,0,2022-04-09
ff532cc9-4b2b-45e5-b16f-8f9e644a16fd,bf262a67-9a4a-4b5a-ab26-e8cb80c04362,roaming_voice,2022-09-17 19:17:47,2022-09-17 20:56:58,5951,,+12995286400,+14127451728,TWR-34373,3G,DE,110.0552,rated,0,2022-09-17
eff43bc1-4117-41dc-b071-55813136e1b6,0c598a49-dee9-4eb8-9122-ce8544665c92,voice_mt,2024-12-04 20:24:19,2024-12-04 22:05:38,6079,,+18217377788,+19480255073,TWR-54408,5G_NSA,,242.5753,rated,0,2024-12-04
bc64b7c1-b3ca-4fa0-8213-6e03ef15ed0f,04904b12-a800-4ba3-a75e-83bf407c8720,data_session,2022-06-12 16:18:54,2022-06-12 23:38:03,26349,5110.847,+19301786742,,TWR-35333,5G_NSA,,722.5176,rated,0,2022-06-12
ddbbe868-9a78-4d95-9e35-27992036f4f9,3b72be4b-464d-4207-a7be-27dcfee2ead0,voice_mt,2023-08-07 08:51:30,2023-08-07 10:04:31,4381,,+12447921809,+16737134021,TWR-24390,5G_NSA,,141.6894,unrated,0,2023-08-07
b4787a42-28b6-4fab-9b81-267d47fb89a5,ec613745-c8ec-4a2a-ac34-839b99fb8e33,roaming_data,2022-08-11 17:19:10,2022-08-12 12:28:56,68986,187.603,+13058404534,,TWR-30895,WiFi_calling,IN,637.0713,rated,0,2022-08-11
10220d02-9df2-450b-b073-b508f78d5baf,cb266910-cf9e-4aa5-9a21-ea9330bc5a50,sms_mo,2023-07-06 05:08:29,2023-07-06 05:08:29,,,+13632633929,+15856621372,TWR-39628,4G,,0.0,rated,0,2023-07-06
28755a40-44c2-487a-936d-bdae58af6351,e69961cc-f815-401d-a554-87aff3f50c29,voice_mt,2022-04-05 06:53:27,2022-04-05 07:27:16,2029,,+18631477865,+17593619620,TWR-54151,LTE,,5.199,rated,0,2022-04-05
f871003f-f1b1-461b-8480-7c82bf1e6c9e,0a85281a-17db-4532-8232-696b2a1083f6,sms_mo,2023-08-10 06:40:58,2023-08-10 06:40:58,,,+18763113535,+13723510366,TWR-80033,WiFi_calling,,0.0,rated,0,2023-08-10
61ec6087-8794-47a2-922b-3bc27d40f8ed,acc37e4c-d5d2-4464-9b07-a7f39ddc1f8f,voice_mt,2024-08-03 23:42:41,2024-08-04 00:12:19,1778,,+17930857683,+16040254210,TWR-64922,5G_NSA,,23.3589,unrated,0,2024-08-03
5eec0f4a-2843-4a56-95d6-8a32fd570a6a,421c349c-fec0-46b5-a4e2-4dced6664bda,voicemail,2023-06-03 06:23:41,2023-06-03 07:29:48,3967,,+13938556106,+15847590153,TWR-29959,4G,,118.6075,partial,0,2023-06-03
580f054a-2403-4788-8a83-7da92bae3f10,ce1d428f-5988-4b0f-ab5a-f2146d916ae5,voice_mo,2024-10-19 11:15:44,2024-10-19 11:32:45,1021,,+14025456722,+16365430880,TWR-50718,WiFi_calling,,42.8065,rated,0,2024-10-19
39fade3a-43cc-42ca-9e87-8bc19d797ac9,0fb8b660-720b-407d-afe3-fb861acd07f3,voice_mo,2022-02-27 07:43:09,2022-02-27 09:21:43,5914,,+15279659160,+18583561427,TWR-38288,4G,,274.2042,rated,0,2022-02-27
df67bc79-c32d-4df0-9c7c-7743bb66439a,e28e6661-5579-4ef2-900b-3c9a56521853,sms_mt,2022-10-31 14:52:15,2022-10-31 14:52:15,,,+16371476723,+13972690204,TWR-21775,LTE,,0.0,rated,0,2022-10-31
12ba48bf-7fcc-47d8-ab57-c784716ae8d8,68aea490-a574-4660-9610-07f36263702e,sms_mo,2023-12-10 03:49:39,2023-12-10 03:49:39,,,+16216915680,+13157394024,TWR-45310,3G,,0.0,rated,0,2023-12-10
fd89f03b-74fa-4564-aeee-39d55f95ecdd,fcb9f710-de18-4050-b97d-082c4428ecaa,voice_mo,2023-11-17 09:17:23,2023-11-17 09:38:19,1256,,+18441200125,+19019448559,TWR-64922,WiFi_calling,,19.4872,rated,0,2023-11-17
a93416db-eaee-4b4a-b72d-dfcef9b1704d,435f646e-b76f-4861-aaf6-1c30161441a2,voice_mt,2023-05-01 04:12:50,2023-05-01 05:52:45,5995,,+15398570882,+16406618010,TWR-34373,4G,,122.588,unrated,0,2023-05-01
e386f188-07c3-4781-9efa-3aed3f1c559f,4816eaa7-915e-48e4-92fe-7102eb5f8d5b,roaming_voice,2022-01-23 15:01:15,2022-01-23 15:55:09,3234,,+12326563344,+19905765758,,WiFi_calling,US,13.0693,rated,0,2022-01-23
03991be5-2519-458e-9f34-cf2a50c50dc2,b977e935-9105-4ba9-9867-85fffda2cbe4,sms_mo,2022-11-22 05:41:12,2022-11-22 05:41:12,,,+18695976571,+18510063035,TWR-31077,LTE,,0.0,rated,0,2022-11-22
36aa9aba-2965-4cbe-ba8b-ab3e012bcd60,d1d01d30-d2ea-4f94-a136-8fd1f794e7c4,data_session,2022-01-11 12:32:54,2022-01-11 20:15:21,27747,3256.727,+16900852883,,TWR-51147,4G,,752.7349,unrated,0,2022-01-11
24947c0d-a3a6-4bcf-8e6b-856e7332e291,cb00f2dd-2197-4507-9eed-83282f125974,voicemail,2022-06-19 18:32:37,2022-06-19 20:13:33,6056,,+13615393686,+18266881156,TWR-44207,5G_NSA,,50.2558,rated,0,2022-06-19
8518f857-ba1c-40fe-9532-cd26ee3123eb,5cf2f27e-fa2a-4f70-ad21-8487665b72d0,voicemail,2023-06-21 23:59:03,2023-06-22 00:12:46,823,,+15537807815,+15786649822,TWR-10742,LTE,,10.1383,rated,0,2023-06-21
3e7aefcd-84c8-4ada-b62d-c24cced75032,c7d1d62a-f87e-459f-bc8e-84f9866dd266,data_session,2022-05-27 07:11:49,2022-05-28 06:10:43,82734,4477.769,+18736726205,,TWR-55269,LTE,,719.234,rated,0,2022-05-27
91881690-99b3-4151-8b83-8b75765298ac,816a1c73-49af-41fd-b211-fbeecb412670,voicemail,2022-02-14 20:23:39,2022-02-14 21:58:48,5709,,+19054275799,+18536530865,TWR-48126,3G,,225.5868,rated,0,2022-02-14
7482f064-bd38-4b3d-a711-8ba1897902e2,db3a1758-8bb3-41a4-a544-8270bd111701,data_session,2022-11-08 22:59:58,2022-11-09 20:00:45,75647,2919.013,+13533155169,,TWR-78603,LTE,,1206.4824,rated,0,2022-11-08
57a83729-d010-44e7-beca-54ddd573d84b,fa112c0b-f7c8-4725-b976-d8c058b41722,data_session,2023-05-03 16:13:19,2023-05-04 02:13:59,36040,7462.541,+18341074762,,TWR-43761,5G,,1185.8139,unrated,0,2023-05-03
598405ed-0166-4aba-a811-3879a219f926,44a084bc-68b4-4b0d-95f3-6d6851c09a36,data_session,2024-01-04 00:36:09,2024-01-04 11:09:07,37978,3626.53,+14564383944,,TWR-37207,5G_NSA,,851.412,rated,0,2024-01-04
84ff0deb-ffbc-493d-b20e-567bcd363719,08a7bd99-5d35-4b3e-9d25-8e6b7679d680,voicemail,2023-04-24 22:04:22,2023-04-24 23:14:39,4217,,+13290581789,+17871648621,TWR-64619,WiFi_calling,,64.5946,rated,0,2023-04-24
042f5528-3802-4f19-8c36-fcce3b9c85f4,bf27a886-9ad6-40ec-b516-d749b5fa178c,roaming_voice,2023-02-01 22:47:00,2023-02-01 23:50:54,3834,,+13681126133,+16328264583,TWR-80599,5G_NSA,DE,63.0336,rated,0,2023-02-01
81f01760-0ae3-4683-b26a-632fd284d4be,f8cc9f24-3548-4901-a00f-7d83df6d5545,voice_mo,2023-01-25 09:31:58,2023-01-25 09:46:57,899,,+17260617241,+17785293779,TWR-56568,LTE,,25.4773,rated,0,2023-01-25
e17c7263-5639-4d31-87bf-ded786c363bd,5c406de3-3426-462c-93ee-13a10f7e85b9,roaming_data,2024-08-27 21:14:29,2024-08-28 12:04:03,53374,554.03,+12498157383,,TWR-43582,5G_NSA,US,2185.3246,partial,0,2024-08-27
6c4b8ec2-ba55-44df-b160-f1b07a15f10e,8482b347-444f-4211-beca-833fcd75b827,roaming_voice,2023-11-16 15:07:24,2023-11-16 15:54:33,2829,,+15153714494,+14417834242,TWR-26561,5G_NSA,MX,84.285,rated,0,2023-11-16
9b156460-f00b-4266-a3b5-3f7850f87854,40058716-6dd4-4013-8c91-2d30e54d1aae,sms_mt,2022-04-08 20:25:42,2022-04-08 20:25:42,,,+13829072241,+12638413014,TWR-90085,5G_NSA,,0.0,rated,0,2022-04-08
54d3b09e-b29b-4a78-8c90-45c06664a744,7661db2d-d5e5-46c9-817d-316122d7aa51,sms_mt,2024-01-02 18:37:57,2024-01-02 18:37:57,,,+16124621576,+14213082339,TWR-35962,3G,,0.0,rated,0,2024-01-02
79a00710-85b9-427e-99b4-9aab6e300ed6,bd2df770-ff14-41cc-a867-9d611285f70d,voicemail,2023-06-02 08:52:22,2023-06-02 09:13:49,1287,,+15288457049,+15808847122,TWR-89203,WiFi_calling,,26.8623,rated,0,2023-06-02
faa2619e-1027-4a09-a18a-bc632acba800,68ff36f0-b963-42b2-91b4-09d1c1edb776,sms_mo,2023-01-01 16:51:46,2023-01-01 16:51:46,,,+13159708582,+19807315177,TWR-68192,5G,,0.0,rated,0,2023-01-01
0fbb284a-f233-410e-8d41-af3fb83e9959,bcb50262-802a-4316-b88e-858984574696,roaming_voice,2024-05-19 20:24:17,2024-05-19 20:48:13,1436,,+13378562877,+19417775970,TWR-10742,3G,MX,34.9748,rated,0,2024-05-19
cd2f76d3-2621-4175-a8e8-c5c16c02e5f1,0f6f1a30-0299-48ac-96f4-7c5f6d6e7a80,roaming_voice,2022-09-08 19:47:39,2022-09-08 21:04:34,4615,,+16385664571,+12806813736,TWR-79893,LTE,JP,56.4661,rated,0,2022-09-08
8bc44fe5-5200-4368-b35c-a3ce46e6ecfe,695e4388-1e90-4625-a206-4a284158248b,voice_mo,2023-12-05 00:26:34,2023-12-05 00:52:23,1549,,+16254217888,+16651495837,TWR-64922,4G,,14.257,rated,0,2023-12-05
321c35db-caea-4d75-93c1-2817e87d0a1e,e29f9150-2c96-4ebb-88cc-a294175bbc4f,sms_mt,2024-01-11 20:39:22,2024-01-11 20:39:22,,,+16330864819,+13527230427,TWR-26926,LTE,,0.0,unrated,0,2024-01-11
364dcc6f-7388-45aa-af00-098819689de0,c72ab6c8-4e87-4369-a384-5672cd7b8b7d,roaming_data,2023-11-22 20:36:38,2023-11-23 07:00:30,37432,6487.462,+12304120912,,TWR-65265,5G_NSA,BR,1097.3747,rated,0,2023-11-22
d562b4a4-9db4-4900-897d-8dd081bb22ec,3b72be4b-464d-4207-a7be-27dcfee2ead0,voice_mt,2024-10-15 13:03:07,2024-10-15 14:55:48,6761,,+15010117121,+15499574692,TWR-39628,4G,,81.0455,rated,0,2024-10-15
b9f91a61-19ea-49ec-8f20-24f26f0526c1,9c392f03-2a39-45ea-82bf-a08ea2b27f94,voice_mo,2024-06-22 05:05:01,2024-06-22 06:08:04,3783,,+18604417499,+14434220111,TWR-88042,3G,,16.2726,rated,0,2024-06-22
2527f822-5944-4ef2-b2b3-018a826f0f97,2804e94f-d321-47ca-a597-093761637a0b,roaming_data,2023-12-04 18:08:55,2023-12-04 22:15:51,14816,5325.467,+19235507593,,TWR-28830,5G,DE,67.312,rated,0,2023-12-03
61456519-8523-4b37-987c-47aff70bb6a5,589db74c-f35a-447c-857c-ce3edde54899,voicemail,2023-03-29 23:30:56,2023-03-30 00:17:24,2788,,+19039403162,+14012956319,TWR-60273,3G,,102.7599,rated,0,2023-03-29
5252067e-830a-44ec-a8ee-d27edc091832,fa817573-c3f4-4966-8925-9dce9ab7d8a7,sms_mt,2023-05-28 02:54:03,2023-05-28 02:54:03,,,+14143079405,+16261242275,TWR-67425,5G,,0.0,rated,0,2023-05-28
baee0093-85d6-49ee-a63d-2ab904c9515e,880a6398-fb1e-49e9-ae47-a8f89092299a,voice_mt,2023-06-05 14:05:46,2023-06-05 14:56:17,3031,,+12825556526,+19158155813,TWR-10742,3G,,12.173,rated,0,2023-06-05
4627a7fd-d690-4664-beaf-f3a62175ce73,efef1be3-5dc5-4214-aa9d-d90e006fe2ca,sms_mo,2023-08-18 10:23:55,2023-08-18 10:23:55,,,+16231831064,+17620055256,TWR-96546,3G,,0.0,error,0,2023-08-18
45b992b5-744c-438d-8dd8-3d46c8ec4b0b,cff86678-fe6d-4d32-973c-75c606488a79,voicemail,2022-08-02 17:34:38,2022-08-02 18:56:31,4913,,+16792956687,+14718392279,TWR-57517,LTE,,104.71,unrated,0,2022-08-02
a2f7ee59-1ce3-40c8-8bb3-0731119a4ffe,08e4c108-4048-4eec-b3a6-1c9f9ab86675,sms_mt,2023-02-27 15:28:01,2023-02-27 15:28:01,,,+15879452445,+13723875270,TWR-96273,5G,,0.0,rated,0,2023-02-27
4b7d2593-7eb8-477c-b1f1-d1944ae10631,e3971efc-da6c-4b3e-8e2f-34be7e9d33a0,voice_mo,2024-12-08 04:09:46,2024-12-08 04:47:51,2285,,+17256529528,+15432125456,TWR-59018,LTE,,14.7501,rated,0,2024-12-08
715633ae-6920-46ca-9536-dc83474c95a8,d625d34d-c581-47bb-b145-3736a258512d,data_session,2024-11-12 20:14:20,2024-11-12 23:46:02,12702,5655.963,+19970820233,,TWR-97396,WiFi_calling,,506.2004,unrated,0,2024-11-12
82c19f61-ff5f-4527-a05b-0c1b2c2f6bd2,bcac1cd2-364a-4022-84f4-ace1fe2fb938,roaming_data,2023-03-20 03:10:37,2023-03-20 23:54:47,74650,3307.724,+17222532287,,TWR-99759,LTE,US,3490.484,rated,0,2023-03-20
4e9baee5-a24b-4e1a-8886-713c26759d5f,ac7542a3-10fc-4cae-be76-e8854453d5e0,roaming_voice,2024-09-04 20:14:24,2024-09-04 21:19:56,3932,,+12252843039,+14307070372,TWR-95637,WiFi_calling,CA,145.8253,rated,0,2024-09-04
63d71ae1-4cad-4c46-92bf-636f77629c84,9d68fc09-7e14-4887-8662-ebfd8d378019,sms_mo,2024-05-06 05:35:36,2024-05-06 05:35:36,,,+15583700008,+15910139018,TWR-22145,4G,,0.0,rated,0,2024-05-06
e5b02f83-eca6-4334-a01d-432e0dcbadd4,c7d1d62a-f87e-459f-bc8e-84f9866dd266,voice_mo,2023-06-30 07:29:15,2023-06-30 08:40:30,4275,,+18295220050,+18650316671,TWR-33462,LTE,,155.5391,rated,0,2023-06-30
e3679547-3c01-44fa-9e58-ed9b9862117c,873893ce-6687-4663-9c37-63bed5bc8833,data_session,2022-06-22 03:22:45,2022-06-22 16:58:06,48921,1603.725,+16052625690,,TWR-95764,5G,,473.4316,rated,0,2022-06-22
54edfb1c-2ccf-47ad-9dcf-489954086144,8d0459a9-b559-44eb-a657-2c1315545116,sms_mt,2024-08-19 22:44:34,2024-08-19 22:44:34,,,+13152902551,+19868851921,TWR-93894,3G,,0.0,rated,0,2024-08-19
83c10d70-b0f4-4cff-b0e9-cfb007815a0b,997099f9-7864-4391-ad16-aa2a17b335f2,voicemail,2024-04-30 13:22:41,2024-04-30 14:42:02,4761,,+19397440197,+13938488816,TWR-64619,WiFi_calling,,8.3751,rated,0,2024-04-30
42db94f9-3d6d-4d05-8667-07554ad1781f,e92179fd-c320-42ca-88b8-01be78ec418a,voice_mt,2022-01-14 13:43:02,2022-01-14 13:55:58,776,,+19739855215,+16245846694,TWR-59018,WiFi_calling,,31.3966,rated,0,2022-01-14
048a1a6a-23ad-4577-b7dc-7f5caace5633,562a42f6-6cc5-4283-bac8-be91b7d96eb9,voice_mt,2023-04-10 22:00:37,2023-04-10 22:46:16,2739,,+13464028350,+16611133460,TWR-43582,5G,,18.082,rated,0,2023-04-10
e09aef30-5ee0-4607-9b0b-60ef523715a4,60d02d66-bd59-4ef4-a702-b445dd3298f9,sms_mo,2024-10-16 00:22:12,2024-10-16 00:22:12,,,+14035312636,+19531424985,TWR-96581,5G_NSA,,0.0,rated,0,2024-10-16
1a480b5a-e142-4cb4-ae6d-ce0a07aa099b,251a1fbf-00fe-4a10-865f-fca4a57b097e,data_session,2024-10-14 07:22:27,2024-10-14 21:51:51,52164,45.841,+19552055368,,TWR-71477,WiFi_calling,,1910.6894,rated,0,2024-10-14
e0cc9737-803a-4456-9767-5e1f63702f55,9ec4fd17-3a19-4024-b052-0e1463a5c092,roaming_voice,2024-06-29 19:38:16,2024-06-29 21:08:48,5432,,+17904189013,+12623876488,TWR-63127,WiFi_calling,US,170.0255,rated,0,2024-06-29
f1d2475a-350c-4541-8093-358321ffdda9,cd573bbc-bdaa-44f4-b1be-00e8d978645c,voicemail,2023-02-03 21:37:03,2023-02-03 22:17:33,2430,,+17825864683,+12180505402,TWR-75422,LTE,,59.7628,rated,0,2023-02-03
517a97df-1b0a-486e-bf5e-ba2d9f936cee,a50a4027-5c52-4508-96c6-65a4c6c21931,roaming_data,2024-01-29 21:11:49,2024-01-30 10:07:35,46546,4926.605,+13927067279,,TWR-32499,3G,US,440.0114,unrated,0,2024-01-29
43d31459-8a46-4aa4-9186-8bd07ffe6345,43d39d50-6d26-4247-9e16-ec6325ba73f7,data_session,2023-04-27 10:36:56,2023-04-28 07:42:10,75914,4998.611,+15987135782,,TWR-36707,LTE,,3028.3105,rated,0,2023-04-27
ad033231-8dee-4855-95e8-91402a373685,d2f82f4a-c0e7-4d45-be95-cf4908e1b0c9,sms_mo,2024-08-30 22:38:47,2024-08-30 22:38:47,,,+13155236713,+19075726760,TWR-52021,WiFi_calling,,0.0,rated,0,2024-08-30
31da8287-cfc2-48a8-ad97-c6bbc28afee8,60de4fb9-0fc5-4629-8369-5ad0c2cc31d0,roaming_data,2023-02-05 03:05:38,2023-02-05 08:46:02,20424,431.562,+14100628769,,TWR-33435,5G,MX,325.8967,rated,0,2023-02-05
6b374e6a-4a75-4d31-806a-37a6d8ccb5c2,17575c31-99e4-4203-ac7c-11389e1dc35f,roaming_voice,2023-05-20 05:39:54,2023-05-20 05:51:06,672,,+18105374042,+16750957468,TWR-52021,4G,,20.4523,rated,0,2023-05-20
17af6d9b-8826-4c1a-8c23-fd6ccbad6be7,c7495797-46aa-417d-af98-3cf5cd29a279,sms_mo,2022-12-23 23:08:18,2022-12-23 23:08:18,,,+14956466658,+12313782661,TWR-84306,5G,,0.0,rated,0,2022-12-23
679564fe-69f6-408c-847b-64a3592912df,39ad47c8-8b41-406d-8d44-92218d1fe14a,sms_mt,2024-12-21 07:02:34,2024-12-21 07:02:34,,,+14423671361,+17224158622,TWR-59906,LTE,,0.0,rated,0,2024-12-21
7dbe1d0f-de30-4669-bdc8-28b2c1383221,acc37e4c-d5d2-4464-9b07-a7f39ddc1f8f,sms_mo,2022-03-12 19:23:18,2022-03-12 19:23:18,,,+15973983025,+15581434803,TWR-65732,4G,,0.0,rated,0,2022-03-12
15d0cd17-2dc8-406f-bcc3-688025472f4e,3222212b-e69c-4293-85dd-08913682db42,voice_mo,2022-09-01 07:26:39,2022-09-01 07:45:29,1130,,+15885256522,+13713247707,TWR-60209,4G,,3.0871,rated,0,2022-09-01
8d0538e3-f30f-4c24-8496-400af06f8841,1f02e5a7-4b49-48c0-81b3-1024c85933f2,sms_mt,2022-04-21 18:32:10,2022-04-21 18:32:10,,,+17918692721,+13369261163,TWR-14927,WiFi_calling,,0.0,rated,0,2022-04-21
120b44ed-f868-4ca2-aa9e-30ec6d88dd11,bcac1cd2-364a-4022-84f4-ace1fe2fb938,data_session,2023-07-10 11:19:22,2023-07-10 19:20:58,28896,2253.518,+16152799435,,TWR-25560,WiFi_calling,,1281.7398,unrated,0,2023-07-10
4b6b74b1-2048-4eaf-9f8f-c1fd2a2d72a4,69e10691-3d1c-45e5-a58c-4ec9525181cc,voice_mo,2023-03-26 02:30:20,2023-03-26 03:00:36,1816,,+16920737543,+14342902268,TWR-13054,4G,,80.3346,error,0,2023-03-26
e17e1708-0aa9-48f7-8391-05ec88fc88bf,cc0a86b1-b0dd-49b3-859c-65da2a773413,roaming_data,2024-03-26 18:27:38,2024-03-27 09:38:22,54644,2677.174,+16805401954,,,LTE,DE,1260.3227,unrated,0,2024-03-26
d621cfef-f7fb-4791-8afa-c398a4deeafe,c4126438-84a5-4a2f-8519-49a804b7da09,roaming_data,2024-07-11 23:39:49,2024-07-12 16:15:32,59743,4898.89,+13458257779,,TWR-71477,3G,BR,2824.1623,rated,0,2024-07-11
a6b47cc6-fe38-48a3-9c71-ad9aa7c995aa,7afe768d-bdec-46d6-b071-858da8ead0b9,sms_mt,2023-12-12 15:17:36,2023-12-12 15:17:36,,,+14433320420,+12156670609,TWR-25560,3G,,0.0,rated,0,2023-12-12
6acb7841-8efd-4271-8010-8d59d8bc4b11,e71c3555-3e17-4511-b8e8-00efcdf41040,data_session,2024-06-28 20:28:27,2024-06-28 22:50:24,8517,7343.001,+19834131871,,TWR-26561,3G,,211.9331,partial,0,2024-06-28
165dfc36-5fa2-4ec3-b919-9f3cf72ba332,eaee6dfb-e467-4248-8061-5fd28e1ed851,voice_mt,2023-02-01 22:23:02,2023-02-01 22:56:34,2012,,+13072711418,+16291007262,TWR-70566,LTE,,74.09,rated,0,2023-02-01
5b5814ab-6b80-4364-bb3a-31f8d7d7fe5b,118ef06b-7aaf-4ab2-9406-e4f659d1ef0d,sms_mt,2024-06-14 17:51:25,2024-06-14 17:51:25,,,+14856565877,+13163443198,TWR-77981,5G_NSA,,0.0,rated,0,2024-06-14
58490604-61e7-413c-a034-87f370146a13,205c6253-7ba1-4d1d-bc28-ee96388d3c1b,voice_mo,2022-06-15 06:39:17,2022-06-15 07:27:14,2877,,+12967797519,+19616075010,TWR-90922,WiFi_calling,,10.1642,rated,0,2022-06-15
c0a48ecc-e326-415d-8c02-c9aa2236fe73,cc103fab-cb55-4729-8155-1f56a243abc6,voice_mt,2024-08-15 04:29:05,2024-08-15 05:47:54,4729,,+17224442297,+18317461435,TWR-54151,4G,,28.8437,rated,0,2024-08-15
87c768d7-9a18-4635-89a1-83033640e8c3,4c7ee18e-ce5b-490b-9ae0-9378aa5cddcb,sms_mo,2024-10-06 18:15:48,2024-10-06 18:15:48,,,+15287233008,+15268360889,TWR-40180,5G,,0.0,rated,0,2024-10-06
d2af0ec9-2068-4f21-9ceb-f24af2337d1c,3a6b9d7c-d84f-4163-bb43-316b21e513d5,voice_mo,2024-01-11 23:00:52,2024-01-12 00:16:20,4528,,+12960245455,+19429040247,TWR-27160,WiFi_calling,,62.3965,rated,0,2024-01-11
cc24e5ad-2e68-4be3-b37f-dc4bf8d02080,60d02d66-bd59-4ef4-a702-b445dd3298f9,data_session,2022-03-31 09:03:37,2022-04-01 01:15:05,58288,6929.356,+15570550958,,TWR-36707,3G,,2877.2272,rated,0,2022-03-31
5775102e-64b2-46c0-9501-5b7773748450,18750202-b949-4de3-9121-23bf69e5c816,sms_mt,2022-07-16 07:42:50,2022-07-16 07:42:50,,,+13406279477,+12314543709,TWR-57517,5G_NSA,,0.0,rated,0,2022-07-16
a21766f3-bcdb-49b0-90d9-e4a8ec5c97dc,5bb9619d-683c-4a56-bcc5-c200a824c596,voice_mt,2024-07-09 14:07:23,2024-07-09 15:38:20,5457,,+17688204284,+13542946035,TWR-33462,5G_NSA,,147.4093,rated,0,2024-07-09
ce4c5d14-f81e-4d6d-ad5a-18684229286e,cdb52ff2-f767-43de-9861-1124c6a35bbd,sms_mt,2022-09-25 18:03:29,2022-09-25 18:03:29,,,+15623705144,+15682453352,,LTE,,0.0,rated,0,2022-09-25
71c185ef-7b1d-4954-b0fd-a4ebf48505b6,217d48c5-da1b-41a4-944d-be4f76b702bd,data_session,2023-01-16 04:40:12,2023-01-16 07:26:54,10002,5314.622,+18749878488,,TWR-56568,5G,,483.8082,partial,0,2023-01-16
ea3f9a0f-9abb-474c-b672-9d835db28ba1,a76ebf51-beb9-4f82-abcd-93e9e5eba3b7,voice_mo,2023-10-11 14:10:33,2023-10-11 15:30:05,4772,,+18852036763,+17795301939,TWR-65732,WiFi_calling,,34.4329,rated,0,2023-10-11
a0850c3d-dd16-4f81-8be3-6811bd1160d0,c6b571f2-77f8-4a50-a9dd-47b1bbd18e1c,voicemail,2022-03-12 14:36:17,2022-03-12 15:21:37,2720,,+17155240692,+15326150204,TWR-37207,5G_NSA,,64.7644,rated,0,2022-03-12
58577445-1fc9-4219-9920-d491b7c17a9a,518ec484-4c63-414a-b213-f7d502b4b50b,roaming_data,2024-04-03 08:45:31,2024-04-03 12:49:23,14632,4499.984,+19916793736,,TWR-40658,WiFi_calling,DE,475.8571,error,0,2024-04-03
0609fee2-73a3-4174-82eb-84899934afe5,420811c7-771d-475b-87ba-50c3f1401481,voice_mt,2022-11-27 14:49:58,2022-11-27 15:33:59,2641,,+14517887534,+12977124148,TWR-59784,5G_NSA,,19.4014,rated,1,2022-11-27
270c6079-bb04-44f1-a643-237c68362a4c,8ddc7a56-c999-4252-894b-2d8e4d652ab3,roaming_data,2023-12-06 09:52:09,2023-12-07 09:49:28,86239,1680.431,+16213020951,,TWR-88599,LTE,BR,3286.0003,rated,0,2023-12-06
f677b686-88d9-4092-925c-404697f6bac6,8e179af9-5f13-4e88-a13b-1c40ab5452d6,voice_mt,2022-10-09 14:30:16,2022-10-09 15:56:16,5160,,+12674646781,+19323033279,TWR-48126,3G,,114.4209,rated,0,2022-10-09
68953965-955d-46c3-88b1-306d5803d6a3,c036429f-0eb2-4ee6-8464-d70a009c6023,roaming_voice,2023-01-26 20:24:19,2023-01-26 20:39:04,885,,+13583725014,+16364167705,TWR-98381,5G_NSA,US,33.7464,rated,0,2023-01-26
bd491b36-62e2-4ebb-a058-a48729453efa,b2da643a-3cee-409b-a9d8-98b5731196dc,data_session,2024-11-27 19:04:27,2024-11-28 04:21:09,33402,7149.994,+14557401847,,TWR-32824,WiFi_calling,,1321.7326,error,0,2024-11-27
72759aee-16db-4a2d-9fe4-5d3f08320d02,df7a8cdb-092f-4576-b10f-d7154eb640e7,data_session,2024-06-13 01:57:08,2024-06-13 21:09:23,69135,6186.273,+18136856533,,TWR-43663,5G,,2952.7596,error,0,2024-06-13
557b4815-96ea-4764-9cab-724379c35d6e,18e59e3f-d6fd-4039-a163-3c34e067236b,roaming_data,2023-10-10 13:01:58,2023-10-10 14:49:31,6453,1727.263,+18629784496,,TWR-67896,3G,JP,219.2216,rated,0,2023-10-10
e02dbc8c-2545-4ee4-b7ed-b09cde818954,80827bdf-d904-449c-add3-86fd3b821478,voicemail,2024-11-26 16:46:47,2024-11-26 18:34:33,6466,,+14769126078,+14887238245,TWR-48408,3G,,174.7068,rated,0,2024-11-26
f0a887fb-ca4d-48d6-9deb-0a8d096b2d00,d1989638-debe-4f93-a5bb-0f4c0211f766,voicemail,2024-08-15 07:25:51,2024-08-15 08:53:43,5272,,+18609786505,+18652340610,TWR-33284,3G,,172.9119,unrated,0,2024-08-15
fcbfce8f-149d-403d-a63a-35a8c7c79563,5f3e4b83-e1ba-44b4-afcf-c6b788e1c508,roaming_voice,2022-06-01 11:05:54,2022-06-01 11:16:02,608,,+16209553363,+15507258533,TWR-40180,5G_NSA,CA,13.018,rated,0,2022-06-01
097fcf53-25da-4e0c-8ff0-4f26c13c6cdf,a98cf2b2-c701-4e95-aed6-f3cb56810487,sms_mt,2023-04-28 22:26:25,2023-04-28 22:26:25,,,+18396378303,+12384265544,TWR-59018,5G,,0.0,rated,0,2023-04-28
dd29953b-8020-4cac-aca6-69454a8bf1ed,a0a8ccb0-99e8-46ce-939c-bdaf9268bbbe,data_session,2023-10-04 03:38:21,2023-10-04 18:27:59,53378,4577.267,+12620256892,,TWR-70566,3G,,1193.0586,rated,0,2023-10-04
62e60918-5712-4558-a1be-91f88c0398a8,8b110204-07f9-4485-9d98-2cd73d9088a0,sms_mo,2023-10-25 23:35:29,2023-10-25 23:35:29,,,+12027060887,+14187024045,TWR-98912,5G_NSA,,0.0,rated,0,2023-10-25
f5666f31-69d1-4655-af14-09908e1601ad,6186a91e-07e7-446b-b559-027b3d26b793,data_session,2024-12-30 13:02:09,2024-12-30 17:43:01,16852,646.248,+19837698698,,TWR-38353,WiFi_calling,,212.6442,rated,0,2024-12-30
050831eb-3ebd-4d2c-8247-05804224b2e5,f9d9dc52-eb72-4359-9ce5-b2528adb3d47,voice_mt,2022-03-26 02:11:13,2022-03-26 02:48:40,2247,,+13371495905,+13640916362,TWR-60585,WiFi_calling,,92.0121,partial,0,2022-03-26
a3b75949-498f-4103-8fb4-e356095fa6f7,3511158f-39dd-4fb4-a961-f9fbcf29a424,sms_mt,2022-04-17 14:59:17,2022-04-17 14:59:17,,,+14607234691,+16897745762,TWR-15590,LTE,,0.0,error,0,2022-04-17
a427220c-974e-4675-a0e7-c22e286c718e,4a9675d3-8b9c-44f5-864e-52870e64ba20,data_session,2023-11-06 18:41:54,2023-11-07 17:59:42,83868,7681.587,+12682688995,,TWR-80040,5G_NSA,,3786.3395,rated,0,2023-11-06
6e1dbd83-5ddc-4065-8fef-485fc8478952,90689bf3-5491-4703-9d57-e77c19e9d75c,sms_mo,2024-07-07 18:39:08,2024-07-07 18:39:08,,,+16381265543,+12257169143,TWR-14927,5G_NSA,,0.0,rated,0,2024-07-07
3a04fde6-3dd2-4ef4-a5b7-8b77b542a1a9,c6b571f2-77f8-4a50-a9dd-47b1bbd18e1c,voice_mo,2023-05-18 12:06:05,2023-05-18 13:58:20,6735,,+17327012979,+17961632002,TWR-40174,3G,,90.061,partial,0,2023-05-18
74c7e411-e0a4-4492-a7c7-45ec67c32ae5,997099f9-7864-4391-ad16-aa2a17b335f2,voicemail,2024-10-15 18:40:42,2024-10-15 19:48:41,4079,,+12204957076,+14900046317,TWR-83526,4G,,49.1815,rated,0,2024-10-15
975f4515-c86a-4ca6-bc08-6a8faa151eb8,28390021-dde0-49ee-ba3e-ea1af7682d56,roaming_voice,2024-05-11 05:06:31,2024-05-11 05:34:19,1668,,+12966803067,+12247678911,TWR-48793,5G,US,60.0568,rated,0,2024-05-11
de013cfb-dfa0-442f-8509-b2558a122432,9cb6f557-fc1d-41e3-9155-d0397decd462,voicemail,2023-01-20 21:05:37,2023-01-20 22:13:11,4054,,+13769730071,+19475092464,TWR-59410,LTE,,25.591,rated,0,2023-01-20
a2ae2ea1-8fd6-4a50-9070-8a8da40121bd,48049fcc-6812-4c89-83d7-61f6ca59d58f,data_session,2024-03-06 18:14:03,2024-03-06 22:40:42,15999,4563.982,+15078672809,,TWR-96581,4G,,651.4288,error,0,2024-03-06
574e81fb-ad76-437a-b880-08a79cc47d12,b2dc7630-26e3-4b98-86b8-ba121ee14481,roaming_voice,2022-05-15 09:08:04,2022-05-15 10:08:15,3611,,+14264054666,+16152906861,TWR-93942,WiFi_calling,US,125.2401,rated,0,2022-05-15
f6640ad7-82ee-44cd-8de4-711aa322d7b6,244a7d62-eb20-4c10-a884-bc4c2716f851,data_session,2023-12-09 12:43:29,2023-12-10 11:37:53,82464,3496.175,+15811127816,,TWR-93894,4G,,4119.0721,rated,0,2023-12-09
ba6e2701-51de-4878-b043-a45388cf5e6b,5e522efc-e649-4550-a73a-9f8c37baad89,voice_mo,2023-10-11 21:17:36,2023-10-11 23:14:42,7026,,+16122923141,+13086829555,TWR-97433,5G,,282.2914,rated,0,2023-10-11
5fb35b88-c81f-40f1-abf7-9607ccb1b5ba,71fdf0f1-8a63-4039-896d-e59fdeb52bd0,voice_mo,2024-04-06 22:32:45,2024-04-06 22:55:09,1344,,+12544822999,+19974599946,TWR-23860,4G,,18.1786,unrated,0,2024-04-06
94eac2dd-f8d7-4d87-9cbb-b0c76d9f9bf9,f8903ae2-4d13-4fe5-9a32-a80429672d74,voice_mo,2023-11-05 19:25:48,2023-11-05 19:37:33,705,,+17732475139,+19851648632,TWR-13054,3G,,28.2407,rated,0,2023-11-05
c5d050f0-1e12-4ab9-94eb-78a30e71c942,11ab5586-166e-4005-921c-9dfa2dd285c7,voice_mt,2023-01-13 09:12:18,2023-01-13 10:00:49,2911,,+15194611992,+19289048061,TWR-33753,5G,,78.2514,rated,0,2023-01-13
d4239b38-997f-4ee6-8300-2ddc760f2a2f,559d985f-96d8-420f-8a93-6c13aecf6bea,roaming_voice,2022-08-14 19:14:09,2022-08-14 20:43:39,5370,,+19462711935,+15976151876,TWR-74130,3G,MX,54.3987,partial,0,2022-08-14
3c91262c-59b8-4f53-a6fe-b89ff03dd7cf,8d4c45ce-8bb1-4367-8717-06657ab2a657,voice_mo,2024-11-19 05:26:14,2024-11-19 07:20:44,6870,,+15096341116,+17135019120,TWR-43761,3G,,194.6805,rated,0,2024-11-19
9d130578-7935-4aa4-b6e1-9ef7ac8001ae,568450df-29a5-41d7-89ee-f0a6ed6d4b91,sms_mt,2022-03-30 14:40:45,2022-03-30 14:40:45,,,+19879459663,+18966628272,TWR-80040,WiFi_calling,,0.0,rated,0,2022-03-30
80be2d08-c603-4a67-978e-29f3745dc58e,244a7d62-eb20-4c10-a884-bc4c2716f851,sms_mt,2022-06-09 23:16:08,2022-06-09 23:16:08,,,+16505990383,+12003493123,TWR-92839,5G,,0.0,unrated,0,2022-06-09
68222ec8-d2be-45be-8b06-b1a8f5d0e003,e69ea138-c6d0-4214-9dfa-21f0c4e3b5be,data_session,2024-03-14 02:04:33,2024-03-14 23:47:58,78205,1727.232,+18191372012,,TWR-29718,LTE,,3786.0979,rated,0,2024-03-14
2d5cdc59-c253-4a8e-8931-a58531cf14b5,a6150e53-f876-42e0-86e0-4c6d285d6408,data_session,2022-10-25 11:59:45,2022-10-26 10:13:17,80012,3994.129,+18650119338,,TWR-68192,LTE,,3642.2006,rated,0,2022-10-25
1f0315fb-3756-45dd-97e3-60ea86f3c1c6,8482b347-444f-4211-beca-833fcd75b827,voice_mt,2024-02-28 05:16:51,2024-02-28 07:16:07,7156,,+18383587896,+12939184352,TWR-80599,3G,,10.4031,rated,0,2024-02-28
bf471de1-e88a-473f-b880-dabc36f5b3f0,ecf01e3d-7007-4cbc-9483-f1d409669ccd,data_session,2022-09-22 05:54:15,2022-09-22 18:32:33,45498,1632.719,+18950370697,,TWR-47711,5G,,696.3683,rated,0,2022-09-22
35189710-5e5f-42e0-95ca-c971b1fd6872,45223ac8-88be-4acf-bded-2ef37f45414b,roaming_voice,2022-02-20 23:44:09,2022-02-21 00:27:04,2575,,+18884042083,+16895550888,TWR-48846,LTE,GB,98.0505,unrated,0,2022-02-20
fa1365d6-dc5f-4886-b7f9-3cfe5a149f78,28442452-4c09-4795-8223-c9abbd09dd91,voicemail,2023-10-28 19:06:34,2023-10-28 19:53:55,2841,,+17427041362,+13116028089,TWR-42562,5G,,57.8751,rated,0,2023-10-28
a64d0bfe-c420-45e4-ad86-0aaf8364bce1,cf8b21dc-ed04-4954-812a-637aa1252fd7,roaming_data,2024-03-04 02:59:54,2024-03-04 06:26:49,12415,6411.804,+13909731722,,TWR-26682,5G_NSA,DE,15.3191,rated,0,2024-03-04
a6f3ccf3-69b0-4f94-b9d8-1f9cd243e661,ddeba046-a62e-43b5-83a3-7655c1b1b42b,sms_mt,2024-05-24 01:30:49,2024-05-24 01:30:49,,,+17940339137,+12570427646,TWR-90375,WiFi_calling,,0.0,rated,0,2024-05-24
ed6b9870-9459-447c-b831-1bd281967d2f,04ff296c-4672-4117-83a0-c8a6307517aa,data_session,2024-03-19 04:03:57,2024-03-19 22:38:54,66897,5081.437,+19038201988,,TWR-51468,LTE,,1438.1568,rated,0,2024-03-19
98c977d2-e786-4d91-bc57-d576f63729b2,151aa59b-3665-4ca5-bb61-e52b665556cf,roaming_data,2024-04-14 14:43:31,2024-04-14 21:01:19,22668,2767.922,+15290541848,,TWR-79574,5G_NSA,CA,354.0679,rated,0,2024-04-14
183f6192-99d7-4fc7-ac87-99b8072912fa,25fc357a-89ef-4a93-8ae2-3dace5b72409,voice_mt,2023-09-01 14:53:50,2023-09-01 15:55:23,3693,,+16645001543,+18571950994,TWR-62950,5G_NSA,,46.766,rated,0,2023-09-01
0ae9c4be-6354-42a1-afc8-dd20c071f684,458db7c6-acc7-4b4f-9849-28ab26c9415d,voice_mt,2022-05-18 19:54:41,2022-05-18 20:48:20,3219,,+15155163953,+17054767407,TWR-96546,5G,,149.2618,rated,0,2022-05-18
046bfcaa-434f-4dce-9f57-4f99fd29af55,9fb42366-0801-4c22-93fc-7e35ad137c7a,data_session,2022-12-31 22:56:31,2023-01-01 00:50:43,6852,1838.401,+16749472854,,TWR-64272,WiFi_calling,,198.3546,rated,0,2022-12-31
01be2258-89eb-401d-98f8-769e4858d808,4dbeefeb-8114-4d12-bb99-207310b48953,voice_mt,2023-07-20 02:30:27,2023-07-20 03:36:16,3949,,+18417584555,+19334738553,TWR-86767,3G,,96.4523,rated,0,2023-07-20
965b3ab5-5601-4861-a4d0-53d81ee356e8,1ef2d552-59e8-44f2-8b37-c185b46255a3,roaming_data,2022-03-16 12:00:48,2022-03-17 01:19:15,47907,982.392,+18788821498,,TWR-63652,3G,IN,1216.4878,rated,0,2022-03-16
ef471529-348b-4a28-82de-9f31ffa9316b,70d09d38-9c2b-4865-b849-fd6e1c616e84,sms_mo,2022-08-07 17:55:00,2022-08-07 17:55:00,,,+17958803051,+18164598652,TWR-65760,LTE,,0.0,rated,0,2022-08-07
bdb70fdf-a35e-4263-89b8-798e95101946,90bc02f9-07dd-4ff0-b28c-31a5f83b74a7,sms_mt,2024-06-09 21:56:26,2024-06-09 21:56:26,,,+15457110824,+15275262683,TWR-60273,4G,,0.0,rated,0,2024-06-09
bbfb3fe7-7a31-4dff-8593-448b02146a15,47bd61dd-eb97-4da5-9b88-dadf9daa8dd5,roaming_data,2023-06-20 05:37:13,2023-06-20 11:50:16,22383,7981.521,+17343201821,,TWR-48846,WiFi_calling,CA,401.41,rated,0,2023-06-20
f5e7650a-ff65-4f63-95ee-f71e316c319d,c39bd25f-98a7-4ec4-8a29-efa46e354c27,roaming_voice,2023-05-12 07:21:29,2023-05-12 08:02:44,2475,,+15764959671,+19765439603,TWR-95637,WiFi_calling,JP,120.518,partial,0,2023-05-12
39456851-4dd3-49e9-aa4a-cc08793c5a46,22df07e6-55d8-4120-951e-d0cbf8239fbb,voicemail,2024-08-13 12:49:07,2024-08-13 12:52:06,179,,+17439018966,+13143664067,TWR-24390,5G_NSA,,7.0924,rated,0,2024-08-13
a38f0466-4dd4-4ae1-9088-5011adc01eda,b545acb3-304d-48d0-b3d5-52f1167e03eb,sms_mo,2024-05-23 16:18:44,2024-05-23 16:18:44,,,+18711093448,+13288209025,TWR-80033,4G,,0.0,rated,0,2024-05-23
cf2b0bbb-c63f-40e2-854b-5f2645068182,b2dc7630-26e3-4b98-86b8-ba121ee14481,roaming_data,2024-02-11 20:47:35,2024-02-12 10:54:45,50830,7445.973,+15488466262,,TWR-26682,5G,FR,291.5626,rated,1,2024-02-11
d6055e23-e922-4670-8f70-f4682ea5fc0b,d3d61fb3-21d7-4733-a485-0b930bc41364,roaming_voice,2022-06-14 11:52:05,2022-06-14 13:14:03,4918,,+15837515576,+16198130947,TWR-65265,LTE,GB,111.93,error,0,2022-06-14
2671375d-5db1-43e7-8082-dff1c5692fe9,8d38b0e8-9ff9-4f32-ae06-5309003b6bc4,voicemail,2022-09-03 02:41:20,2022-09-03 04:36:58,6938,,+17764304282,+15440270405,TWR-15590,4G,,11.7089,unrated,0,2022-09-03
1f8c7999-4afc-49fe-b834-240028747f35,c78dfb9d-0987-4815-b784-107c707fdb41,voice_mo,2023-06-16 07:06:33,2023-06-16 08:38:04,5491,,+16172283264,+15734721240,TWR-56861,3G,,199.1355,rated,0,2023-06-16
e2021922-58df-409f-b6b9-30fb78e7db0d,3155cb82-16ab-487f-a4f7-bf1ad01dfd92,voicemail,2023-10-31 05:06:14,2023-10-31 06:01:30,3316,,+12170981374,+14631452761,TWR-75954,4G,,20.6313,error,0,2023-10-31
76d5d3bc-efb5-4458-80ce-03f5b2afc740,eb163350-8781-44e5-8434-f2323c9dd8c8,sms_mo,2024-11-02 04:14:43,2024-11-02 04:14:43,,,+17588648713,+19384046934,TWR-80040,LTE,,0.0,rated,0,2024-11-02
22e3d437-a58a-4255-9a56-425b30ba8b3d,428424dc-acb8-47e0-a3f7-fa22cb38a4ec,sms_mt,2023-04-21 18:01:00,2023-04-21 18:01:00,,,+18977572507,+15110861030,TWR-42731,3G,,0.0,rated,0,2023-04-21
a0ab30b7-aa9b-45c7-a874-43b691048cf4,60d02d66-bd59-4ef4-a702-b445dd3298f9,voice_mo,2023-01-13 17:17:21,2023-01-13 18:01:13,2632,,+18368911118,+12959479830,TWR-67896,4G,,17.5953,rated,0,2023-01-13
f6c83068-3574-4936-a167-e3c3f317fd7d,182373d8-d576-4953-a721-5752ee7c7d48,voice_mo,2024-01-10 00:47:36,2024-01-10 01:53:53,3977,,+18945324481,+14131728039,TWR-36318,LTE,,43.614,unrated,0,2024-01-10
fa8931ca-9c13-4416-bfbf-a93300648940,bbc72944-af0b-4373-b0f8-6c70292dad72,voicemail,2023-04-22 06:16:31,2023-04-22 07:43:25,5214,,+19987222760,+15065461600,TWR-63127,5G,,227.2815,error,0,2023-04-22
85698b36-87c7-4969-b692-a1469cbb3593,715137aa-9d83-4b99-aa86-c83552e45629,voice_mo,2024-03-04 06:16:55,2024-03-04 06:49:50,1975,,+18410350501,+16689138662,TWR-62961,4G,,5.4653,rated,0,2024-03-04
16948c51-be11-4960-93a6-b29cbb12ae9e,014d0cea-8116-420c-835d-61642f9fdc4d,sms_mt,2022-04-07 18:22:38,2022-04-07 18:22:38,,,+13153783969,+13227938368,TWR-83131,5G,,0.0,rated,0,2022-04-07
ec0b4976-d40b-4b31-abe7-be63fd96c2a9,6a827ddb-2ceb-4285-86a5-e6b0ba94039b,voice_mt,2024-07-29 03:12:02,2024-07-29 04:20:01,4079,,+18471143581,+19312416119,TWR-99693,4G,,72.0956,rated,0,2024-07-29
49634bc6-5044-4951-addb-64db6a1985a6,343228bf-00cb-4398-95ab-ea849cbef4d1,voice_mt,2022-05-17 19:28:39,2022-05-17 20:28:56,3617,,+17983229444,+18193151851,TWR-27464,4G,,43.7396,rated,0,2022-05-17
1c4758da-0507-4dcc-8416-d8be43a769bb,a0756194-e090-4695-982d-70ebbddac8ac,roaming_data,2022-12-17 08:20:17,2022-12-18 00:57:08,59811,4606.45,+13950406423,,TWR-98898,5G,,647.2767,rated,0,2022-12-17
e59e6f1d-b7eb-4377-89f2-283f89fd3d51,e58f987b-b929-48f5-86fc-6fd6c6960e8b,roaming_voice,2022-08-07 19:19:29,2022-08-07 19:40:02,1233,,+19433373773,+17922629688,TWR-31077,5G,US,9.0747,rated,0,2022-08-07
047ab3d4-3b6a-4100-9319-bb17e9208fc3,90b4526e-8c51-4cae-9549-5488e9f30c01,data_session,2023-04-05 09:18:54,2023-04-05 22:01:18,45744,3982.562,+14971101051,,TWR-98785,LTE,,226.6451,rated,0,2023-04-05
cd77fbc3-3060-4baf-b80e-efce97ec3886,e6eb2a57-ed7a-4aef-8349-7f3df8f08795,sms_mo,2022-03-22 12:28:31,2022-03-22 12:28:31,,,+18752700747,+12767122354,TWR-26561,5G,,0.0,rated,0,2022-03-22
aef6c5dc-8faf-4853-ac4e-70f79e6102ba,17575c31-99e4-4203-ac7c-11389e1dc35f,sms_mt,2024-10-18 23:32:28,2024-10-18 23:32:28,,,+13814522307,+13526665302,TWR-96136,WiFi_calling,,0.0,rated,0,2024-10-18
000c8a9e-165d-4d11-bd31-6ee4f59289fe,3222212b-e69c-4293-85dd-08913682db42,voice_mt,2023-11-21 12:29:50,2023-11-21 14:27:01,7031,,+15488400609,+12660007715,TWR-51825,3G,,318.1548,rated,0,2023-11-21
81f2add0-adc1-4b35-8e2f-14fbf8bcefde,ecca7a98-4edc-4bfd-bd16-2fca40863087,voicemail,2022-09-03 06:09:56,2022-09-03 07:04:11,3255,,+14015594417,+13604992155,TWR-51147,3G,,131.7133,rated,0,2022-09-03
3ae4db6d-5b3d-44ac-a581-f298691d1d28,78f9aabb-0095-47ba-bf21-c5b11b19f6fe,voicemail,2024-05-04 14:56:11,2024-05-04 16:16:35,4824,,+18946051613,+13171892192,TWR-60209,4G,,137.448,rated,0,2024-05-04
6447d7fe-24b5-4c2d-ab32-a74d43224ab1,afcdd462-8af8-4a05-b329-5b5fe2a5283e,voice_mo,2022-07-01 12:58:21,2022-07-01 14:30:37,5536,,+14264182461,+16714902325,TWR-98909,5G_NSA,,105.331,rated,0,2022-07-01
5541fd3d-697a-4edf-8166-d18f20d572c5,b121a308-8493-4156-9188-6bc35ff22623,roaming_voice,2024-05-16 04:32:43,2024-05-16 04:44:43,720,,+13796655258,+12083527756,TWR-15590,4G,JP,35.9096,rated,0,2024-05-16
8377e721-01a0-4ff8-949d-49756f490008,a150a9b2-e2a8-483e-9a83-caf87dd242ff,voice_mo,2023-12-26 20:46:37,2023-12-26 21:57:28,4251,,+14204598030,+14147199335,TWR-29959,5G,,31.0597,rated,0,2023-12-26
ffaefdd7-3ac5-4c3c-a6da-bd2350aaf125,e0a8872b-927a-4174-8893-b09511007e83,voice_mo,2024-12-12 11:38:59,2024-12-12 12:15:40,2201,,+15970398839,+16120943189,TWR-89365,3G,,104.1705,rated,0,2024-12-12
a5f08596-905b-44c5-9a53-67e8ac057a3b,c0260afc-881d-4d47-863a-365ced2b87a2,voice_mt,2023-09-18 20:49:29,2023-09-18 22:21:14,5505,,+15557543775,+13804428645,TWR-32437,3G,,103.3777,partial,0,2023-09-18
09fff733-161f-43ee-9aaa-992c1fd3d6b0,f0be1ec0-3886-4957-826b-7ab756101978,voicemail,2024-07-18 12:09:31,2024-07-18 14:06:20,7009,,+17423542297,+12576607283,TWR-80599,5G,,30.6926,rated,0,2024-07-18
8e3e7f18-1d40-4eaf-8d36-b5d07da992f2,59e4b437-a4e6-4566-96ba-cf5b07f4ae48,roaming_data,2023-09-09 22:29:53,2023-09-10 02:35:13,14720,5407.97,+19945158000,,TWR-80040,WiFi_calling,IN,177.671,rated,0,2023-09-09
cc3e71a8-2fe5-4bc8-a7cd-8162f09f1bc6,7bf33d7c-e999-4f31-9096-397fe348d431,voice_mo,2022-05-23 02:41:34,2022-05-23 04:14:12,5558,,+16072779624,+16540320025,TWR-14857,5G_NSA,,270.3956,rated,0,2022-05-23
4f8fd8ac-2236-4e8f-92f8-f869a7a1cb3f,0220cd0b-4604-4233-8206-d3b2561510ff,voicemail,2022-03-29 12:03:14,2022-03-29 12:07:01,227,,+16285212080,+16617419065,TWR-40658,5G_NSA,,6.4529,rated,0,2022-03-29
cc0c054b-2dc0-4a62-8a81-19ceb502b2c4,15b4327e-effd-4bc0-acd8-7103bce0d51c,voice_mo,2024-04-28 17:08:18,2024-04-28 18:42:09,5631,,+19272854890,+17165312762,TWR-11461,4G,,131.0413,rated,0,2024-04-28
82879bf7-7239-4228-8da2-643e4f8a19db,0c2008b1-ed71-4cd6-97fb-5af27cfc1818,sms_mo,2022-01-08 03:26:55,2022-01-08 03:26:55,,,+15243451387,+17588547479,TWR-98898,4G,,0.0,rated,0,2022-01-08
72a62b9d-f93c-46c7-833d-cf0cf9c2524f,97053e31-78e9-409e-a507-9171f7b831aa,voice_mo,2022-09-18 11:14:16,2022-09-18 12:07:20,3184,,+15170690932,+19359842336,TWR-66481,5G,,146.1131,rated,0,2022-09-18
f18a4530-7c5e-4b06-95d9-5c3da7186d93,eafe5723-7e13-40b5-9683-8ec40796900a,sms_mt,2023-01-23 21:53:08,2023-01-23 21:53:08,,,+15315240327,+19701492202,TWR-10998,5G_NSA,,0.0,rated,0,2023-01-23
4f416bea-ff81-4cd1-89ea-e31a386d96f7,e6e12810-f9af-49a6-b06f-27bdc12c44f5,roaming_data,2024-10-29 02:15:27,2024-10-29 03:31:00,4533,3336.678,+14634011675,,TWR-86767,3G,BR,53.7616,rated,0,2024-10-29
89c99768-c5b5-4369-ade0-bc29617cea2f,1637c1a2-4870-4269-82b9-ba55603744ee,voice_mo,2024-06-15 02:20:50,2024-06-15 03:40:52,4802,,+19725787593,+17053344440,TWR-52021,WiFi_calling,,168.712,rated,0,2024-06-15
86a04740-4e7d-464e-947b-5b1163ebc16f,b4fb254f-bbf0-42a4-b1c3-a4e3f0653768,voicemail,2022-03-11 17:17:31,2022-03-11 18:19:06,3695,,+15804294966,+15805607336,TWR-27801,3G,,57.7326,partial,0,2022-03-11
f0d7883e-7f50-4f33-8fa5-59c9405b96b1,5e522efc-e649-4550-a73a-9f8c37baad89,voice_mo,2022-10-03 10:28:51,2022-10-03 11:06:01,2230,,+12484560684,+19253113915,TWR-62950,3G,,4.4381,rated,0,2022-10-03
98f283a2-6527-42d9-8077-b37cd3322c9e,dbc9691f-bd3d-412f-a992-f37181bea67d,roaming_voice,2022-12-16 19:07:30,2022-12-16 20:08:48,3678,,+17281242167,+18313325122,,4G,FR,108.5273,rated,0,2022-12-16
9701ec0a-7f64-4668-a740-bb578b2a160d,3d2d8707-ecef-4fa0-ae91-1b1493b6b859,roaming_data,2024-04-17 10:40:13,2024-04-17 12:48:04,7671,3256.013,+14266221180,,TWR-39628,4G,IN,344.4028,rated,0,2024-04-17
eadfe46c-7f8f-4407-a63c-fbd1d213f273,c9c59b30-c0ef-4f63-87b3-ae5073e7f61e,voicemail,2024-05-30 09:47:37,2024-05-30 10:05:44,1087,,+15611726883,+16824137409,TWR-26682,LTE,,43.2491,rated,0,2024-05-30
809dee93-06c7-4c68-81ee-64c5d8485ba4,e69ea138-c6d0-4214-9dfa-21f0c4e3b5be,roaming_data,2024-11-18 09:44:14,2024-11-18 10:28:37,2663,2936.912,+14638235969,,TWR-15590,LTE,DE,57.8678,rated,0,2024-11-18
197b5038-5f8c-4050-ab01-0f4cc87a0e40,3c7942fb-c3a5-435e-8d86-534ff2a7a47b,voice_mt,2023-12-10 04:36:05,2023-12-10 06:08:07,5522,,+17619561381,+15446181927,TWR-83526,LTE,,234.8231,rated,0,2023-12-10
645a2051-5a33-456c-a723-fe3003308f16,e6695f17-7653-41b5-bd6a-42ffaeb6709c,sms_mt,2023-08-29 07:09:28,2023-08-29 07:09:28,,,+15801897774,+17400568117,TWR-58624,3G,,0.0,rated,0,2023-08-29
3f75fa13-f60a-457d-b698-706574a7c71b,05907361-9811-4f81-bf5c-1f15926f7fef,sms_mo,2023-06-02 21:32:20,2023-06-02 21:32:20,,,+17397150620,+18884882917,TWR-36224,LTE,,0.0,partial,0,2023-06-02
a8958b86-ec48-4269-94d5-39502d2078f2,0669e215-0421-47d7-835f-b4c9e3793888,sms_mt,2024-03-13 23:47:24,2024-03-13 23:47:24,,,+15008063930,+12902192794,TWR-93894,5G_NSA,,0.0,rated,0,2024-03-13
0c648937-649b-4097-b8d0-b652b6c6eda4,0c2bd4c6-af16-4db9-b1fc-cf0f7da0cdf1,sms_mt,2022-09-13 09:56:26,2022-09-13 09:56:26,,,+12515049883,+13111215170,TWR-42918,3G,,0.0,rated,0,2022-09-13
90af0903-0008-453e-8411-c0b647af68d1,0220cd0b-4604-4233-8206-d3b2561510ff,roaming_data,2022-04-11 20:17:32,2022-04-12 01:37:30,19198,3689.598,+16499619074,,TWR-66481,LTE,DE,171.3819,rated,0,2022-04-11
4e1a19ae-9732-44b7-95ce-06ccc6706d13,6284efe3-0466-4ecf-aba3-dc47b074092b,sms_mo,2024-06-04 00:29:55,2024-06-04 00:29:55,,,+13505646976,+14017616456,TWR-21348,WiFi_calling,,0.0,rated,0,2024-06-04
48cd1616-937c-4de5-9d9a-30a7fec501a1,b2ace032-9593-4842-bd49-0877ce19f8c4,roaming_voice,2024-11-20 17:46:00,2024-11-20 19:34:27,6507,,+13415994862,+17659162217,,LTE,,161.9263,rated,0,2024-11-20
15f3012b-74a5-44aa-b4bb-6672f2c4a99d,118ef06b-7aaf-4ab2-9406-e4f659d1ef0d,data_session,2023-02-14 23:45:46,2023-02-15 21:12:03,77177,4702.868,+13640928651,,TWR-89203,3G,,1858.3758,partial,0,2023-02-14
b10881f4-02a7-4c54-aa50-1e4f8e90b6ec,db2f1a2a-3ebc-484f-80ce-7979ced1f225,voice_mo,2022-03-15 15:23:31,2022-03-15 15:53:38,1807,,+18637707005,+13952287306,TWR-36144,4G,,20.1776,rated,0,2022-03-15
c36abccd-e182-446b-84ab-6a1fabb02209,63a30aec-0277-4e74-aa15-e461e490fd18,sms_mt,2023-12-04 23:54:11,2023-12-04 23:54:11,,,+17915283562,+12107930971,TWR-93942,4G,,0.0,rated,0,2023-12-04
cb57297c-e022-4988-b3d6-de3602c1619b,3aac240c-7c9d-4f03-85c7-98b45d62bd2f,roaming_voice,2023-04-04 16:34:58,2023-04-04 17:22:59,2881,,+18692502165,+16090637866,TWR-50607,WiFi_calling,MX,36.244,rated,0,2023-04-04
6faeb91b-c722-4863-ab27-0ca28c7e6676,c4126438-84a5-4a2f-8519-49a804b7da09,roaming_data,2022-05-23 19:36:14,2022-05-24 02:45:55,25781,4276.194,+14109489484,,TWR-30895,5G_NSA,BR,310.6876,rated,0,2022-05-23
808473f3-b513-4b3d-8680-887bf0bee928,c944b3bb-638b-4dc8-a1fb-5aaea89322b7,voice_mo,2023-07-04 15:33:45,2023-07-04 16:51:53,4688,,+13544915569,+19605800894,TWR-16726,4G,,159.0406,rated,0,2023-07-04
c87d98b3-1a49-4269-ac1b-50483f566871,8dd9753b-f86a-44be-97b1-a8b6a985e67f,data_session,2024-04-09 10:41:51,2024-04-10 08:08:53,77222,3121.805,+18762583085,,TWR-36318,5G_NSA,,2099.8118,rated,0,2024-04-09
d4740669-8885-426e-8ec9-8a0a4c826b24,bbc72944-af0b-4373-b0f8-6c70292dad72,roaming_data,2022-12-28 09:38:48,2022-12-29 09:34:35,86147,6727.174,+17968813705,,TWR-10998,4G,,4100.1174,rated,0,2022-12-28
d8d81f84-00dd-4084-a76e-db4b9a17af7a,d2faa0b7-6b12-4a20-939f-1d19645d1b8b,sms_mo,2022-10-07 10:43:11,2022-10-07 10:43:11,,,+13875839773,+15040341320,TWR-99693,5G_NSA,,0.0,rated,0,2022-10-07
d7c5ea1b-8914-4c03-89b8-4aac771e71bf,c820edf8-bb0c-492b-9950-e5e1da24f01f,data_session,2024-09-16 09:02:51,2024-09-17 05:59:49,75418,1898.961,+17264069384,,TWR-48846,5G_NSA,,1093.8056,error,0,2024-09-16
b5fa1392-097b-4553-82c3-2713e6a8a290,abac0a6e-a934-4456-bb88-3770300ef8a0,sms_mo,2022-02-28 01:02:55,2022-02-28 01:02:55,,,+15329061499,+19256387727,TWR-60209,LTE,,0.0,rated,0,2022-02-28
71ad4d14-f2e4-4886-9f46-122a2b0401b3,81232510-10c8-4416-aa36-2e3e6f04b1ab,voice_mt,2024-09-21 17:44:39,2024-09-21 18:57:31,4372,,+13179676591,+18523311760,TWR-19132,5G,,195.1857,rated,0,2024-09-21
a2daf3a6-f00e-4837-8655-8a264c6f8a9c,491f7721-a444-4698-9238-d6ea3b6898b3,sms_mt,2022-12-11 13:28:17,2022-12-11 13:28:17,,,+12154996147,+12182584899,TWR-14927,3G,,0.0,rated,0,2022-12-11
3f52cab0-6c5f-4f82-a6ba-2c20180356d9,4e797915-87fa-4314-a228-8195e26c45b9,voice_mo,2024-05-06 05:45:35,2024-05-06 07:36:56,6681,,+19480128361,+12715512563,TWR-37207,5G,,90.6678,rated,0,2024-05-06
54deda4a-3412-431e-b7cb-3ed0440bc205,ebe6fd34-c538-415a-abb0-3311956ca10c,sms_mt,2023-04-25 16:26:58,2023-04-25 16:26:58,,,+13610099943,+14823144986,TWR-23860,LTE,,0.0,rated,0,2023-04-25
b778dd18-256c-4e77-88a3-90b4cd8a805c,f926aab3-c048-4300-bf0a-640187d09966,sms_mo,2023-04-28 11:04:33,2023-04-28 11:04:33,,,+15429793030,+12059656006,TWR-29718,5G_NSA,,0.0,rated,0,2023-04-28
caacf53c-b928-4478-9716-a7458d0b5e3c,d2794ce9-b02c-401d-8a25-f1dbff1ff9ab,roaming_voice,2023-03-02 16:26:10,2023-03-02 17:54:35,5305,,+13774550805,+13373929342,TWR-14927,5G_NSA,MX,261.2115,rated,0,2023-03-02
fefaaae4-a0fc-4a06-8f26-542b67cfb264,bd2df770-ff14-41cc-a867-9d611285f70d,voice_mt,2024-01-21 11:48:11,2024-01-21 13:05:08,4617,,+19759601912,+16257071958,TWR-88599,4G,,11.1418,rated,0,2024-01-21
57ceb356-d266-45db-af77-5b40a3a1a699,03a90656-d2b5-459b-bd24-cb3ab49c3159,roaming_voice,2022-12-23 05:50:11,2022-12-23 05:51:50,99,,+13729515069,+14856337185,TWR-36224,4G,BR,4.2613,rated,0,2022-12-23
57f2c471-2b0d-47e8-b577-b47d989a3387,caf66c0e-254c-4b40-afc2-924a910bc615,data_session,2023-11-18 12:05:14,2023-11-19 07:33:21,70087,6076.117,+18089023663,,TWR-35962,5G_NSA,,2774.7879,rated,0,2023-11-18
687b5793-5156-44db-b449-aca75888d822,957030b7-4f1b-4c54-8e03-3c5379efe985,sms_mo,2023-03-10 10:12:33,2023-03-10 10:12:33,,,+13270503489,+14161461323,TWR-77981,5G_NSA,,0.0,rated,0,2023-03-10
0cc4a8fe-f02b-43f9-ad2f-2ac4c087efc9,3cb2a0bc-a4a3-4373-98be-f64f57d74ed9,voice_mt,2023-11-28 16:21:47,2023-11-28 16:30:23,516,,+17393807599,+15554048101,TWR-21775,3G,,9.3774,partial,0,2023-11-28
6bec6f25-6b77-48c7-b179-8112b21748c2,6d6ea6f1-a22b-4603-bc17-e3c8e7ddaaed,data_session,2023-06-13 12:53:38,2023-06-14 10:50:07,78989,4679.603,+19367456205,,TWR-70487,3G,,3834.4672,rated,0,2023-06-13
c7470c6c-2373-42f7-aefb-37ac17e041f1,af9df37f-c38c-4ad0-bb95-d53d5f1a44fb,roaming_voice,2022-12-22 06:47:02,2022-12-22 07:09:33,1351,,+14483768319,+13521563932,TWR-39628,4G,JP,59.6369,rated,0,2022-12-22
7bb41af5-5281-433f-8ed1-63eb3fe18f7d,926cfa2c-ae31-47c5-af76-a872e60c1c93,sms_mo,2022-01-20 21:53:32,2022-01-20 21:53:32,,,+14673258043,+18596105663,TWR-24390,5G,,0.0,rated,0,2022-01-20
0e6ecdb3-8a62-4463-91b2-d70e5614d018,cc2f4306-8ed5-4d0d-8bce-2ae6a2aa7df6,roaming_voice,2023-06-13 07:16:08,2023-06-13 08:20:13,3845,,+12508106302,+15182736080,TWR-90922,5G,IN,191.5403,rated,0,2023-06-13
f4690cf5-fa09-45be-9b72-6ef4b381c730,fcb9f710-de18-4050-b97d-082c4428ecaa,roaming_voice,2022-05-29 04:18:20,2022-05-29 04:58:06,2386,,+17206459961,+15589649056,TWR-67385,5G_NSA,,63.1485,rated,0,2022-05-29
e1100e70-54b9-47e2-b376-d309a3d8bb8e,931f378e-470d-4a8c-86b1-cbc341668927,sms_mo,2023-07-03 11:30:56,2023-07-03 11:30:56,,,+13913869117,+15773017133,TWR-56568,5G_NSA,,0.0,rated,0,2023-07-03
ebc60fd8-d966-4fd9-9229-d7ca1d0a569d,c0bfe1a2-3d90-44f3-a911-40c697b95fc4,roaming_voice,2024-09-07 16:23:52,2024-09-07 17:15:56,3124,,+16226189229,+18047985833,TWR-83526,3G,JP,106.0749,rated,0,2024-09-07
fd4fd576-555a-4ae2-8fe7-5a4e6da946e5,dce74408-dd1c-4052-b697-016c9359efd6,voicemail,2023-03-22 18:20:41,2023-03-22 19:53:49,5588,,+12034922318,+15415924999,TWR-27464,5G,,250.4506,rated,0,2023-03-22
e6b14750-d5a2-41f9-a2c7-cf0fa436d568,abe5e3b7-b195-490b-a157-881b71193851,voice_mt,2022-07-05 00:29:55,2022-07-05 02:29:19,7164,,+16699413682,+17494623911,TWR-97532,WiFi_calling,,55.28,rated,0,2022-07-05
db68b8c9-29b6-444e-97cd-e17c249d8662,a2bf2282-f52b-459f-88d8-66384f316e27,sms_mo,2023-09-11 18:58:48,2023-09-11 18:58:48,,,+16107725982,+14898151139,TWR-23860,5G_NSA,,0.0,rated,0,2023-09-11
de589899-6edd-4015-8ecb-63893a6bff1f,fcb9f710-de18-4050-b97d-082c4428ecaa,sms_mo,2022-03-09 21:18:59,2022-03-09 21:18:59,,,+14669274921,+17708559980,TWR-47711,WiFi_calling,,0.0,rated,0,2022-03-09
fa0899a1-63d8-4e91-aa2c-ffcfbfe748f4,f9d9f5e5-0062-43c6-a3ff-aaeb61ca05ff,roaming_voice,2023-12-25 17:05:56,2023-12-25 18:32:32,5196,,+14758123446,+19101132899,TWR-33281,3G,DE,255.9134,rated,0,2023-12-25
19828ff6-ce1d-476c-9836-2589c0040d57,c3cbf458-6ae2-4b47-9b07-ed5483e6dca2,voice_mt,2024-04-15 00:32:18,2024-04-15 02:15:53,6215,,+13941507108,+18153419733,TWR-65265,WiFi_calling,,68.6495,rated,0,2024-04-15
1b48c108-7606-416b-a03f-83a5947c74f6,435f646e-b76f-4861-aaf6-1c30161441a2,sms_mo,2022-10-22 16:24:13,2022-10-22 16:24:13,,,+14269773133,+14416747890,TWR-50818,5G_NSA,,0.0,rated,0,2022-10-22
94d85e65-0137-4890-a312-a148ae182634,722ec9d0-5dc8-4c1a-820f-9824d3d9175c,roaming_data,2024-02-10 12:50:04,2024-02-10 14:58:59,7735,5361.639,+15518865982,,TWR-53214,3G,,84.0471,unrated,0,2024-02-10
386a9f63-80de-4aab-8794-c98deace9806,e42996bf-1dbb-406c-a050-1ec4cc80f0ae,sms_mt,2023-06-17 21:48:38,2023-06-17 21:48:38,,,+14798149499,+15910180139,TWR-27801,3G,,0.0,rated,0,2023-06-17
bbb00655-9c3f-4eb9-8d13-e443a4ff77ae,3c7942fb-c3a5-435e-8d86-534ff2a7a47b,roaming_voice,2022-11-01 02:49:51,2022-11-01 03:55:51,3960,,+13469130873,+12048253764,TWR-40180,WiFi_calling,FR,111.6095,rated,0,2022-11-01
11df8fa0-8108-4bef-9e92-f9863daf2308,f42fd9e6-d990-4868-a3ca-1b1de1b31b83,voice_mt,2022-07-07 07:18:14,2022-07-07 08:06:45,2911,,+17914784748,+13493159851,TWR-60273,5G_NSA,,81.0148,rated,0,2022-07-07
f3efd996-1bb0-4e1c-897d-32d3eee8f8df,615962f5-3ea9-4b9e-a677-6ebe88fa0bb5,roaming_data,2024-03-30 19:50:23,2024-03-30 20:50:17,3594,3818.058,+14851242042,,TWR-81495,5G_NSA,,133.1855,rated,0,2024-03-30
d36b71d3-cf4d-4d4f-b32b-dcfb09856702,5a67819e-df49-408b-9d77-526f4a5673e3,sms_mo,2022-09-06 23:30:51,2022-09-06 23:30:51,,,+13346405386,+15315186287,TWR-56568,4G,,0.0,rated,0,2022-09-06
523c2a6a-4880-44af-b02b-65fd5cf2b8f3,af67c398-416c-4871-bb24-6ba0dabe5b2d,sms_mt,2023-03-11 23:19:46,2023-03-11 23:19:46,,,+18408773584,+12579564475,TWR-37207,5G_NSA,,0.0,rated,0,2023-03-11
fcc5952f-c1d8-45f2-a472-626379bb1319,2d524a59-4318-4870-a75d-b3624d030c75,voicemail,2024-02-29 16:06:40,2024-02-29 17:30:42,5042,,+12319628124,+18272960812,TWR-59906,WiFi_calling,,109.5819,rated,0,2024-02-29
7e0416e2-bb7b-4948-a531-83ded86c0dcc,f9e729a8-6629-4249-81c2-8f55da8d3a45,voicemail,2024-12-14 05:36:29,2024-12-14 05:50:58,869,,+15521442676,+19851210058,TWR-48793,WiFi_calling,,1.2049,rated,0,2024-12-14
2ecd21bf-9234-4bbf-ade4-1ffd5dd05fd8,3621d365-7b9b-4a2e-b753-c847a9f91724,sms_mt,2024-01-24 14:46:25,2024-01-24 14:46:25,,,+14993365799,+16910422808,TWR-24390,WiFi_calling,,0.0,rated,0,2024-01-24
26f3ee7d-640e-4504-8e64-f0c1230eb8ab,86169115-3133-44fc-9f64-59e34a512c22,voicemail,2022-04-21 07:14:03,2022-04-21 09:12:12,7089,,+13507264357,+12388571801,TWR-25560,5G_NSA,,198.7595,rated,0,2022-04-21
c9ece1f3-4cc5-4667-ab5c-be41429150f5,0fb36033-0bbf-44ab-84b7-0359ffb91d30,sms_mt,2022-06-30 15:54:09,2022-06-30 15:54:09,,,+12812796791,+15292386401,TWR-63652,WiFi_calling,,0.0,rated,0,2022-06-30
121c7784-4ac7-4e6c-897f-7239faef5df4,66a95a08-6963-47ac-8827-af0e612b426e,roaming_voice,2022-12-08 06:19:22,2022-12-08 07:27:27,4085,,+13182033418,+13581710323,TWR-62351,5G_NSA,CA,19.2385,rated,0,2022-12-08
b4616ae6-1dae-4016-8eb7-753774bef1ba,fd905127-2086-4c85-8dc9-f1100b9e5615,sms_mt,2022-06-21 21:16:15,2022-06-21 21:16:15,,,+14260141620,+12163452281,TWR-23860,WiFi_calling,,0.0,rated,0,2022-06-21
86314bda-a5c9-4aa3-8227-05e2c8c44a0d,525491a9-cb95-4754-bb05-eabd5a1d520c,roaming_data,2024-05-28 21:32:36,2024-05-29 00:44:21,11505,2167.41,+15302386644,,TWR-79299,WiFi_calling,GB,76.5528,rated,0,2024-05-28
59ba00c9-d1cd-4193-8a6c-5bc96d38e832,68c7ad77-c59f-4a86-a37e-19cd29de090a,roaming_voice,2022-05-06 15:25:03,2022-05-06 17:22:34,7051,,+19353011946,+12444017254,TWR-26561,4G,,79.4646,partial,0,2022-05-06
5bf0a40a-911a-43b3-b5d4-53b1493c6783,322f31b2-ef54-47d9-80d4-5a534bd2ec33,sms_mo,2024-07-18 04:28:21,2024-07-18 04:28:21,,,+18515144669,+19757115429,TWR-75948,3G,,0.0,rated,0,2024-07-18
a0d20012-9cd8-476e-865a-945221a683b6,25582508-08f5-49bf-8b30-9231448c4469,data_session,2022-08-10 18:41:13,2022-08-11 00:51:19,22206,5586.162,+15636620148,,TWR-59018,3G,,90.2141,rated,0,2022-08-10
6acec9e2-2749-42d8-a7ec-cca170e3d38a,dbc9691f-bd3d-412f-a992-f37181bea67d,roaming_data,2023-11-21 07:52:22,2023-11-22 02:00:54,65312,1898.186,+15204470149,,TWR-72092,3G,MX,3176.4162,rated,0,2023-11-21
84d7e2e2-577b-4878-b1bd-09739d1032ec,879fceea-4132-456c-a4e1-1b47198d0236,roaming_data,2024-01-25 01:28:11,2024-01-25 15:05:33,49042,6993.314,+14521832506,,TWR-90922,WiFi_calling,US,1697.7024,rated,0,2024-01-25
25545c29-ca16-4187-9de9-5659df1028ef,e31a7795-e1b8-45c4-b22d-2d0a4aa58c9b,data_session,2022-05-07 23:05:41,2022-05-08 13:29:48,51847,7418.946,+12420450511,,TWR-51468,5G,,2329.4703,rated,0,2022-05-07
0d5f8000-c626-407a-8bc4-e1400a6775e5,8be22287-bf2e-444a-9fd4-1f452e67c316,voice_mt,2024-04-14 13:42:51,2024-04-14 14:58:46,4555,,+17243279899,+19950886475,TWR-31077,4G,,192.2295,rated,0,2024-04-14
f9f72f10-e139-466c-96bf-d82fcb5f32e1,e9cb0902-d239-4bec-9198-0cdc1d0c4f5d,sms_mt,2024-05-10 15:47:55,2024-05-10 15:47:55,,,+18560476878,+17483578719,TWR-89365,WiFi_calling,,0.0,error,0,2024-05-10
521df00b-9d88-4d34-958c-dd1f9627ba22,7ef35cc5-b122-43e9-b26f-56d63c4a6d5a,sms_mt,2022-12-15 00:02:21,2022-12-15 00:02:21,,,+15223600720,+14752089930,TWR-10565,LTE,,0.0,rated,0,2022-12-15
9597b1aa-080b-480d-88d4-75e6b7f93a35,f93446ed-e8bf-4442-b6e2-6c04acf2fc24,sms_mt,2022-10-23 16:54:26,2022-10-23 16:54:26,,,+14989218696,+15822726263,TWR-58624,WiFi_calling,,0.0,rated,0,2022-10-23
caaff0e9-05b6-410f-9610-b9ce5bc30254,e9db60a1-e0a1-4496-b6a3-4adb732999fb,sms_mo,2023-03-01 17:26:38,2023-03-01 17:26:38,,,+14648322730,+12133217400,TWR-75422,5G,,0.0,rated,0,2023-03-01
b2d51c86-ef7e-4d45-af94-fe7f79b17634,751f3cc9-1634-41f6-949e-f0e67d0d195e,voice_mt,2024-01-01 19:47:59,2024-01-01 20:25:17,2238,,+18504625707,+16017523643,TWR-70487,5G,,102.6057,rated,0,2024-01-01
95e73eb1-4a0b-4930-a2a2-f7b61ca85c6b,57878b5c-6df4-43c7-8693-bc7193f6ce1a,data_session,2024-08-03 23:35:00,2024-08-04 05:15:40,20440,7747.551,+13722179865,,TWR-33753,5G,,99.1377,rated,0,2024-08-03
001f7846-3083-40f1-b066-a6b766c69adf,c036429f-0eb2-4ee6-8464-d70a009c6023,voice_mt,2024-02-02 15:51:55,2024-02-02 17:25:05,5590,,+13138483375,+18463625078,TWR-89365,WiFi_calling,,123.2247,partial,0,2024-02-02
fb0675c9-c649-4ff4-a44c-ba008eab83ba,e03ee293-a131-483d-b6a1-6891ed7a09e2,roaming_voice,2024-02-27 21:50:19,2024-02-27 23:19:38,5359,,+18239813383,+14665081869,TWR-96546,3G,MX,115.9039,rated,0,2024-02-27
6142dd88-83a2-4680-8808-446e171703d8,c1813434-0521-4acd-91d6-0ac6cbae21b8,data_session,2022-07-16 17:12:54,2022-07-17 15:20:28,79654,1135.672,+16454664658,,TWR-35333,4G,,852.4518,rated,0,2022-07-16
a1307047-b011-4cf8-a254-1405ce0d6f5f,fbe288ca-7078-4ac9-8a1b-279bf277b7f8,voice_mo,2023-09-21 15:23:06,2023-09-21 16:50:10,5224,,+13973120733,+17025695082,TWR-59410,5G,,116.3453,rated,0,2023-09-21
33587348-c87c-48d8-ac32-b0b0b1973d34,62ba5fb1-b1e0-4f0c-a7ee-e84d7c648003,voice_mo,2024-09-03 13:32:41,2024-09-03 14:37:05,3864,,+15182513317,+17304106613,TWR-48846,4G,,185.5761,unrated,0,2024-09-03
4d949796-8243-4205-9df6-644a4829b665,8d58254e-ae02-4c54-9a24-08be1a754784,sms_mo,2022-10-25 17:30:53,2022-10-25 17:30:53,,,+16589622022,+16051021357,TWR-42918,5G_NSA,,0.0,rated,0,2022-10-25
b35e1588-736a-4ac0-a5cd-d88de6013956,25582508-08f5-49bf-8b30-9231448c4469,voice_mt,2022-01-01 14:50:58,2022-01-01 16:12:26,4888,,+18617869364,+17066659423,TWR-60585,5G,,49.2388,rated,0,2022-01-01
7a62f278-f743-44ad-a286-e2bb75da1915,a0bdc3d3-2821-4003-a01d-083e0e949c1b,voicemail,2022-06-12 06:35:27,2022-06-12 07:22:39,2832,,+16522586753,+14411575816,TWR-70566,WiFi_calling,,39.6063,rated,0,2022-06-12
72014439-5129-463f-853b-9c21cebe3ecd,4e1cf95d-eefb-402a-8682-98ec8b5b076c,sms_mo,2022-04-05 14:02:20,2022-04-05 14:02:20,,,+16504694735,+19019765328,TWR-89365,5G_NSA,,0.0,rated,0,2022-04-05
ee4602dc-9dc0-40ed-b585-d17abffcb2da,b13034a5-8f24-424c-a1a9-05152bdaf25b,data_session,2023-09-27 01:20:38,2023-09-27 01:55:37,2099,4753.311,+13508957570,,TWR-80599,4G,,27.1095,rated,0,2023-09-27
72723eb2-324b-4449-97ae-f8f556ee7bb9,8ee7759a-5fec-40ab-8daf-9134aa83ab9d,data_session,2024-01-11 22:35:27,2024-01-12 17:13:42,67095,7628.248,+16051136907,,TWR-63652,5G,,2233.1087,partial,0,2024-01-11
3ed5be1e-dfad-44e4-9de1-307024748865,d9127b32-a8f1-4445-9702-133bce158319,voicemail,2023-02-01 00:07:23,2023-02-01 01:35:56,5313,,+19566498741,+12606730733,TWR-25560,LTE,,193.3887,rated,0,2023-02-01
1defb69e-5978-4322-a6f2-36655db2dbe5,2a68dfac-a64c-4dce-9982-6358c20d22f8,sms_mo,2022-03-21 16:36:05,2022-03-21 16:36:05,,,+15643681526,+17153602105,TWR-65195,WiFi_calling,,0.0,rated,0,2022-03-21
b2ed0660-8d64-4899-868b-6050d2dddad8,ec613745-c8ec-4a2a-ac34-839b99fb8e33,sms_mt,2024-07-23 21:22:21,2024-07-23 21:22:21,,,+12925854962,+18061374599,TWR-91089,3G,,0.0,rated,0,2024-07-23
55764236-5f03-441b-91b2-744c474f4bf6,079fea4e-e307-46b5-8ed1-30b17990557f,voice_mo,2022-06-13 23:31:38,2022-06-14 01:08:47,5829,,+18157340218,+14069755874,TWR-27160,5G,,158.7231,rated,0,2022-06-13
e9e04220-45bb-4239-b9a0-d6746d1c1a97,73dde6f4-d19c-4e3e-a4ff-f9e34b31d8f9,voicemail,2023-10-18 02:03:42,2023-10-18 02:11:53,491,,+14783724822,+16045845553,TWR-98912,WiFi_calling,,5.6478,rated,0,2023-10-18
d0c6e21f-35ce-4ee6-a5a4-dd2cc0335bd1,90b56269-68eb-4254-8799-6f02c5fb8ebb,sms_mt,2023-11-20 07:33:27,2023-11-20 07:33:27,,,+13452752156,+14052656685,TWR-75697,LTE,,0.0,rated,0,2023-11-20
10b8ca42-afbd-42c4-adbb-e1e274fcf8b0,18b49daa-f2e4-443b-825f-96ad93c0e6bb,sms_mo,2022-03-14 13:34:43,2022-03-14 13:34:43,,,+14957514154,+13263428771,TWR-89365,5G_NSA,,0.0,rated,0,2022-03-14
0ede3893-1861-46cb-a527-5e6dfadd8e9a,8482b347-444f-4211-beca-833fcd75b827,voice_mo,2022-01-15 17:23:20,2022-01-15 19:15:45,6745,,+17659100704,+15160465708,TWR-27801,5G_NSA,,16.9399,rated,0,2022-01-15
9821a4f4-c7f2-421e-b5b7-e0e123a38c84,26121129-b214-4c39-9a48-aac2fe9da1db,sms_mo,2023-10-17 18:58:42,2023-10-17 18:58:42,,,+15471561313,+16022712664,TWR-90085,5G,,0.0,rated,0,2023-10-17
bd7aeeef-9245-4bcd-8b0b-4a2cdeacddd5,e58f987b-b929-48f5-86fc-6fd6c6960e8b,roaming_data,2023-08-01 13:36:01,2023-08-02 01:19:42,42221,5929.962,+15961240337,,TWR-28731,3G,US,369.3484,rated,0,2023-07-30
52dc4f87-70ed-4537-aa77-eeb62cb59687,f88b6fb5-1b42-4c6a-ac5e-142469ffe7c5,voice_mt,2023-10-16 14:44:26,2023-10-16 15:54:37,4211,,+19258684403,+19534102463,TWR-99693,4G,,90.472,rated,0,2023-10-16
7c5da360-5254-46ca-b498-335b36fd518c,ae93dd4b-85cd-4c60-aa88-05c271d5a01e,data_session,2024-03-20 19:36:12,2024-03-21 06:20:00,38628,7094.963,+17242292656,,TWR-60870,4G,,740.2267,rated,0,2024-03-20
393c29ca-8e23-43b6-a56a-10ede95d2a44,bd26db34-69c7-49e6-89ed-5eff6d59620b,voicemail,2022-03-11 02:48:22,2022-03-11 03:21:35,1993,,+17038406225,+17211142837,TWR-70647,5G,,42.6731,rated,0,2022-03-11
6dcd438d-a290-4126-99f0-02f286fed703,77e51c7b-b8bc-4aa0-942b-c8e366b15c35,roaming_voice,2024-12-29 01:30:35,2024-12-29 02:45:23,4488,,+18446870697,+12285595547,TWR-86767,3G,GB,59.6051,rated,0,2024-12-29
b5257f35-32a5-45b7-a15b-7acd0716c5a8,f42fd9e6-d990-4868-a3ca-1b1de1b31b83,voicemail,2023-05-05 01:19:46,2023-05-05 02:06:53,2827,,+13014531896,+17496307042,TWR-17261,WiFi_calling,,118.0074,error,0,2023-05-05
80389270-83d3-45b9-b750-55e6eae98208,8e126ca7-cbbe-447c-a4cf-9743d164c9cc,roaming_voice,2022-10-18 11:36:31,2022-10-18 12:43:27,4016,,+13984572989,+16237956352,TWR-29959,5G_NSA,IN,63.3581,rated,0,2022-10-18
30db1c31-a47e-437f-8fe7-043301901da5,0a1a474c-a8a3-451a-8af3-e8e73e96cf21,roaming_data,2023-12-26 14:32:30,2023-12-26 16:09:42,5832,5068.394,+15771264944,,TWR-72092,LTE,IN,129.9816,rated,0,2023-12-26
17bb90ae-1273-498a-93a7-51ec75b45fd2,526a6be4-39aa-45de-87d5-18799da06f07,roaming_voice,2024-09-15 19:43:32,2024-09-15 20:06:05,1353,,+12831971888,+15008104182,TWR-20874,4G,,29.211,rated,0,2024-09-15
93c9dca4-bfb7-41be-bd2c-ba2c00bdc990,a97f57c9-7117-4369-809a-215d77768d59,roaming_data,2023-08-18 02:59:46,2023-08-18 08:14:15,18869,4934.806,+17573913682,,TWR-35962,5G,IN,454.6834,rated,0,2023-08-18
765f6eb7-accf-4b33-8483-e7246c2b290c,cbeb4995-0203-4846-a8e2-615da4d6adf0,voicemail,2022-01-16 06:07:06,2022-01-16 07:40:01,5575,,+15820038125,+19459038676,TWR-63723,5G,,64.8006,rated,0,2022-01-16
ab741292-9377-4db8-a126-f1241bbcd947,bcc3db5d-34eb-4028-875b-2eba43840d69,sms_mt,2022-03-08 14:52:06,2022-03-08 14:52:06,,,+18779735358,+18029554016,TWR-43761,5G_NSA,,0.0,rated,0,2022-03-08
fbe5bf26-fded-44d9-889f-cf736d887be5,4fad9e4f-0372-48d2-a053-eb15027893b7,voice_mt,2023-07-13 00:46:57,2023-07-13 02:12:46,5149,,+13820968483,+16695193656,TWR-56568,3G,,115.5761,rated,0,2023-07-13
ccea42af-c32f-4280-aa59-dbf5a21a786d,97053e31-78e9-409e-a507-9171f7b831aa,voice_mo,2024-01-24 01:19:44,2024-01-24 01:44:47,1503,,+16369462012,+18328210592,TWR-88042,5G,,57.986,rated,0,2024-01-24
3ed0d666-b367-4798-a094-705628b1d5f3,dad63193-43c1-4261-8bca-f226460be8a0,voicemail,2022-03-14 01:45:15,2022-03-14 03:27:31,6136,,+14136812551,+19450423120,TWR-66481,LTE,,234.5463,rated,0,2022-03-14
03dd790e-7b5e-4eff-b622-ea0bc2edf6f9,ef101019-c332-4114-8ce0-565628a2f03b,roaming_voice,2024-03-16 17:44:58,2024-03-16 19:44:57,7199,,+12781989145,+13407215879,TWR-35962,3G,FR,286.0972,unrated,0,2024-03-16
8d374aa3-8c95-4305-a0fd-72c1ed6baccf,0669e215-0421-47d7-835f-b4c9e3793888,roaming_voice,2022-11-28 08:54:43,2022-11-28 10:24:08,5365,,+15512133040,+18580672562,TWR-47000,5G,US,198.8961,rated,0,2022-11-28
7179fc64-4512-4d1a-bec0-055be6290a20,57878b5c-6df4-43c7-8693-bc7193f6ce1a,voice_mt,2022-03-24 14:49:30,2022-03-24 16:30:27,6057,,+17111011058,+16340441239,TWR-62351,5G,,264.0505,unrated,0,2022-03-24
21099754-d551-4069-813e-9604cc2fc825,22df07e6-55d8-4120-951e-d0cbf8239fbb,voice_mt,2023-04-16 12:57:09,2023-04-16 14:36:09,5940,,+18751587495,+14113527392,TWR-81495,LTE,,272.1766,rated,0,2023-04-16
bad74d83-100f-42b7-899c-132e1e98c3f0,77bcfbe9-4eea-4fe6-b4be-f258baf13a05,roaming_data,2024-11-01 01:50:18,2024-11-01 13:27:47,41849,6432.487,+15323170846,,TWR-88569,4G,BR,157.4935,rated,0,2024-11-01
e7765d00-1df0-48bb-867b-a4fb88522191,58ea079f-8edc-4761-9091-e65a7f69dba4,voicemail,2023-06-02 03:21:53,2023-06-02 05:10:58,6545,,+17107312573,+18825072996,TWR-74130,4G,,243.4189,rated,0,2023-06-02
ba1e871a-8aaa-40e6-b78d-e144db380d3d,9b33ed62-6843-4ef2-b423-352d9e2c5eb6,data_session,2023-03-26 23:58:24,2023-03-27 23:12:40,83656,888.517,+12908927739,,TWR-28731,WiFi_calling,,3258.2809,partial,0,2023-03-26
584b33f8-5625-48dd-8a19-a57e182460a2,bcab86ba-c626-4543-9a33-f94f0f0641c3,roaming_voice,2022-05-31 06:02:30,2022-05-31 07:23:10,4840,,+19413373565,+17749876704,TWR-99759,5G,BR,66.6415,rated,0,2022-05-31
ab7eefad-de78-42af-ac42-518c1e5c5c1f,a2e21980-aafd-40e7-a3d3-e52a9f6c147d,voice_mo,2023-05-21 01:39:57,2023-05-21 03:15:21,5724,,+19166933369,+12446119284,TWR-90922,4G,,156.6399,rated,0,2023-05-21
933aa0d5-962f-491b-b054-531e2a8fa8b4,d2551a95-4067-4f36-b61a-80239f4dd2c1,voice_mo,2022-02-10 23:47:32,2022-02-11 00:36:13,2921,,+12125760514,+15919966335,TWR-62351,5G,,113.748,rated,0,2022-02-10
4bc8ea60-125e-4d04-92d0-b8f330877dea,63a9771d-87cc-4fa5-ac24-bc836021bbb0,roaming_voice,2022-07-26 15:48:19,2022-07-26 17:04:37,4578,,+19820923835,+12782549341,TWR-79893,LTE,GB,14.6791,rated,0,2022-07-26
493256b8-37f4-4ec3-8852-4ffa0098c87e,458db7c6-acc7-4b4f-9849-28ab26c9415d,sms_mo,2023-08-11 02:50:11,2023-08-11 02:50:11,,,+16466453540,+12605564001,TWR-20637,3G,,0.0,rated,0,2023-08-11
ef63fb50-cae4-40af-8157-da8f1bc8c0cd,a0bdc3d3-2821-4003-a01d-083e0e949c1b,roaming_voice,2023-09-17 09:22:48,2023-09-17 10:16:58,3250,,+14488625993,+19768586001,TWR-87123,LTE,DE,116.8526,rated,0,2023-09-17
015cf0b1-aa30-41d3-ad3f-6c79c03598a1,1bb3bd6d-933f-4673-ab66-5e612c42d27a,roaming_voice,2022-08-26 22:23:26,2022-08-26 23:50:10,5204,,+14630045647,+17658659988,TWR-13054,5G_NSA,,133.0428,rated,0,2022-08-26
43b93eab-ca7e-4ffb-bfbe-cbfc3ee0c408,eef606be-248d-4392-b455-54c969c66f94,voicemail,2023-11-03 17:36:26,2023-11-03 18:28:36,3130,,+19927479957,+13427275070,TWR-65732,WiFi_calling,,4.2407,rated,0,2023-11-03
a731dd86-a47f-4776-83c8-11484f17c4ec,cc0a86b1-b0dd-49b3-859c-65da2a773413,roaming_data,2022-06-17 03:50:52,2022-06-17 07:31:02,13210,5027.681,+18116592184,,TWR-93894,5G_NSA,MX,369.3424,rated,0,2022-06-17
837a7143-f972-4ee9-89a5-a5c84c0ff8a8,3cfc7c79-3a5e-4be8-9ce2-57c188a3ff9f,sms_mo,2023-03-27 01:47:44,2023-03-27 01:47:44,,,+15698466304,+16472237428,TWR-26561,WiFi_calling,,0.0,rated,0,2023-03-27
ddc583a1-e796-4575-a9a6-10483e32c7b4,34e17e95-93ba-418b-b55e-cd6ad402d1a6,sms_mo,2022-09-11 10:37:13,2022-09-11 10:37:13,,,+19857191487,+12477624570,TWR-55269,4G,,0.0,rated,0,2022-09-11
1e1705ca-e804-44a9-9916-cae1b60c81ff,02363696-bc6a-489e-9f54-4d24aaa91ea2,voice_mt,2023-06-13 22:26:07,2023-06-13 23:05:16,2349,,+12028995640,+16790633152,TWR-42918,5G_NSA,,18.972,rated,0,2023-06-13
bf72c4b6-d8c9-4543-9685-257c616a2534,a2d5ad1c-e1a4-4784-bdb5-eaf83fbcb353,roaming_voice,2023-05-27 20:56:17,2023-05-27 22:49:34,6797,,+19957726648,+16983255306,TWR-19488,4G,JP,47.6504,rated,0,2023-05-27
d589d567-b75c-45a0-9101-1468691b0f5b,dc145764-ffa4-424e-9a52-cd6789fa2317,sms_mo,2023-04-12 06:00:25,2023-04-12 06:00:25,,,+17116848013,+12247848500,TWR-42562,5G,,0.0,unrated,0,2023-04-12
e2d436af-06af-4098-ae5d-7d1c7f6562d9,a6a8fcaa-f5ff-4f7e-af32-8c2c66aaf59f,sms_mo,2024-02-03 11:23:02,2024-02-03 11:23:02,,,+13291225041,+16395960655,TWR-67385,WiFi_calling,,0.0,rated,0,2024-02-03
9e533d22-0d8b-4f9d-a3f0-a34f62bc04f8,1e58d445-5d3e-4699-810c-d2c676fd4457,voice_mo,2022-05-05 10:03:07,2022-05-05 11:35:04,5517,,+16722166049,+15400575275,TWR-48718,5G_NSA,,181.6478,rated,0,2022-05-05
6896023a-0d01-459f-aecb-099fb6553ce1,fcb9f710-de18-4050-b97d-082c4428ecaa,roaming_data,2022-09-27 08:33:07,2022-09-27 15:39:12,25565,1373.154,+17038615678,,TWR-25363,5G,DE,251.7015,rated,0,2022-09-27
2d1b2d2b-6d7e-442f-b39f-7733d9b9a2f5,50b2c97a-234e-4492-9d81-9c54ac6a1f67,roaming_data,2022-12-05 17:32:36,2022-12-06 17:01:09,84513,6415.63,+19440202866,,TWR-32499,5G,JP,1872.7415,rated,0,2022-12-05
c6ecdbff-de0a-4801-9545-5e870ad46167,79d7739c-9fee-4c3c-b4f8-8559ed4ad19b,sms_mo,2023-03-16 20:44:47,2023-03-16 20:44:47,,,+16368200448,+16962031835,TWR-25560,4G,,0.0,rated,0,2023-03-16
01f773b9-e148-4549-832d-a3aeadf8cd8c,fa29d837-5885-4e66-8a4f-66a4f13bea06,roaming_voice,2023-08-25 19:48:40,2023-08-25 21:13:07,5067,,+12209473145,+15815125327,TWR-48408,4G,GB,170.4671,rated,0,2023-08-25
698978b8-3705-4615-b65d-30c5e676184a,44567e9f-b910-4909-ac90-8fd32a4028cf,data_session,2023-11-30 17:24:38,2023-12-01 15:13:13,78515,6404.448,+18036664648,,TWR-39628,5G,,3107.0575,rated,0,2023-11-30
97e53639-e866-47f8-9fd5-90458d98a5f0,9ec998a9-c4ab-4a24-9c47-8b724bbb9565,voice_mt,2023-05-05 11:47:44,2023-05-05 13:41:36,6832,,+13103384841,+12176822578,TWR-62351,5G_NSA,,49.5823,unrated,0,2023-05-05
4d03b3af-0fc7-4e51-8608-3f3e38106538,d49ee1b8-1b7a-47af-86e6-b756ab6266e3,roaming_voice,2022-10-11 08:29:16,2022-10-11 09:09:45,2429,,+19778012504,+16492066067,TWR-48718,5G_NSA,JP,108.1138,rated,0,2022-10-11
b6379952-3de9-47a9-bc3b-be4a81f092f8,36e7bb73-3326-4525-b9a8-87e464e36200,voice_mt,2022-03-23 03:32:51,2022-03-23 05:21:31,6520,,+17253382277,+13650363847,TWR-65265,5G_NSA,,319.1876,rated,0,2022-03-23
0f791bde-afa0-4aef-89af-b07dfba8b65c,c9949aff-d5ce-4c0c-b50e-951e7e07ec14,sms_mo,2022-05-11 04:42:21,2022-05-11 04:42:21,,,+19085466125,+18931857957,TWR-58889,3G,,0.0,rated,0,2022-05-11
49df147c-ab76-4ea0-9478-f3389f4266db,d6fe1c1e-b93c-4f5e-a118-7a4a0525a3b1,sms_mt,2022-04-16 15:17:19,2022-04-16 15:17:19,,,+16063543320,+12944360890,TWR-16249,3G,,0.0,rated,0,2022-04-16
598cffde-62fb-4193-a91f-9ea70521fb46,f3505f8b-eff5-4e2e-8287-a042d4c47f52,data_session,2024-05-24 02:26:28,2024-05-24 19:27:34,61266,4056.793,+18603231507,,TWR-56374,WiFi_calling,,670.5441,rated,0,2024-05-24
f14fcfd4-e676-4f13-b427-2e1dad9ac71f,ee204676-e61f-401a-9d7a-01e771e9a364,sms_mt,2022-12-31 11:46:00,2022-12-31 11:46:00,,,+13922374524,+16434863004,TWR-96136,LTE,,0.0,unrated,0,2022-12-31
4b3bcda6-af2f-4635-860f-ea4ce316227a,b63072b5-61dd-443e-a8b5-800360e59db6,voice_mo,2023-02-10 04:53:48,2023-02-10 06:03:45,4197,,+14843324481,+18778521725,TWR-35962,LTE,,91.1041,rated,0,2023-02-10
34da3ff7-6c35-4d7b-a7f3-1f8a7f062a3d,cd9a6919-509c-488b-b032-09fe0f6b77ff,voice_mo,2024-04-03 02:26:13,2024-04-03 04:06:46,6033,,+16504915773,+17999427520,TWR-68192,5G,,90.3281,rated,0,2024-04-03
1cccd347-05a5-4742-a40e-7663eacaa863,46e76a80-4480-441b-a1ef-4872ad87413c,roaming_data,2022-04-20 11:07:01,2022-04-21 01:08:23,50482,5709.258,+14314007484,,TWR-67678,5G,MX,1745.9006,rated,0,2022-04-20
36067ef6-5237-4447-80cf-1b3913969d13,5f75ef6b-6965-4354-b215-28e05a5fe7a4,data_session,2022-09-06 17:29:33,2022-09-07 17:18:42,85749,5543.958,+13506401181,,TWR-38402,5G,,3891.7484,rated,0,2022-09-06
46ec2651-e89b-45f9-97fe-4c635205fed6,b8b76c8a-0b01-4998-b16c-1ee9743f8ff9,sms_mo,2022-02-01 15:50:22,2022-02-01 15:50:22,,,+17019688474,+13004109189,TWR-62950,LTE,,0.0,partial,0,2022-02-01
44bf8581-30ff-4d41-a5e9-97ef0b104573,816a1c73-49af-41fd-b211-fbeecb412670,sms_mo,2022-02-23 00:05:19,2022-02-23 00:05:19,,,+14257090240,+17245025261,TWR-97532,4G,,0.0,rated,0,2022-02-23
2af7081a-ff47-4bb9-a772-12fdd88e573c,dd94d828-f9d9-4a65-bcfe-ee585dcead0c,sms_mo,2023-07-03 01:16:21,2023-07-03 01:16:21,,,+14764196806,+12937761856,TWR-32499,4G,,0.0,rated,0,2023-07-03
034d1c33-09e0-4319-b6c2-4b2bee7faa66,4c764df8-3e6b-4664-aab4-6b85475e7ac6,voice_mt,2023-02-02 13:55:43,2023-02-02 15:47:38,6715,,+14977418312,+13048743893,TWR-88042,5G_NSA,,104.7477,rated,0,2023-02-02
35b86b00-de76-4b6e-967e-eed390f7dfc9,421c349c-fec0-46b5-a4e2-4dced6664bda,sms_mt,2024-10-22 12:01:46,2024-10-22 12:01:46,,,+19073248279,+12245805722,TWR-62772,5G_NSA,,0.0,rated,0,2024-10-22
3b338d2f-6b22-427b-862b-a056e749dd91,df829980-d5d2-40bf-abac-3b11fd20b2fe,sms_mo,2024-08-04 17:25:49,2024-08-04 17:25:49,,,+18839314222,+14042980322,TWR-44207,5G_NSA,,0.0,rated,0,2024-08-04
974288e9-9805-486e-9b65-1c5fc4db4ca7,838b9d10-1d67-4737-bbb4-d5106a697892,sms_mt,2024-02-29 12:10:52,2024-02-29 12:10:52,,,+17693064861,+17678657009,TWR-90085,WiFi_calling,,0.0,rated,0,2024-02-29
039541da-481a-4768-a690-7a95fbcbe7bf,f9842d9f-d261-4766-81cc-29332a9504a1,roaming_data,2023-08-18 06:20:15,2023-08-19 00:40:14,65999,1097.91,+15593060561,,TWR-47711,WiFi_calling,US,522.4155,rated,0,2023-08-18
f7592da4-e708-4f50-9531-6b8b91828cee,dc145764-ffa4-424e-9a52-cd6789fa2317,sms_mt,2024-04-28 14:06:44,2024-04-28 14:06:44,,,+12466660663,+14397905300,TWR-10742,WiFi_calling,,0.0,rated,0,2024-04-28
c8e47a4b-09f0-48ad-8244-4c38462bd294,5e1fb5fc-4a0f-444d-9fd6-01bf8deaddbd,roaming_voice,2022-09-19 03:32:58,2022-09-19 03:42:02,544,,+17449349667,+17698710965,TWR-51825,3G,GB,12.9122,rated,0,2022-09-19
3e84622c-5b7f-4c40-89af-c87caedba70b,cb6a6c96-7329-42af-a8c0-cf1221f12e3f,voicemail,2023-09-13 18:26:11,2023-09-13 19:41:49,4538,,+13295330623,+16105154730,TWR-70487,WiFi_calling,,110.2554,rated,0,2023-09-13
592c0264-c506-4357-8e23-da69b63956c1,692bd1c0-1a3e-4701-b7b3-c6cab209ffa5,voicemail,2024-11-11 21:14:05,2024-11-11 22:51:09,5824,,+15453305263,+17726714574,TWR-64272,WiFi_calling,,276.1596,error,0,2024-11-11
85264256-46c7-4cbf-acc8-c876b2771c00,10ed804b-444f-4fff-9276-8bd1345951ed,sms_mo,2023-10-23 03:41:35,2023-10-23 03:41:35,,,+14650999786,+19302158029,TWR-79574,5G,,0.0,rated,0,2023-10-23
c7992a2f-3949-4f7e-b02f-f134580a3601,f4622296-957f-463e-bf1f-6ddc3526fb21,voicemail,2022-09-02 23:59:21,2022-09-03 00:42:34,2593,,+18977990163,+15969635408,TWR-34373,5G,,59.8762,rated,0,2022-09-02
94cffc7e-2e85-43cd-925f-752503e92173,89664e5b-4c0f-4ef7-a566-0b4d0db1fb1f,roaming_data,2024-03-17 20:06:15,2024-03-18 05:45:51,34776,4236.199,+19436039759,,TWR-81495,LTE,GB,1024.5482,rated,0,2024-03-17
f89aa0da-46b9-4cfa-b6b4-5056e077784c,9c30e956-c302-44ee-95c6-9abd63c1f26e,roaming_voice,2022-07-16 07:42:45,2022-07-16 08:49:34,4009,,+15905098677,+17918129389,TWR-36224,3G,IN,117.6709,unrated,0,2022-07-16
38059c0f-c30f-42e4-81b5-047b669ce817,0c8f9678-a722-4bcf-aef2-24978637a1b1,data_session,2024-10-10 11:54:39,2024-10-11 06:30:32,66953,6657.053,+14574691829,,TWR-14857,LTE,,924.4778,rated,0,2024-10-10
3e113f52-b5b9-4f9d-8eaf-135f7e0f2db1,36f2604b-c113-4412-b776-c7b344a0dc1d,roaming_voice,2024-12-03 09:29:11,2024-12-03 10:01:38,1947,,+14463453136,+15266248744,TWR-37864,WiFi_calling,JP,81.0019,rated,0,2024-12-03
cc86f1c4-fdaa-4b78-b8d6-121d56e9c2e2,68d10210-262c-489f-ad40-74defa743d92,roaming_voice,2022-02-28 11:29:15,2022-02-28 11:46:23,1028,,+19342063306,+14844659775,,3G,MX,9.2563,rated,0,2022-02-28
a935663b-97ae-4098-adb5-c77cc8265496,66a95a08-6963-47ac-8827-af0e612b426e,voice_mt,2023-08-05 16:08:33,2023-08-05 16:46:33,2280,,+18509502879,+19710074054,TWR-47000,LTE,,43.5587,rated,0,2023-08-05
c5ae223b-f1d0-4a8a-9cbf-ef3717eb692b,cb6a6c96-7329-42af-a8c0-cf1221f12e3f,voicemail,2022-09-12 20:42:10,2022-09-12 21:04:30,1340,,+15997404947,+17132493618,TWR-25363,4G,,11.5956,rated,0,2022-09-12
c642e6aa-96e8-4eca-b395-2455fc638bd2,af8213f0-7b41-4636-b6bc-73965ee658fd,data_session,2022-02-12 09:21:19,2022-02-12 13:29:44,14905,2404.967,+13271513830,,TWR-29072,5G_NSA,,391.9863,rated,0,2022-02-12
c0ceda74-e3bf-4c38-8ab3-c7175da8c01d,367f2d72-1c04-492a-a00b-28d0a9b861af,roaming_voice,2024-11-26 20:19:22,2024-11-26 20:29:31,609,,+15687944611,+16433688965,TWR-58889,WiFi_calling,FR,18.2154,rated,0,2024-11-26
9899fb03-effd-461d-be83-88e090e5057b,fdf879a5-2e4f-43f8-a329-809ce0df7bc2,sms_mo,2024-09-16 23:43:08,2024-09-16 23:43:08,,,+12549964023,+17768109668,TWR-54151,5G,,0.0,rated,0,2024-09-16
f7c00add-8c81-4e6c-8c7b-56f172df55d4,15b4327e-effd-4bc0-acd8-7103bce0d51c,voice_mo,2023-07-17 05:37:58,2023-07-17 06:32:19,3261,,+12044003930,+14124182875,TWR-65265,5G,,48.2725,rated,0,2023-07-17
8c76fa0a-0640-4cbd-a87f-b056c258cfcd,328ecbc8-f9ff-4041-a2f4-edec99cbfdc7,sms_mo,2023-05-29 00:23:14,2023-05-29 00:23:14,,,+12080184629,+19676851178,TWR-90375,4G,,0.0,rated,0,2023-05-29
4bb941c9-5310-45aa-88b9-db88030088c6,1116fc4d-08d5-4356-851f-599775fa9882,voice_mo,2022-06-29 11:05:57,2022-06-29 11:29:29,1412,,+12624799917,+15848337824,TWR-29959,WiFi_calling,,55.6613,rated,0,2022-06-29
7e7772ac-4dda-4afd-9419-4e3081c4bc6f,bcc3db5d-34eb-4028-875b-2eba43840d69,sms_mt,2024-12-02 12:07:57,2024-12-02 12:07:57,,,+18249755805,+13560913650,TWR-83131,3G,,0.0,rated,0,2024-12-02
305934b0-3ffc-4d8c-a6f4-44249e34d24b,19bf72c5-aa14-4985-8e5e-fefb37a856d9,voicemail,2022-06-16 10:47:50,2022-06-16 11:17:29,1779,,+15813864292,+15756703611,TWR-16726,LTE,,33.7728,rated,0,2022-06-16
25c8cced-dc41-4c6e-8eb8-dae86db140f2,e6695f17-7653-41b5-bd6a-42ffaeb6709c,data_session,2022-04-02 10:08:47,2022-04-03 07:07:43,75536,453.709,+12568334672,,TWR-97396,3G,,684.1482,rated,1,2022-04-02
2851e0be-ed45-4144-9958-4cf9c7e4ec52,d38ceecd-79a4-417e-a3d6-00194e41b3bb,data_session,2022-02-21 00:15:27,2022-02-21 23:58:01,85354,6948.849,+19236919361,,TWR-25363,4G,,373.1819,rated,0,2022-02-21
285b7760-0063-467a-b98b-46c77c49ab4e,3155cb82-16ab-487f-a4f7-bf1ad01dfd92,voice_mt,2024-07-14 15:40:04,2024-07-14 16:20:08,2404,,+14470681939,+18553182362,TWR-23860,4G,,83.4606,rated,0,2024-07-14
2d674a01-5940-406b-bc1d-5f22d1adb6db,4843e0c2-e861-4c50-9316-d0b9eefc350f,voicemail,2022-03-17 15:17:09,2022-03-17 15:24:09,420,,+12638534454,+19759887945,TWR-48408,5G,,4.3463,rated,0,2022-03-17
58094591-1706-4f16-b36b-cb92e7c8be9d,2ec623e4-f096-4495-9f61-924f5c4be5b4,sms_mt,2023-01-06 23:00:15,2023-01-06 23:00:15,,,+14097992304,+12462661137,TWR-67425,5G_NSA,,0.0,rated,0,2023-01-06
8b86dc52-8b6a-493f-9fa0-6811515ee4c8,8afec3a0-4212-4b8b-bb52-21d2e52177a3,roaming_voice,2023-09-23 11:10:03,2023-09-23 12:57:58,6475,,+14995653768,+14881549564,TWR-32499,4G,MX,164.6009,rated,0,2023-09-23
0b66e870-ed6c-486d-bbf1-5fb45850d8b3,61c93252-8ab7-409c-a087-13dbc8fde032,roaming_voice,2022-10-19 22:16:24,2022-10-20 00:10:15,6831,,+16556913189,+19700448706,TWR-65760,5G_NSA,BR,215.1929,rated,0,2022-10-19
6a8423a9-7dfa-4cf1-9d00-2870864bc751,4b860a57-d3b1-42fc-9579-b3cee830df02,voicemail,2024-12-13 04:12:58,2024-12-13 05:17:52,3894,,+18227705056,+15556992652,TWR-37713,LTE,,145.2039,rated,0,2024-12-13
464002f5-1f0d-4519-9579-f0123d974da9,7d7029f6-9174-4be7-affb-30cce1479ff8,voice_mt,2024-01-07 20:22:48,2024-01-07 20:46:03,1395,,+16705358551,+18759905228,TWR-32824,3G,,24.1521,partial,0,2024-01-07
1afeab5e-fdd6-4ebf-b9a4-fc798b9939f0,2d524a59-4318-4870-a75d-b3624d030c75,roaming_data,2024-07-17 01:46:13,2024-07-17 21:37:03,71450,6285.707,+15238940486,,TWR-96136,5G,FR,2856.1369,rated,0,2024-07-17
3241fe87-7245-4c5c-8587-167d5a15bcca,d625d34d-c581-47bb-b145-3736a258512d,roaming_voice,2022-05-22 12:59:56,2022-05-22 14:04:28,3872,,+16348228223,+17451650579,TWR-63127,5G,,185.1666,rated,0,2022-05-22
211e0a50-690b-44c4-ab21-be4dd2ac1940,7fd178e0-b150-4447-b4ee-56b97bbeb7e8,voice_mo,2022-10-04 21:19:58,2022-10-04 22:07:13,2835,,+19115282993,+16133275924,TWR-43761,5G,,124.9118,rated,0,2022-10-04
c95db008-2055-4244-b098-eab1be7c1922,f905d4a9-a60b-4783-87e1-b3ff4c9191bc,data_session,2024-10-18 06:00:49,2024-10-18 06:55:06,3257,3566.017,+18120699790,,TWR-79299,LTE,,123.6131,rated,0,2024-10-18
83371eb2-825f-4dce-8c07-4dc706fb39c8,12655d3b-9401-4aa3-bd0e-b0bba6d5720d,roaming_voice,2023-09-14 20:25:16,2023-09-14 22:21:54,6998,,+19403763844,+17991964679,TWR-68061,4G,GB,286.8631,rated,0,2023-09-14
99584e1d-e31c-4fed-a394-1d58120ee3aa,d3978667-ba86-4e28-a9b7-2f247841785a,roaming_data,2024-07-03 01:58:30,2024-07-03 23:27:55,77365,1495.351,+17697453144,,TWR-35333,WiFi_calling,FR,1608.1422,rated,0,2024-07-03
f848da63-84b8-4447-a0f6-e7242e12f589,2a68dfac-a64c-4dce-9982-6358c20d22f8,roaming_voice,2022-07-05 00:39:49,2022-07-05 02:22:54,6185,,+19676662703,+18911028351,TWR-27464,3G,DE,242.7123,rated,0,2022-07-05
72209c9e-a402-425d-a12b-484260872085,36f2604b-c113-4412-b776-c7b344a0dc1d,sms_mo,2024-05-08 00:55:17,2024-05-08 00:55:17,,,+14129171738,+14014790347,TWR-98909,5G_NSA,,0.0,rated,0,2024-05-08
1a2de7f0-0336-4d7f-b5af-6352276a4292,d1d01d30-d2ea-4f94-a136-8fd1f794e7c4,roaming_data,2024-05-15 03:03:31,2024-05-15 16:41:30,49079,2298.955,+13131187252,,TWR-29072,WiFi_calling,GB,1055.2921,rated,0,2024-05-15
1bb88377-0a0a-4297-859b-5beebae2d732,1bce3d28-4087-4679-9022-1b20a25d73ea,roaming_data,2024-02-28 04:27:06,2024-02-28 05:45:31,4705,1269.473,+18293870742,,TWR-20502,5G_NSA,US,73.1644,rated,0,2024-02-28
28acadc5-82d1-4507-8ab7-9b71cf0ca632,42586280-fefe-4652-9d0a-e86404467b41,data_session,2023-10-10 19:53:53,2023-10-11 07:57:06,43393,6050.994,+14040844577,,TWR-75954,5G,,1352.9268,rated,0,2023-10-10
4a76d214-468d-4e68-99db-53855af4524b,4cf062c3-160e-40cd-8319-2c2baf0dc609,sms_mt,2022-11-06 03:36:16,2022-11-06 03:36:16,,,+14628559484,+15702860891,TWR-17261,5G,,0.0,rated,0,2022-11-06
d76948c1-11a1-4cf8-9d7e-2a004a978d42,246ba02a-7afa-4010-85aa-2d7e2293e3dc,sms_mt,2023-08-01 06:04:50,2023-08-01 06:04:50,,,+19389689253,+12328649089,TWR-63516,3G,,0.0,rated,0,2023-08-01
2100e673-d02f-4df6-b9be-1fb12bb47824,175e964f-78e7-46ef-86c4-401d2b35314d,voice_mt,2023-11-02 15:38:24,2023-11-02 16:34:05,3341,,+17131309840,+15396673311,TWR-72092,5G_NSA,,22.1855,rated,0,2023-10-27
db69c70c-7019-44e8-a190-8bc0b282c09d,951c0907-d4c5-43b9-a50f-96b30cfa7026,voice_mt,2023-12-15 22:37:14,2023-12-15 23:39:00,3706,,+14814637702,+17989880414,TWR-72409,LTE,,128.4737,rated,0,2023-12-15
3cb9de02-f105-4562-80fb-0a0d11229d9d,0fa27a89-6c18-4f7b-b456-3ed24f1e60dc,voice_mo,2023-01-03 08:21:29,2023-01-03 10:18:13,7004,,+16498049695,+14969574365,TWR-92839,5G_NSA,,54.622,rated,0,2023-01-03
976397f9-a366-460a-a446-2963154e47db,c762ccda-7051-4195-b4fc-539bf72d7424,voicemail,2022-08-06 03:28:30,2022-08-06 03:40:10,700,,+15967284153,+12193092121,TWR-99759,WiFi_calling,,23.3635,rated,0,2022-08-06
29952966-649c-4f4a-9088-cda12fb92893,d668e9b0-79db-4959-878f-2a8fe8e7a624,sms_mt,2022-07-11 21:46:06,2022-07-11 21:46:06,,,+16533281259,+19111703471,TWR-35489,5G_NSA,,0.0,rated,0,2022-07-11
508408e5-8eb0-46f5-8181-ab663916116d,a28419ea-cffc-4dc7-8b9a-fc33bf4372ad,roaming_data,2024-08-23 14:36:17,2024-08-23 15:01:06,1489,4353.55,+15674909185,,TWR-29959,4G,IN,3.8036,rated,0,2024-08-23
ededee00-f35a-4343-ba6f-fb557d369cee,8afec3a0-4212-4b8b-bb52-21d2e52177a3,roaming_data,2024-01-17 12:17:04,2024-01-18 06:31:00,65636,3841.227,+14580966917,,TWR-35333,5G,MX,2256.8337,error,0,2024-01-17
a72cbbba-2d16-4867-9118-6fde526533be,cafd935b-5431-49f1-b4aa-023b342a1844,voice_mt,2023-03-09 03:23:45,2023-03-09 03:51:28,1663,,+18004800715,+19755605015,TWR-14857,4G,,27.6505,rated,0,2023-03-09
173f0076-5688-463a-a85f-5b71ed452c37,1f878f33-d62a-459d-8bb1-be28dea7d0e5,voice_mt,2023-11-13 10:46:26,2023-11-13 12:44:02,7056,,+18411691668,+12265258657,TWR-16726,3G,,196.6971,rated,0,2023-11-13
f6e84cf7-11b5-4fd4-a11d-1f5170634840,3621d365-7b9b-4a2e-b753-c847a9f91724,data_session,2024-07-14 09:45:37,2024-07-14 22:14:53,44956,2928.631,+15896098931,,TWR-36224,3G,,768.6938,rated,0,2024-07-14
1c0bf8a7-bf0f-4177-b3d0-7a48f37973f9,0712685c-6d53-4fa5-b17d-ee7c958ec77f,roaming_data,2022-09-12 19:55:07,2022-09-13 19:14:38,83971,2411.107,+12106962367,,TWR-99693,4G,IN,2467.3432,rated,0,2022-09-12
f903ac82-faa3-44ac-9626-cc5a9c83a9a3,c78a3aae-8fe2-40c8-bf6d-f21d2464acc6,roaming_voice,2023-01-13 23:55:07,2023-01-14 01:02:21,4034,,+17599841683,+15581575790,TWR-70566,LTE,JP,81.3082,rated,1,2023-01-13
3759d347-c867-4fff-9408-80f71015d521,ee204676-e61f-401a-9d7a-01e771e9a364,voice_mt,2022-02-10 04:43:15,2022-02-10 06:39:00,6945,,+13910446363,+12692650206,TWR-56374,LTE,,102.9865,rated,0,2022-02-10
2307e0cb-43dd-481c-bcdb-d3c319853c8c,cfe93de8-1c5c-4e53-81c9-35364b60af08,data_session,2024-01-07 09:53:17,2024-01-07 23:07:58,47681,4009.538,+12661826529,,TWR-64272,5G,,115.9508,rated,0,2024-01-07
8fbdaad6-603b-40cf-9b1f-4ad1826743c5,c1e722fe-6679-4d85-994d-8b72f2a56432,voice_mo,2022-12-26 17:12:42,2022-12-26 17:18:30,348,,+19716810145,+16528792551,TWR-64619,3G,,7.2679,unrated,0,2022-12-26
e694acb3-990a-4ae5-8432-47ecfbbcb527,acaf4db0-2ed6-4bac-b23f-b8129fba68df,roaming_data,2022-03-22 09:44:11,2022-03-22 23:30:17,49566,867.649,+13099393303,,TWR-96136,LTE,CA,1112.337,unrated,0,2022-03-22
56fef5f6-7648-4779-ab33-24e5f93d08c3,8009adb4-6ffc-4767-8e76-31b786b6bac2,voice_mo,2023-07-16 23:36:43,2023-07-17 01:32:01,6918,,+19869918473,+16861172494,TWR-33284,4G,,163.2822,rated,0,2023-07-16
17c52371-0364-4927-a403-8e4e4e7c3f84,ec613745-c8ec-4a2a-ac34-839b99fb8e33,voice_mt,2023-07-02 10:08:56,2023-07-02 11:59:16,6620,,+13774660971,+15498114513,TWR-65732,LTE,,96.4647,rated,0,2023-07-02
16cc8d25-b3cb-42f0-a956-13ea3e280d59,9bc55cfe-4722-4c6e-acaf-79242fdc0801,voicemail,2024-04-30 12:15:45,2024-04-30 12:53:45,2280,,+18566242679,+17026505685,TWR-65732,5G_NSA,,40.0313,rated,0,2024-04-30
69499d14-e516-427a-b26a-0d80910f9516,c1b24ef3-4d00-4f28-b0d7-4249b34d1d62,roaming_voice,2024-02-12 05:20:19,2024-02-12 07:15:16,6897,,+18909795016,+16826939254,TWR-67896,LTE,JP,195.7231,error,0,2024-02-12
7955a362-76e5-4d47-8bc1-ed1ee90ae19a,eacfdb8a-fdc6-4857-92fa-e28943a03cf4,roaming_voice,2023-02-21 12:11:59,2023-02-21 13:01:46,2987,,+16287902830,+18169749895,TWR-60209,5G,GB,106.8593,unrated,0,2023-02-21
9ee69c65-cf98-4e6e-89c8-5d04cc135b84,9146c90a-f6ae-4995-8b7f-14853e28e9a1,sms_mo,2022-01-31 12:29:35,2022-01-31 12:29:35,,,+17142607219,+13589749851,TWR-98785,5G_NSA,,0.0,rated,0,2022-01-31
2f93d1f5-19ec-4e57-aee1-65e2b8961755,c43cec77-ca9c-4b24-808e-d7b05899b369,roaming_data,2022-03-27 21:24:51,2022-03-28 07:25:29,36038,6021.343,+16478222700,,TWR-37207,5G,,1264.8314,rated,0,2022-03-27
100a4f18-0e6f-4a3c-adb5-a91911c35385,0fa27a89-6c18-4f7b-b456-3ed24f1e60dc,voice_mo,2023-12-23 08:29:08,2023-12-23 08:29:43,35,,+15213498142,+19125757008,TWR-48718,5G_NSA,,0.1905,rated,0,2023-12-23
aec125fc-6a26-4831-be53-e8ce077fb765,328ecbc8-f9ff-4041-a2f4-edec99cbfdc7,data_session,2022-08-22 05:33:17,2022-08-22 15:24:20,35463,5725.213,+13795635674,,TWR-54151,5G_NSA,,87.9494,rated,0,2022-08-22
9f5de3c9-0455-4890-bc3e-3f9324f49290,8e0f217d-2104-45cf-bfca-00c7f073c640,roaming_voice,2022-07-25 05:20:06,2022-07-25 07:19:28,7162,,+17658129326,+17471266271,TWR-13054,WiFi_calling,FR,102.6165,rated,0,2022-07-25
2965b1fb-c39c-4313-a8f1-582e77128f4a,cf8b21dc-ed04-4954-812a-637aa1252fd7,roaming_data,2022-08-24 01:56:43,2022-08-24 04:45:27,10124,656.163,+12607874559,,TWR-33284,5G_NSA,GB,173.292,rated,0,2022-08-24
ee12c527-bb3f-4bcb-9e23-2163224cc824,fe428418-df68-466f-a3c0-bc7063dfc09d,voicemail,2023-04-02 00:09:33,2023-04-02 00:43:28,2035,,+13538634309,+16622888735,TWR-58624,LTE,,23.5065,rated,0,2023-04-02
3c7c3bbd-4a65-4358-9a8a-dd550537cac1,5c23ec16-7019-4682-9100-369b0e19ee88,data_session,2024-03-12 11:42:10,2024-03-12 12:13:26,1876,4438.709,+17794762226,,TWR-59670,5G_NSA,,74.5976,rated,0,2024-03-12
52355e6c-63b6-484d-901c-6f193a0fe10a,65c7487a-bf94-486f-b40f-5077705d7120,roaming_voice,2022-06-15 00:57:19,2022-06-15 02:27:49,5430,,+14531485786,+17910821784,TWR-32499,LTE,FR,193.5195,rated,0,2022-06-15
ff6881d4-50a0-4278-998e-efef47785981,10764840-558a-48ce-868e-aa99aeaa3a94,voice_mo,2024-09-11 12:42:43,2024-09-11 12:42:49,6,,+17414154409,+13666269696,TWR-75954,WiFi_calling,,0.1278,rated,0,2024-09-11
7566f45c-9d8f-49c7-8097-33341459a5a1,562a42f6-6cc5-4283-bac8-be91b7d96eb9,sms_mt,2022-09-12 03:02:03,2022-09-12 03:02:03,,,+19614364679,+14620368389,TWR-90085,LTE,,0.0,rated,0,2022-09-12
8454e7b4-7986-469e-aadd-0b96fd2029ad,a8b1908c-480a-4241-8329-49700a9e1a0b,sms_mt,2024-01-13 07:14:25,2024-01-13 07:14:25,,,+14608024433,+14080891142,TWR-64619,3G,,0.0,rated,0,2024-01-13
fa288cd0-44f8-4b21-a129-0322f5f68d51,d3978667-ba86-4e28-a9b7-2f247841785a,roaming_data,2023-05-04 14:16:30,2023-05-05 02:30:46,44056,2444.925,+18381066259,,TWR-68061,LTE,CA,929.0557,rated,0,2023-05-04
189730aa-334c-459d-87e7-5fc3b6bf1ed9,9e33ab1d-ad50-4474-8888-499d24bf8d6a,voice_mo,2023-10-24 01:03:41,2023-10-24 02:24:18,4837,,+17625428318,+17176242590,TWR-42918,5G,,93.0373,rated,0,2023-10-24
dd36068d-f21c-49d8-a58e-ab02937533d7,948d4425-d3d0-43c8-8066-b51eafd662ab,data_session,2022-06-22 02:13:08,2022-06-22 14:37:20,44652,2846.205,+19549835599,,TWR-27160,WiFi_calling,,345.4543,rated,0,2022-06-22
09db0909-a31c-4dbc-8d2a-591da3514b99,4c4fd40f-9d68-4135-8719-9cb2f529da29,roaming_voice,2022-12-23 10:16:54,2022-12-23 11:05:39,2925,,+13870942179,+19405225441,TWR-80040,WiFi_calling,BR,127.7812,rated,1,2022-12-23
11d374e1-e4ff-4609-a050-be5fa397f749,e4d9b523-9e95-4951-98a7-e644b19c9180,sms_mt,2024-06-15 02:31:41,2024-06-15 02:31:41,,,+13161139998,+19425440346,TWR-59946,4G,,0.0,rated,0,2024-06-15
fa11033a-f0c7-4b63-9132-571595294124,45e9f732-d66c-41a9-9e5e-016259bd9683,roaming_voice,2024-08-03 23:35:30,2024-08-04 00:04:09,1719,,+15365112657,+18111315573,TWR-90085,LTE,DE,13.7646,unrated,0,2024-08-03
e3696e9a-0cb1-4e25-a0cd-c7b2c61f60ed,e69b14b8-82cc-4739-b789-5b6f6f0198b5,sms_mt,2022-05-22 05:20:16,2022-05-22 05:20:16,,,+13937615213,+15576046296,TWR-33462,3G,,0.0,unrated,0,2022-05-22
57d34daa-753b-4fe7-ac04-d6a7599446d6,b8643e87-40b3-4948-a168-3c5ef680f0db,sms_mo,2023-01-01 08:49:39,2023-01-01 08:49:39,,,+13383165511,+13552212830,TWR-88569,5G_NSA,,0.0,rated,0,2023-01-01
3990d1f5-b3c7-4ae9-b24a-acdc1f261c1e,649d3df5-cb0a-4b00-9e7d-773ffd6417ae,data_session,2023-02-24 06:28:36,2023-02-25 01:54:20,69944,2732.422,+13689950578,,TWR-16249,WiFi_calling,,1102.2682,rated,0,2023-02-24
1cc61ef2-aee1-41ab-a17a-058320dfeee1,ed6c422e-d1f8-439f-b7cf-9af42db375a6,voice_mt,2022-02-09 12:06:03,2022-02-09 12:31:26,1523,,+18620922520,+15758746535,TWR-52021,3G,,64.3662,rated,0,2022-02-09
04737292-d8df-414b-8a81-e8404304f647,93e0d04d-cb14-4cbd-8389-a187dba9b353,sms_mo,2023-06-28 06:23:56,2023-06-28 06:23:56,,,+16899871712,+16425230508,TWR-52021,5G_NSA,,0.0,rated,0,2023-06-28
d9ef9128-c7c8-4bf1-9223-e9cc01dcc72a,45223ac8-88be-4acf-bded-2ef37f45414b,voicemail,2023-02-24 04:02:57,2023-02-24 04:35:03,1926,,+12583715034,+17237891448,TWR-32824,4G,,67.9304,rated,0,2023-02-24
cf000979-1577-4bc1-bed7-7a1fa4aa13e6,e03ee293-a131-483d-b6a1-6891ed7a09e2,voicemail,2022-07-14 19:02:32,2022-07-14 20:38:31,5759,,+16910406172,+18411614123,TWR-70647,WiFi_calling,,79.2567,rated,0,2022-07-14
d3d5de27-88c9-4668-9993-194ca803fd6d,8fad7af3-c99f-475b-99ce-e26bdf3bb5a9,voice_mo,2023-08-04 07:05:18,2023-08-04 07:14:08,530,,+18284794369,+16186450270,TWR-40174,WiFi_calling,,21.3632,unrated,0,2023-08-04
1bf24f22-ff0f-4300-bad4-d072105baafb,70d09d38-9c2b-4865-b849-fd6e1c616e84,sms_mo,2022-12-29 16:02:38,2022-12-29 16:02:38,,,+19462163334,+19274288695,TWR-62351,WiFi_calling,,0.0,rated,0,2022-12-29
e1e9fa7b-efb7-4476-b115-81a3a1376fdd,6b42aa2a-aa65-429a-9649-7508d4190b26,roaming_voice,2023-02-28 06:32:45,2023-02-28 07:23:36,3051,,+15585673232,+19647534572,TWR-63723,5G_NSA,JP,83.4867,rated,0,2023-02-28
86a96ac9-f04e-499b-b87c-ec9f49a494b4,ccfce8c2-450b-4958-bfae-03710556dfb6,sms_mt,2023-08-17 00:46:39,2023-08-17 00:46:39,,,+14424348659,+19453045964,TWR-65760,4G,,0.0,rated,0,2023-08-17
583a964e-7385-4bfc-a8b5-b5cd112bc521,3aef20d1-e77b-451a-a959-f9f7465e69d8,voice_mt,2022-10-28 10:54:53,2022-10-28 12:28:42,5629,,+12180968231,+12864843198,TWR-79574,5G,,273.5314,rated,0,2022-10-28
9e0a4068-d4bb-4ab0-8745-252cdc8fe5e9,7b4595bd-d963-4c87-a128-675e954a2a19,roaming_voice,2022-11-22 03:23:42,2022-11-22 04:31:43,4081,,+19399524533,+14594172641,TWR-43763,3G,BR,169.4791,rated,0,2022-11-22
daa142b5-32f9-4e6a-acc7-73f9cabe894e,68cc558f-ab88-4b0d-80c1-2354cbcc75ba,voice_mo,2022-11-24 13:54:30,2022-11-24 14:59:44,3914,,+15018143398,+12261639052,TWR-47711,3G,,80.0968,rated,0,2022-11-24
e402a116-3a8a-43a2-9ac4-bc78f6f94b74,02dcb1ab-f712-45dd-9f2e-f622de34c27b,voice_mo,2023-10-24 10:45:36,2023-10-24 11:13:20,1664,,+19443187250,+14233870424,TWR-65195,4G,,18.5319,rated,0,2023-10-24
2d0cc95c-e30a-4325-83a3-5aa0665c00d1,60d02d66-bd59-4ef4-a702-b445dd3298f9,voice_mo,2024-10-03 20:46:12,2024-10-03 21:54:12,4080,,+18147488340,+19902042167,TWR-54228,4G,,57.7143,rated,0,2024-10-03
69a9fb5d-6f32-4c51-97ed-8ca699cfaa50,fa531a7b-cd73-41ad-8db7-3894273ee521,roaming_data,2024-06-18 20:10:31,2024-06-18 22:13:27,7376,1496.422,+14706708326,,TWR-62961,3G,DE,363.6594,rated,0,2024-06-18
bb9be438-baed-4e5c-803e-b6082da8df3e,10ed804b-444f-4fff-9276-8bd1345951ed,sms_mo,2022-04-26 08:26:21,2022-04-26 08:26:21,,,+14473660556,+19370069746,TWR-91778,LTE,,0.0,unrated,0,2022-04-26
0db1b8ad-bfa2-4c27-917d-e007316ef6ae,46cebc83-a9ab-4c10-bbc3-cf2d4d23f907,voice_mo,2022-07-09 04:49:02,2022-07-09 06:18:46,5384,,+12106507105,+18259577105,TWR-83131,WiFi_calling,,232.3448,rated,0,2022-07-09
c41d90d5-90bf-4b44-9c9b-51dbb5231f5b,9a3dc3a6-6d6a-4171-99a6-d6779c557b20,data_session,2024-01-08 08:12:20,2024-01-08 22:01:04,49724,2558.65,+18024044535,,TWR-64922,3G,,124.5752,rated,0,2024-01-08
aa378ec5-f289-4083-8c37-9402f2fb1c46,ee6c654e-ba37-418f-96fe-b7c4e8989c8f,sms_mo,2024-10-02 05:21:21,2024-10-02 05:21:21,,,+19564815014,+14311616265,TWR-21508,3G,,0.0,rated,0,2024-10-02
977787a0-90ad-4dcc-9a7c-574569de7e2c,7b4595bd-d963-4c87-a128-675e954a2a19,voice_mt,2022-01-07 10:42:36,2022-01-07 10:53:14,638,,+18899338698,+18610925728,TWR-26561,4G,,28.3755,rated,0,2022-01-07
a2ce481c-3815-4358-9700-ece8a20616f6,d67f78fd-2b0e-4892-b5b7-5dda01f33e32,sms_mt,2023-09-06 23:01:25,2023-09-06 23:01:25,,,+14846407896,+15555929032,TWR-10998,5G,,0.0,rated,0,2023-09-06
4e42090d-a1e2-4eb8-9998-c1746be5919a,a5db7e2b-8cca-4f01-84d6-5d1c0e30c13b,roaming_voice,2023-12-12 07:12:09,2023-12-12 09:01:16,6547,,+12279948251,+19005432609,TWR-29718,5G,MX,94.4661,rated,0,2023-12-12
855bd598-5cb8-45e9-a3f8-460313cea30b,360af4ba-36de-4031-a52e-34998089f4c6,voice_mo,2022-02-28 04:08:52,2022-02-28 04:09:17,25,,+17119327346,+17172571688,TWR-48126,WiFi_calling,,0.6197,rated,0,2022-02-28
aebcf19f-cc0c-4fd7-a645-99c7f5a6c84b,36299058-2f29-4dab-82a2-cc0366e5686b,voice_mt,2024-01-22 05:55:29,2024-01-22 07:36:22,6053,,+13966545592,+14583196541,TWR-23860,LTE,,33.5384,rated,0,2024-01-22
ff528127-1514-4dd5-be30-f476b6b94322,6bee72dd-d19a-4a79-ae4c-867d4b10592c,roaming_voice,2023-08-31 19:49:20,2023-08-31 20:42:55,3215,,+18765741328,+16773410855,TWR-98785,LTE,MX,49.2993,rated,0,2023-08-31
e4133985-551a-43fb-8d28-e54272efd2e3,facefb62-04fb-4fe6-9ad3-5f37b4c219b1,voicemail,2023-06-05 02:43:41,2023-06-05 03:51:27,4066,,+19418216253,+13017788580,TWR-24390,5G_NSA,,178.7217,rated,0,2023-06-05
bae14f49-1cf9-406a-bbbc-6cd8939d5c8e,9f14f64e-3251-403d-a42d-6b4e83d8eca3,sms_mo,2024-12-19 19:51:46,2024-12-19 19:51:46,,,+13388269465,+13316140657,TWR-45310,5G,,0.0,rated,0,2024-12-19
e4af788d-9101-43ec-96e0-9e19e87b6f85,236238c5-94f7-4337-99d1-122a2406a783,voicemail,2022-11-02 21:39:10,2022-11-02 22:25:06,2756,,+15374125803,+13576967625,TWR-80599,5G_NSA,,55.793,unrated,0,2022-11-02
db0eb0a0-b95c-4df4-ba82-f21450517181,5672036a-e8d8-494d-9d32-954a25f783aa,data_session,2023-02-08 04:43:08,2023-02-08 07:40:33,10645,7424.669,+13823453946,,TWR-60273,LTE,,173.8618,rated,0,2023-02-08
ce60dc19-53de-4d98-9c05-2771a42a234e,d6132570-4382-486f-9017-deea376728df,voicemail,2023-02-08 05:31:01,2023-02-08 06:46:45,4544,,+14883975856,+14166021699,TWR-15590,5G_NSA,,124.1986,rated,0,2023-02-08
1bc1ba83-22e4-46d3-8731-6f9e3b71672a,91bf808c-8622-4028-8ef0-28db990b0f3a,sms_mo,2024-05-07 21:39:32,2024-05-07 21:39:32,,,+13685243453,+16753777871,TWR-48718,5G_NSA,,0.0,rated,0,2024-05-07
84672eb3-6409-4242-9519-bb5101719831,69ac8cb3-01b5-4a64-aab5-6bd34c5bcded,voicemail,2022-08-25 23:32:09,2022-08-26 01:13:35,6086,,+13499455564,+17253658950,TWR-48408,5G,,88.0966,rated,0,2022-08-25
3bbde392-f290-4890-9cfa-9a3b9c465c72,a4d22bd6-f6d3-4cf2-8d05-275128fa5d56,sms_mo,2023-03-17 05:28:36,2023-03-17 05:28:36,,,+14606214371,+19599749626,TWR-36144,WiFi_calling,,0.0,rated,0,2023-03-17
7eaf01ae-fd03-4b33-bef6-f56951ffc194,4816eaa7-915e-48e4-92fe-7102eb5f8d5b,voicemail,2024-11-16 19:55:50,2024-11-16 20:01:39,349,,+18749858051,+16032282063,TWR-99693,WiFi_calling,,2.4793,unrated,0,2024-11-16
d3383410-e17d-4b3d-8af3-81a0ebb89172,eb163350-8781-44e5-8434-f2323c9dd8c8,roaming_voice,2024-10-04 10:32:01,2024-10-04 10:58:17,1576,,+15563492020,+12838335507,TWR-55269,5G_NSA,DE,21.5505,error,0,2024-10-04
fb46fa15-4c2e-45d2-be65-a3ba4aa681ac,599ee96f-eeb1-4402-8b9b-d05f29290838,sms_mt,2024-06-15 05:01:27,2024-06-15 05:01:27,,,+16649787410,+13349080523,TWR-90085,4G,,0.0,partial,0,2024-06-15
b0d60c5a-47e9-4ec4-a3cc-216d0e2b5751,2567994d-a76d-4dda-988d-51f28ae8ec6c,voice_mt,2023-01-31 15:03:16,2023-01-31 16:09:49,3993,,+14078301824,+15864228271,TWR-27160,5G_NSA,,125.2632,rated,0,2023-01-31
48b96cbc-0681-434e-9055-6f961ec9cb54,dc173425-7bdd-4f02-bc01-5311e7a1bb33,data_session,2022-09-06 22:09:06,2022-09-07 07:33:55,33889,6000.242,+17261510992,,TWR-97433,3G,,1643.2277,unrated,0,2022-09-06
78afa612-b931-4db6-92c3-505ef1a582d8,3a6b9d7c-d84f-4163-bb43-316b21e513d5,roaming_voice,2023-10-08 08:41:32,2023-10-08 09:02:50,1278,,+14224440453,+12010351562,TWR-20592,WiFi_calling,DE,34.0704,rated,0,2023-10-08
bfdfe4cf-b834-4cb1-909e-9b8324139afc,80586e36-4e3a-4b89-bee7-7bf71418a035,voicemail,2023-11-16 21:26:20,2023-11-16 23:23:18,7018,,+19333014536,+18016602875,TWR-10565,WiFi_calling,,147.0666,rated,0,2023-11-16
9033182f-ac48-4b80-858f-cbe6ab08dec4,b269d5b0-f2bf-48f3-8421-df27ee692a1d,roaming_data,2022-10-05 06:26:11,2022-10-05 13:04:46,23915,1297.758,+16374257790,,TWR-54139,LTE,US,332.4122,unrated,0,2022-10-05
ca5fd2cc-4184-4f6a-bde5-6ed8796902c2,d1a2331d-2435-4148-b5bb-b88c0e4a4ebf,voice_mo,2022-01-11 09:05:46,2022-01-11 09:32:40,1614,,+18220318233,+15913780914,TWR-59906,5G,,52.7821,rated,0,2022-01-11
7be25bbf-ccd1-4acf-9003-60af2657224d,f14cf63d-59a2-4e41-8281-9e2e8430b475,voice_mo,2024-04-10 08:12:51,2024-04-10 09:18:21,3930,,+12018858724,+13500190097,TWR-96273,WiFi_calling,,57.4816,rated,0,2024-04-10
f21bd67f-5a0b-4254-b8ac-4c910d888b3e,df61c35b-e4c2-45aa-92ba-789f48c0b8ac,roaming_voice,2022-09-30 02:29:33,2022-09-30 02:55:36,1563,,+12668481762,+16693899286,TWR-57409,LTE,,22.0558,rated,0,2022-09-30
84e8b7dc-ccd8-4cf2-93b6-b6b31d30dee3,32725e1b-16ba-4cbc-b868-96a6e950136e,roaming_data,2023-02-03 03:25:29,2023-02-03 21:32:18,65209,1422.076,+16061798429,,TWR-54139,5G_NSA,CA,588.517,rated,0,2023-02-03
9ad0796a-0497-4fec-8d14-60bf582c6f47,ceb781df-2b7e-4663-a691-942dd0f9e645,data_session,2024-06-13 20:45:59,2024-06-14 08:11:48,41149,1598.843,+19005051391,,TWR-79299,WiFi_calling,,884.3782,rated,0,2024-06-13
b69f145b-25d0-416c-bce9-7cfe2f4a0ae1,18b49daa-f2e4-443b-825f-96ad93c0e6bb,voicemail,2022-06-13 07:18:18,2022-06-13 07:42:05,1427,,+19846932642,+18994226204,TWR-62351,5G,,63.2833,rated,0,2022-06-13
05df2b20-06f1-45d5-8c3d-0121361b3ce9,b13034a5-8f24-424c-a1a9-05152bdaf25b,roaming_data,2023-11-12 16:36:52,2023-11-13 02:11:14,34462,175.665,+13765385062,,TWR-29072,4G,BR,1576.4258,rated,0,2023-11-12
9716f586-3fa8-4e16-8321-a7bd8bdea038,b2ace032-9593-4842-bd49-0877ce19f8c4,roaming_data,2024-11-26 06:40:50,2024-11-26 13:47:22,25592,7468.437,+13637907563,,TWR-63652,LTE,BR,280.7761,rated,0,2024-11-26
378d1451-4235-4e7b-afb3-cd607ad2edfa,7a419922-5d73-4719-ba23-6bf041151b0b,roaming_data,2024-08-10 01:48:02,2024-08-10 19:07:13,62351,2290.603,+12476668864,,TWR-96136,5G_NSA,CA,2574.899,rated,0,2024-08-10
3d3c30cb-0650-4813-998b-58ced9fce757,e85c6012-0c45-4677-881c-5eb6cfa80f00,sms_mt,2024-10-19 16:43:07,2024-10-19 16:43:07,,,+18269090776,+18093310889,TWR-72092,5G_NSA,,0.0,rated,0,2024-10-19
765eec68-8c2d-46ee-a7d5-33cabecb752d,0748d3db-3225-47a1-8735-dee32a71cb76,roaming_data,2023-01-25 03:25:12,2023-01-25 17:41:07,51355,3769.147,+12464629078,,TWR-21775,4G,DE,2099.0287,rated,0,2023-01-25
44f05d0f-0a2c-4375-8a48-bd2bbad01cdd,c944b3bb-638b-4dc8-a1fb-5aaea89322b7,roaming_voice,2024-04-15 15:18:24,2024-04-15 16:33:31,4507,,+15295460342,+14094596014,TWR-60273,3G,DE,91.7716,rated,0,2024-04-15
e06a9705-6909-4e98-aa8a-ac904aea0b37,2ba3f1e5-1bd0-45ed-bb20-8c52d2f645cf,data_session,2022-06-19 16:51:47,2022-06-19 18:56:30,7483,3103.963,+19741548633,,TWR-59410,3G,,134.9314,rated,0,2022-06-19
1882a7bd-f79c-489e-b300-2abf77c22894,eaee6dfb-e467-4248-8061-5fd28e1ed851,sms_mo,2024-10-29 16:23:47,2024-10-29 16:23:47,,,+12729601011,+13928519392,TWR-27160,LTE,,0.0,rated,0,2024-10-29
0e64efad-c782-457e-82e3-e2598c3e10e0,48486488-8a0e-4f50-9046-b458a01623bc,roaming_voice,2023-04-14 03:47:19,2023-04-14 04:47:57,3638,,+13268732533,+14468323850,TWR-67425,5G,,111.7732,rated,0,2023-04-14
23dcd3f7-36a3-4a69-b84b-3a6880eeb0e0,ff6eea5e-7b14-43e8-aad8-966e9c8f34ba,sms_mo,2024-03-07 23:37:09,2024-03-07 23:37:09,,,+19735384461,+13831536606,TWR-32437,5G,,0.0,rated,0,2024-03-07
71f62530-2d93-44f5-8698-2cc017e0f297,36e7bb73-3326-4525-b9a8-87e464e36200,roaming_voice,2024-10-27 20:35:23,2024-10-27 21:13:10,2267,,+15208619439,+16602490125,TWR-99635,5G,JP,15.4372,rated,0,2024-10-27
20bb7ebb-b01a-465f-b4fe-1267af3849cd,5968ac41-3e48-49ae-a1ce-5615e5db0763,sms_mo,2022-06-25 01:57:24,2022-06-25 01:57:24,,,+14560347315,+14876672913,TWR-80033,3G,,0.0,rated,0,2022-06-25
ec4484be-09ff-4b7e-baea-747faf56d58e,cfd41a3d-5133-49ae-b955-da10665becb9,sms_mo,2022-02-28 05:47:18,2022-02-28 05:47:18,,,+18944226827,+12703112966,TWR-98912,4G,,0.0,rated,0,2022-02-28
f17980c8-e557-4b44-8594-ff7157d95257,0a85281a-17db-4532-8232-696b2a1083f6,voice_mo,2023-05-23 21:02:53,2023-05-23 22:07:19,3866,,+19338880233,+18347310626,TWR-47000,4G,,176.9692,rated,0,2023-05-23
6bd1461a-d027-4774-a017-2becbf119414,68a9d391-5242-463e-a2b7-30c8271f8e6d,roaming_data,2023-10-23 12:08:14,2023-10-23 16:34:28,15974,7319.089,+18937764006,,TWR-40658,LTE,JP,212.6092,rated,0,2023-10-23
c1b41de3-83f0-42e2-bdd2-295e7836e423,1a1eec0c-0322-4364-b74b-d8c2adcdc051,voicemail,2024-07-26 21:50:56,2024-07-26 23:28:53,5877,,+17191316502,+13754830841,TWR-67425,4G,,75.4858,rated,0,2024-07-26
b3ccd1e8-4027-442b-aa56-252d44e8d2d7,1bb3bd6d-933f-4673-ab66-5e612c42d27a,roaming_voice,2022-07-01 03:14:43,2022-07-01 04:09:16,3273,,+17125320734,+19502243547,TWR-50607,5G_NSA,MX,112.7227,rated,0,2022-07-01
b10e741a-9b49-4a7b-b37d-781bc8ac7a31,cdb52ff2-f767-43de-9861-1124c6a35bbd,voicemail,2023-07-15 17:28:24,2023-07-15 19:13:51,6327,,+18600900016,+16892595232,TWR-63516,5G,,240.9951,error,0,2023-07-15
e1c95583-2b1f-482a-b695-d1c90b263bb0,6316eedb-5e9a-47f6-a438-023012fdf39d,roaming_data,2024-09-12 21:53:40,2024-09-12 22:24:02,1822,283.523,+18548785603,,TWR-54228,5G_NSA,,63.2769,rated,0,2024-09-12
e355bbbf-67b9-47ab-b331-7c22e4d1af22,be0481ce-2bf2-46d0-a064-7921574b01c6,voice_mt,2023-03-21 10:02:24,2023-03-21 10:19:52,1048,,+12759865193,+15263689744,TWR-42562,WiFi_calling,,22.0702,rated,0,2023-03-21
6607f95d-758d-46ce-878a-68a6de908345,193cdbf5-2d56-41a4-ae5c-70aabbc24509,sms_mt,2024-05-11 01:55:54,2024-05-11 01:55:54,,,+14107640764,+16811427253,TWR-14857,3G,,0.0,rated,0,2024-05-11
5fb9142f-18bf-4570-920f-4717d8197153,2a68dfac-a64c-4dce-9982-6358c20d22f8,roaming_data,2023-08-06 18:10:27,2023-08-07 14:55:24,74697,4255.36,+17962748222,,TWR-32437,4G,CA,703.1283,rated,0,2023-08-06
102deafc-3c74-45bb-b084-c7e8f89323e1,68e49535-e215-4b86-a7d2-3cc30218c4f3,roaming_data,2024-11-06 01:15:01,2024-11-06 08:53:35,27514,2530.081,+18066294273,,TWR-97164,4G,JP,1199.5897,rated,0,2024-11-06
652422df-de7b-4806-9b89-0495634899db,893c46ff-5f20-4821-a0b6-073b244088f5,voice_mo,2022-10-21 18:43:32,2022-10-21 20:17:58,5666,,+15107781110,+19215748075,TWR-33071,4G,,166.2534,rated,0,2022-10-21
2ff1808b-8698-4366-8b1d-195bc0fe055b,151aa59b-3665-4ca5-bb61-e52b665556cf,voice_mt,2022-01-28 19:52:18,2022-01-28 21:50:16,7078,,+18011389034,+14529138254,TWR-88042,WiFi_calling,,149.3938,rated,0,2022-01-28
cf42e20b-1109-4da6-abb1-3d43998d0be4,5f75ef6b-6965-4354-b215-28e05a5fe7a4,voicemail,2023-05-08 00:32:25,2023-05-08 00:38:31,366,,+19997006654,+19801938152,TWR-79574,4G,,9.6678,rated,0,2023-05-08
1222f757-93c0-480c-b822-8a42b1422cbb,168cd9f8-745b-41fc-bb9b-f24e1d1b2f3b,voicemail,2024-04-01 06:12:48,2024-04-01 06:54:48,2520,,+18570305435,+17952419426,TWR-21274,LTE,,96.6892,rated,0,2024-04-01
6ccbdb36-5636-45f4-b7cb-d0c101f30ab2,db905967-590d-4e4d-ae59-15a62cc5c735,voice_mt,2024-02-28 20:21:13,2024-02-28 20:48:23,1630,,+17070756298,+13895119827,TWR-52021,5G,,4.1239,unrated,0,2024-02-28
33134255-b388-4977-ad16-94c54fba3c80,a3bf22e8-f67a-4336-8f75-8d02a3fab47c,voice_mt,2023-06-18 17:52:29,2023-06-18 19:50:32,7083,,+14173527840,+19018290646,TWR-36318,5G_NSA,,125.203,rated,0,2023-06-18
39738314-cb29-4ac4-b281-e02f358140ab,99396e22-ab0e-47b3-99e7-f7b984fa9a5e,roaming_data,2023-08-13 13:02:28,2023-08-13 23:21:51,37163,4269.844,+19439437536,,TWR-80033,5G_NSA,BR,479.9287,rated,0,2023-08-13
2bfaa217-dd2b-4dea-9488-dca70e72d490,ef101019-c332-4114-8ce0-565628a2f03b,sms_mo,2022-02-05 17:08:33,2022-02-05 17:08:33,,,+16437493682,+18005755178,TWR-48126,LTE,,0.0,rated,0,2022-02-05
4b954c75-697d-4554-aaf6-873862106f6f,12f91051-7d24-4f62-bacc-29c17e0814c8,roaming_voice,2024-10-22 12:12:23,2024-10-22 14:11:41,7158,,+15361005095,+19648943904,TWR-81495,4G,CA,105.13,rated,0,2024-10-22
40663833-daa3-467f-a66e-04359533e50f,ae22a9fd-8130-42f1-9af4-5172607a0e90,data_session,2022-07-16 22:36:26,2022-07-17 14:33:50,57444,191.97,+13448841695,,TWR-72409,5G,,2053.8707,rated,1,2022-07-16
4cff7186-094a-4984-99a3-144ae4610b6c,8e4cefa0-2657-4022-9898-f7270dc23ba4,voicemail,2022-12-02 10:37:59,2022-12-02 11:18:39,2440,,+15165212752,+14505231198,TWR-98381,5G_NSA,,92.2315,rated,0,2022-12-02
73d48a03-d85c-4962-8036-4387ea3c0415,c3cbf458-6ae2-4b47-9b07-ed5483e6dca2,voice_mo,2023-06-08 18:26:59,2023-06-08 20:02:46,5747,,+19771339921,+15716483272,TWR-54151,WiFi_calling,,50.7318,rated,0,2023-05-30
33387564-4514-46c7-b4b9-552008928534,2c73ce3d-b81f-447f-b110-c89425390acf,sms_mt,2024-03-11 20:02:29,2024-03-11 20:02:29,,,+12750484146,+19572253178,TWR-38402,LTE,,0.0,rated,0,2024-03-11
c0ede757-79b2-4130-8eff-a4fc318620a8,013b062b-ec5b-4b7d-9b21-563814600b8d,roaming_voice,2023-11-16 05:33:11,2023-11-16 06:47:14,4443,,+13867832305,+14162324186,TWR-54228,5G,US,191.4062,rated,0,2023-11-16
499a2b31-ffa9-4734-bf3a-c95c030274b3,47bd61dd-eb97-4da5-9b88-dadf9daa8dd5,data_session,2023-02-10 11:05:58,2023-02-11 07:09:50,72232,6533.169,+15324323019,,TWR-10998,3G,,2608.0419,unrated,0,2023-02-10
68c98e52-42a2-44b1-82e1-0cbc678898e7,083a4d9a-9101-4d1d-94c1-f579549b2d04,voice_mt,2022-07-18 14:23:56,2022-07-18 16:15:26,6690,,+13476787873,+12476934915,TWR-32499,LTE,,123.0307,rated,0,2022-07-18
c90d7192-022d-4989-89df-7e48e36cc77f,a4d22bd6-f6d3-4cf2-8d05-275128fa5d56,data_session,2024-05-02 17:55:43,2024-05-03 11:56:18,64835,1729.898,+19668118900,,TWR-99693,5G_NSA,,2742.749,rated,0,2024-05-02
c4e3de43-82e8-4331-b605-9f099ccc7c7d,fb59806a-de6f-41d9-a6c0-dc75b768f0bf,voice_mo,2023-01-06 19:00:43,2023-01-06 19:44:21,2618,,+18572557476,+15418606915,,3G,,86.6281,rated,0,2023-01-06
1cdd1989-27b4-49a2-800d-9bbd68e9d59f,5d012496-ac6f-4b80-a008-1eb925ffa29c,voice_mt,2023-04-19 09:02:42,2023-04-19 09:15:20,758,,+15291785082,+17538547472,TWR-20592,5G,,35.8338,rated,0,2023-04-19
c8cd2b8e-c5c3-45e1-b240-07bc3bf9ec05,36fe7fd7-2d32-4eb0-b45d-ad7a54f9e0bb,voice_mo,2022-11-25 14:20:10,2022-11-25 14:28:12,482,,+13678194097,+14753156081,TWR-67425,4G,,9.5818,unrated,0,2022-11-25
320004f9-2c9c-47e0-b5bd-16fe3e838c77,b868e7d4-2fb3-4c59-aea9-6a3e57e0ae4a,sms_mt,2024-09-15 22:08:01,2024-09-15 22:08:01,,,+17561522496,+18783219152,TWR-48718,WiFi_calling,,0.0,rated,0,2024-09-15
83ab0861-960c-43b2-bb8e-9d1e393099d4,18e59e3f-d6fd-4039-a163-3c34e067236b,roaming_voice,2022-12-18 05:36:50,2022-12-18 06:56:12,4762,,+17128834241,+19192675913,TWR-42918,LTE,DE,107.5726,rated,0,2022-12-18
bd75e5fc-e526-435a-bb46-9967843f3e34,a853549b-bea9-4cb7-a72c-50f2262fcf8f,sms_mo,2024-01-09 20:12:30,2024-01-09 20:12:30,,,+18555075156,+12473671621,TWR-22646,5G_NSA,,0.0,rated,0,2024-01-09
3df484cd-7d2a-444f-8eee-e63f9f3c9cc1,39a1c6c7-755c-4d9b-9256-657a39dde51c,roaming_voice,2023-12-22 00:16:45,2023-12-22 02:16:44,7199,,+12470116034,+12358115316,TWR-10998,5G_NSA,,299.3037,rated,1,2023-12-22
3523fe3b-0ed0-4d66-b815-c5e97c881b73,4a7fa3d6-ff30-448e-8b81-c309212908cc,sms_mo,2024-09-06 08:30:13,2024-09-06 08:30:13,,,+12963746278,+16872119431,TWR-72092,5G_NSA,,0.0,rated,0,2024-09-06
4b8f56f6-2835-4f25-80d6-df4b3daf879a,f85a1064-adb4-4408-a6f6-e69e332e2e8f,voice_mt,2022-11-05 06:19:21,2022-11-05 07:44:22,5101,,+13634326615,+15449211681,TWR-48718,LTE,,125.8596,rated,0,2022-11-05
34191aa5-a9a7-4c3b-a8e5-c8f0f5e8a226,19bf72c5-aa14-4985-8e5e-fefb37a856d9,roaming_voice,2024-04-26 21:16:01,2024-04-26 22:27:41,4300,,+18718195030,+18058869758,TWR-48846,LTE,JP,89.1516,rated,0,2024-04-26
8a96a0b6-23a5-4175-830d-9023a30bae8e,cae68545-aa0b-488c-8b9a-6e8d0cf17302,voice_mt,2024-12-22 03:17:48,2024-12-22 05:11:48,6840,,+12993687177,+17863205398,TWR-50607,WiFi_calling,,174.0228,rated,0,2024-12-22
d5bcf44d-383e-4249-a546-58057e6a21d4,e0a8872b-927a-4174-8893-b09511007e83,roaming_voice,2023-01-27 20:08:46,2023-01-27 21:26:47,4681,,+16032616835,+13245062550,TWR-33281,4G,DE,91.7226,rated,0,2023-01-27
b1f47d65-f0ec-4374-8eca-d2bf4984bcf5,72928446-8340-4aa3-a4fb-ae3277cd8a6e,voice_mo,2022-05-11 11:41:22,2022-05-11 11:58:15,1013,,+18593036470,+18110857575,TWR-68061,5G,,35.2468,rated,0,2022-05-11
e443aca9-67a3-43b3-b717-0d5c209f8ba0,6bda6631-bbc3-4b50-a07c-1085156b1fcf,voice_mt,2022-08-30 11:48:03,2022-08-30 12:12:53,1490,,+12322993823,+17759811223,TWR-99635,WiFi_calling,,5.0919,unrated,0,2022-08-30
29ef2163-0a0d-4242-a135-c7bd4a98ad21,cafd935b-5431-49f1-b4aa-023b342a1844,voice_mt,2023-07-19 02:12:45,2023-07-19 03:04:39,3114,,+12227580127,+14226304203,TWR-62950,3G,,58.0284,rated,0,2023-07-19
1bd58844-aecb-4f9d-a60a-715ab59c5472,486c7ba6-7a4b-4af4-a895-8c1ddd4c8a10,roaming_voice,2024-12-28 14:33:25,2024-12-28 15:44:04,4239,,+14680891586,+15672997938,TWR-62950,5G_NSA,IN,72.8267,rated,0,2024-12-28
1a52489b-cee6-4523-98cd-d0678883561c,0f91fad7-30c7-4819-8d6d-04851f5a6135,roaming_data,2022-07-21 19:51:22,2022-07-22 17:27:54,77792,1429.41,+12483880353,,TWR-57409,4G,CA,468.7219,rated,0,2022-07-21
32a75d5d-4e3a-49c6-bab7-afc8b8ca88c4,3062fb85-03d9-45bc-ba02-241e1e594d59,roaming_data,2024-02-04 07:58:37,2024-02-05 01:20:28,62511,4124.407,+18288729172,,TWR-93894,4G,IN,2943.5071,rated,0,2024-02-04
14df6f22-b8d6-49af-9b4f-2c731757353e,604a5f89-d078-4999-9cd8-86a4f7cd153e,voice_mo,2023-06-24 22:38:22,2023-06-24 23:36:09,3467,,+15448413097,+13653652285,TWR-20874,WiFi_calling,,104.9822,rated,0,2023-06-24
09f038c0-308e-4119-8bc2-12d7a47ec1bd,42586280-fefe-4652-9d0a-e86404467b41,roaming_voice,2022-05-20 04:59:21,2022-05-20 06:32:04,5563,,+14029935623,+17164995368,TWR-56861,4G,US,88.8158,rated,0,2022-05-20
9aefb6ed-e67b-4cc0-9362-f4db714a0936,e42996bf-1dbb-406c-a050-1ec4cc80f0ae,data_session,2022-11-03 12:56:05,2022-11-03 15:35:38,9573,4142.877,+18268771301,,TWR-98381,3G,,227.9923,error,0,2022-11-03
faf06d0b-5ce6-43f5-b480-ee28d737d17d,a2e21980-aafd-40e7-a3d3-e52a9f6c147d,sms_mo,2024-03-02 09:50:19,2024-03-02 09:50:19,,,+16885236126,+13666471879,TWR-19132,5G_NSA,,0.0,rated,0,2024-03-02
7d23d879-7c92-41af-9480-2d0660c310d2,b8b76c8a-0b01-4998-b16c-1ee9743f8ff9,voice_mt,2022-10-31 06:56:10,2022-10-31 07:43:29,2839,,+16451946507,+18683222037,TWR-63652,4G,,59.7943,rated,0,2022-10-31
b1e866c9-5d82-4327-887b-5a5a17730413,6316eedb-5e9a-47f6-a438-023012fdf39d,voice_mo,2024-11-22 23:45:07,2024-11-23 00:22:09,2222,,+17379951436,+13845386602,TWR-68061,3G,,83.3186,rated,0,2024-11-22
a405db7e-f3c4-4b76-86b5-701ccf2a9b62,b83b87bd-42b3-4aa8-928e-9bc29d8c9f17,voicemail,2023-05-25 21:35:18,2023-05-25 22:58:21,4983,,+19878026409,+17118600741,TWR-62351,4G,,120.8014,rated,0,2023-05-25
dc2fd281-4067-4ab4-97f2-1a33a5f3f442,2804e94f-d321-47ca-a597-093761637a0b,data_session,2023-02-03 20:11:10,2023-02-04 03:05:13,24843,1412.531,+17783897449,,TWR-96273,LTE,,663.63,rated,0,2023-02-03
af4c13ae-c488-4cc9-8ab4-0f4f63adfcd4,06022f24-82b0-4e78-bbc6-6447f8e0d109,voicemail,2023-04-10 05:03:04,2023-04-10 06:06:30,3806,,+13347686386,+17662962122,TWR-99759,3G,,35.2761,unrated,0,2023-04-10
d964736c-00a5-4c61-93c3-7fd2ca67c57e,7e30c105-b52a-4657-9722-a6adbdbe21a4,roaming_voice,2024-11-21 12:23:44,2024-11-21 14:09:16,6332,,+17951095849,+14579154775,TWR-50818,WiFi_calling,DE,40.5289,rated,0,2024-11-21
1baf9863-369e-4656-9e8f-ffef59ea0a01,497d9e74-31f6-472e-9e1b-dcda7f33ca28,data_session,2023-06-24 15:54:29,2023-06-24 23:58:20,29031,7524.495,+15522736973,,TWR-98912,4G,,351.4903,rated,0,2023-06-24
452cad88-dacb-4a58-9abe-7b709248ec59,f85a1064-adb4-4408-a6f6-e69e332e2e8f,sms_mt,2022-11-28 20:45:12,2022-11-28 20:45:12,,,+19927738750,+17626676895,TWR-63516,5G,,0.0,rated,0,2022-11-28
1ca695e8-7e5c-4849-93c1-8c4a4a1f4723,715137aa-9d83-4b99-aa86-c83552e45629,roaming_data,2022-06-16 02:20:59,2022-06-16 22:44:57,73438,3960.736,+14215390418,,TWR-37207,5G_NSA,IN,1082.0481,rated,0,2022-06-16
34745221-41c5-4835-bd7a-35f7949105e8,0ba78031-c536-4f13-8b34-19959da998fb,roaming_voice,2022-02-11 13:45:43,2022-02-11 15:25:02,5959,,+15252031058,+19544004748,TWR-35907,5G,DE,87.2309,rated,0,2022-02-11
206b0eab-15af-4bdb-a8ef-6beebe7cff16,3dcf37b8-ca43-4878-bc1d-0d1b879d37c0,voice_mt,2023-09-15 12:12:23,2023-09-15 12:13:17,54,,+17763704154,+15289827915,TWR-28830,LTE,,0.7399,unrated,0,2023-09-15
1dec7a36-9669-4925-9ef4-49e96aadf067,b1d1233f-f0c4-412c-90ba-55c8ccd5a895,voice_mo,2024-07-21 02:52:21,2024-07-21 03:12:56,1235,,+12200645075,+15096022909,TWR-63516,5G_NSA,,55.1193,unrated,0,2024-07-21
e1ae9eae-5900-4027-af2e-84273ecbf51e,ead771bb-2032-429d-bd8b-7cfc4c1835de,sms_mo,2024-11-22 01:49:56,2024-11-22 01:49:56,,,+17229483866,+16625557194,TWR-62950,4G,,,rated,0,2024-11-22
0848e727-779a-4224-b12a-a3045c7fc3d8,816a1c73-49af-41fd-b211-fbeecb412670,roaming_voice,2022-10-27 18:41:02,2022-10-27 19:06:10,1508,,+12901036884,+18379372666,TWR-50607,3G,CA,47.5778,rated,0,2022-10-27
6a2b522b-fb9a-4e2b-91cd-af33d5a595a0,28fb8c05-25b0-4b94-88d4-a10044a3fd2b,data_session,2023-11-22 10:46:49,2023-11-22 12:29:18,6149,6287.01,+16011717750,,TWR-54139,5G,,203.9614,rated,0,2023-11-22
f0343123-22f7-4b57-89d9-6711be84264b,df61c35b-e4c2-45aa-92ba-789f48c0b8ac,sms_mt,2024-07-18 19:50:18,2024-07-18 19:50:18,,,+19811554103,+19242660960,TWR-95764,5G_NSA,,0.0,rated,0,2024-07-18
3a095eec-45c2-41d0-ac95-eab1f2ce6248,63a0d475-a855-4903-9719-b3067ebdcb99,voice_mo,2024-10-29 22:26:14,2024-10-29 22:56:50,1836,,+14378591220,+19660966158,TWR-97396,5G,,73.953,rated,0,2024-10-29
035c4909-3b4e-48e2-b15c-b7e0238026b3,14d5f072-14da-4b23-bc50-5152e5b8f98e,roaming_data,2023-12-10 10:16:38,2023-12-10 20:47:27,37849,7262.408,+17466867520,,TWR-39628,5G,MX,282.62,rated,0,2023-12-10
ca69b043-6e09-498e-b624-41fe408a58e8,72e08298-42bf-428b-8c12-60be3b4749e0,voicemail,2022-11-09 17:43:32,2022-11-09 19:21:10,5858,,+14210991036,+19586588222,TWR-40174,LTE,,125.5733,rated,0,2022-11-09
2d6d4067-c955-4b24-8cf9-074087b575ac,de9aa901-c1ac-4c10-9e89-8d37d859ff8a,voicemail,2024-10-02 05:08:52,2024-10-02 05:26:56,1084,,+18331929721,+18798768612,TWR-16726,5G_NSA,,19.5641,rated,0,2024-10-02
0e2f576d-e5f5-40d9-ba3b-001f9fda91b1,adbc3f23-1413-43c8-bf5e-58e1f254991e,roaming_data,2022-02-16 14:51:28,2022-02-17 09:05:09,65621,4538.813,+17824597654,,TWR-39628,5G,GB,280.7281,rated,0,2022-02-16
5f7d7fbf-35ca-458e-91b7-b8957d5f82f5,421c349c-fec0-46b5-a4e2-4dced6664bda,voicemail,2022-05-14 23:17:28,2022-05-15 00:11:20,3232,,+13252177790,+15242331414,TWR-38402,WiFi_calling,,88.926,rated,0,2022-05-14
024d7dfe-cf23-4f0d-b0e3-f00c92a387f8,6bbfcd4b-5b94-4905-913d-499f30b75982,voice_mo,2023-11-11 16:34:33,2023-11-11 17:32:39,3486,,+18349541713,+16334843644,TWR-38402,3G,,83.7937,rated,0,2023-11-11
57153cd3-87d3-4b3b-a6ae-5faccc26ad18,25dd5dec-551f-4a57-916d-d7155fff70c4,voice_mt,2023-02-10 08:07:43,2023-02-10 08:50:24,2561,,+14960130325,+17568742958,TWR-48846,LTE,,24.4139,rated,0,2023-02-10
853d4792-416e-472c-bfcb-2314c778f3ee,a150a9b2-e2a8-483e-9a83-caf87dd242ff,sms_mt,2022-10-30 11:03:44,2022-10-30 11:03:44,,,+14353924712,+12695131676,TWR-32499,3G,,0.0,rated,0,2022-10-30
507ab8ed-4ce1-4bb9-b264-a80b50a16dec,9368eff7-2ba8-40a5-9427-96c8fcd316c9,sms_mt,2023-05-15 21:51:59,2023-05-15 21:51:59,,,+16314912681,+16710251003,TWR-96273,5G_NSA,,0.0,rated,0,2023-05-15
d97c0f7e-94dd-429b-bf71-974dad5e029a,7433d762-46fd-4adf-8c74-200b3b0ceddd,voice_mt,2022-04-16 06:17:11,2022-04-16 08:12:24,6913,,+18476790210,+18710795126,TWR-26682,3G,,54.6418,rated,0,2022-04-16
f9f3bcd1-2c87-4146-86a6-c5d6e64541aa,94f1ee3d-a9c3-4493-97af-9b24ede51ce0,voice_mo,2023-11-13 00:03:23,2023-11-13 01:36:43,5600,,+15270119031,+18924430896,TWR-20592,4G,,240.5739,unrated,0,2023-11-13
ff4ec084-192a-469e-9081-9b163946ce4f,58651314-5960-4ebb-88fb-27f3daf59a68,voice_mt,2022-02-01 11:08:41,2022-02-01 12:00:08,3087,,+15197651195,+15232896164,TWR-65195,LTE,,27.9107,rated,0,2022-02-01
d126039a-9064-4977-b757-8202341aed95,a0bdc3d3-2821-4003-a01d-083e0e949c1b,sms_mo,2022-04-22 14:05:34,2022-04-22 14:05:34,,,+15211804396,+17109718491,TWR-50818,4G,,0.0,rated,0,2022-04-22
a81591d8-c8a1-4e04-92e8-18a62aa27439,40c98dc8-80d9-4bf6-9706-4b89045a7c6f,sms_mo,2022-04-01 14:35:10,2022-04-01 14:35:10,,,+12561288968,+16349024702,TWR-77981,WiFi_calling,,0.0,rated,0,2022-04-01
bd9ee42c-1c58-4909-9b24-22ab6a5e8e78,dbc9691f-bd3d-412f-a992-f37181bea67d,voicemail,2022-10-12 03:49:09,2022-10-12 05:16:10,5221,,+16540122508,+17701466271,TWR-28830,WiFi_calling,,122.3739,unrated,0,2022-10-12
0b2619ba-cc96-4b2a-bdd0-5b6da89c96a2,f93446ed-e8bf-4442-b6e2-6c04acf2fc24,roaming_data,2023-09-09 06:37:06,2023-09-09 07:56:14,4748,6054.472,+19806333214,,TWR-72409,4G,GB,126.3556,rated,0,2023-09-09
1dbe89c3-1668-4340-aefa-1612a65b9cd1,e42996bf-1dbb-406c-a050-1ec4cc80f0ae,voice_mt,2022-02-07 02:40:41,2022-02-07 03:12:41,1920,,+16428827402,+16614464819,TWR-16726,LTE,,18.9679,rated,0,2022-02-07
44df5d8a-c383-4f06-a710-e11ab14000b2,3cfc7c79-3a5e-4be8-9ce2-57c188a3ff9f,roaming_voice,2022-01-25 11:07:08,2022-01-25 11:12:00,292,,+16416002778,+18236523388,TWR-88599,LTE,CA,1.7677,rated,0,2022-01-25
b138c43a-e6f8-4010-8ee9-942c7d2d6135,6fa92d26-33b3-4c81-adf3-b08186c8607c,roaming_voice,2024-01-06 02:16:26,2024-01-06 03:16:57,3631,,+18035360539,+19037662194,TWR-97396,3G,IN,128.5551,rated,0,2024-01-06
b6d01ac0-51be-4147-ab88-850eff0cde46,e6695f17-7653-41b5-bd6a-42ffaeb6709c,roaming_data,2022-05-11 14:20:58,2022-05-12 06:52:07,59469,1618.835,+19203569534,,TWR-65760,3G,DE,217.7766,unrated,0,2022-05-11
045df0de-431c-4dda-b249-09ca918e446f,8482b347-444f-4211-beca-833fcd75b827,roaming_voice,2022-06-23 15:24:27,2022-06-23 16:33:44,4157,,+12297916582,+18480155023,TWR-91089,3G,GB,126.5813,rated,0,2022-06-23
47e95a40-d574-4f23-a24e-bb92896157fb,24eb370f-0fa8-4e4f-b6cd-7cc287bd1469,roaming_data,2024-08-15 00:13:20,2024-08-15 21:56:13,78173,3735.221,+12461902957,,TWR-54228,LTE,BR,2944.3725,rated,0,2024-08-15
8727649e-6f06-41de-998c-f93eba6570b4,ce1d428f-5988-4b0f-ab5a-f2146d916ae5,voicemail,2023-09-06 17:40:26,2023-09-06 17:48:19,473,,+15608453497,+13675081679,TWR-60209,5G_NSA,,5.4357,rated,0,2023-09-06
e6c00dc0-3650-43e7-a3d9-1fc5e4ebf245,c15bd90b-3fb7-46ae-b5b6-98b2b7c122e7,roaming_data,2022-08-24 11:00:11,2022-08-24 23:31:18,45067,6358.81,+19748118271,,TWR-70647,WiFi_calling,CA,1155.0723,error,0,2022-08-24
a4a12e7b-5963-4152-a283-aa7ca5978bcc,11171052-5f69-43f1-a119-a208c1650107,sms_mo,2024-05-27 08:47:12,2024-05-27 08:47:12,,,+17984106164,+17047423145,TWR-64619,WiFi_calling,,0.0,rated,0,2024-05-20
f6e8809d-3fc5-4069-ab27-c404077bf175,1d39d1c2-edc9-4d9b-856d-bcccd3962879,sms_mt,2023-10-31 09:05:07,2023-10-31 09:05:07,,,+17850814397,+19907364323,TWR-26926,4G,,0.0,rated,0,2023-10-31
88ebec87-3508-436f-8f69-51ea11977d37,a182465a-60da-460f-8467-f492e92f407e,voicemail,2023-01-07 07:32:05,2023-01-07 08:18:08,2763,,+19580128413,+16650071186,TWR-97532,5G_NSA,,5.6334,rated,0,2023-01-07
86d8b1f1-9563-43f4-a601-114e29249ca5,93e90e8f-0347-4bce-b72b-1eb4a035824b,sms_mo,2023-03-05 18:20:29,2023-03-05 18:20:29,,,+15831414092,+16266333436,TWR-10565,5G_NSA,,0.0,rated,0,2023-03-05
470de7e5-ba8b-4c7f-9d19-0034f1160792,302f29a5-1214-4d25-a28f-a32a6f5a1535,sms_mt,2022-04-26 17:17:15,2022-04-26 17:17:15,,,+17735460475,+16991248580,TWR-99759,LTE,,0.0,rated,0,2022-04-26
6ff1da3c-5cdb-46d4-bf0a-5696dc5a2d42,05767920-04be-4187-96be-5fd8f15ce43b,voice_mt,2022-10-28 14:37:06,2022-10-28 16:00:52,5026,,+13586525163,+17444632403,TWR-59784,4G,,218.7355,rated,0,2022-10-28
c83cd617-ff48-4a9f-983a-5c71e43081ee,fb66880c-476d-47b4-b3a7-25fe8a69e097,sms_mt,2024-08-14 13:00:42,2024-08-14 13:00:42,,,+15915842130,+18717605206,TWR-84306,LTE,,0.0,rated,0,2024-08-14
83df10bf-92f5-4243-91c8-9dee3043e3de,3dcc5488-ae45-49cd-b1e5-82053afa637e,voice_mo,2024-02-14 15:57:01,2024-02-14 17:29:00,5519,,+17441467685,+16360204088,TWR-14927,5G_NSA,,233.4391,rated,0,2024-02-14
a59444e5-5cf3-4a42-aa3d-368e59a09e62,b87bf144-eab1-47a0-8659-5673357ad9b5,voicemail,2024-11-24 02:00:15,2024-11-24 02:47:26,2831,,+12112456484,+12236497707,TWR-55269,LTE,,61.8391,rated,0,2024-11-24
1c22c0c1-4787-47df-85b9-88e4d909d298,fc4f7b93-4d92-458e-acf2-f5879c584ce2,sms_mo,2024-01-25 01:28:09,2024-01-25 01:28:09,,,+15027748922,+16486207194,,5G_NSA,,0.0,rated,0,2024-01-25
7f34eb04-cf7e-4abe-be00-b38cb68eb8ef,151aa59b-3665-4ca5-bb61-e52b665556cf,voice_mt,2023-07-05 18:38:29,2023-07-05 19:51:26,4377,,+13874373346,+16327537236,TWR-50718,5G_NSA,,23.7123,rated,0,2023-07-05
ee11e843-87ca-4f6c-9bec-47c04a79f258,ae970cbe-ab63-4c5f-b53f-0e2d4a1e61db,sms_mt,2024-09-08 07:23:11,2024-09-08 07:23:11,,,+19493228966,+19182110413,TWR-44207,LTE,,0.0,rated,1,2024-09-08
57f88db6-2279-4882-84c6-342328ad8d1a,ef9e380e-2839-4461-bf65-7c14b2ab5f80,voicemail,2024-06-19 01:21:07,2024-06-19 03:08:43,6456,,+19514177730,+14187085055,TWR-67678,WiFi_calling,,202.5256,rated,0,2024-06-19
ae754aee-1700-4b25-a18f-b7df4aac2f71,293c40fb-c8de-4ad9-891a-3c48b1b14cfd,voice_mt,2024-07-19 17:58:39,2024-07-19 19:29:28,5449,,+13438736367,+14313351075,TWR-90922,4G,,187.3319,rated,0,2024-07-19
f662a20f-f0ae-4cc7-8047-2d079c993840,89664e5b-4c0f-4ef7-a566-0b4d0db1fb1f,voice_mt,2023-02-19 04:52:02,2023-02-19 06:06:21,4459,,+19285394927,+12305244040,TWR-79893,4G,,63.1815,rated,0,2023-02-19
0354fb4f-bcaa-434b-ab1e-82aa3135a34d,893c46ff-5f20-4821-a0b6-073b244088f5,voicemail,2023-09-25 11:35:48,2023-09-25 13:14:42,5934,,+19087005027,+19797138292,TWR-78603,5G,,77.5179,rated,0,2023-09-25
ad68cd93-e06c-4efb-8249-94ce571caa65,e9c07020-0d43-4bdf-acb7-c6372aaaa54a,voicemail,2024-06-23 19:10:48,2024-06-23 20:52:14,6086,,+15166344884,+17377157825,TWR-24390,WiFi_calling,,175.4218,rated,0,2024-06-23
42c75f3f-dd22-431d-9325-5ab47cc2d09f,97fe3aac-fd74-4cec-bdd3-ee9cf4721835,sms_mt,2023-06-29 19:05:47,2023-06-29 19:05:47,,,+13354855915,+18239732878,TWR-70647,5G,,0.0,rated,0,2023-06-29
42855b92-555d-467f-b6db-f2a0089f0477,bdd994f0-6f52-4af5-b86e-2b047cec9e99,roaming_data,2024-06-14 18:12:35,2024-06-15 09:50:15,56260,349.607,+14238626720,,TWR-59946,5G_NSA,,1578.9834,rated,0,2024-06-14
7a05ae03-6fca-46d4-a95a-35d7858ee0cf,2ba3f1e5-1bd0-45ed-bb20-8c52d2f645cf,voice_mo,2022-10-24 00:13:34,2022-10-24 01:54:52,6078,,+17632563840,+17560822456,TWR-32499,5G_NSA,,216.7274,rated,0,2022-10-24
b76ae908-288e-4a45-8b55-5d43dff7cacf,d1d01d30-d2ea-4f94-a136-8fd1f794e7c4,sms_mt,2023-03-03 11:48:25,2023-03-03 11:48:25,,,+15140390394,+19121521053,TWR-80033,3G,,0.0,rated,0,2023-03-03
2d5ce4f9-0843-4a35-8002-64854d0fcbb4,73f80464-16c3-4d04-a6df-20bddae486cb,voicemail,2023-01-14 00:28:22,2023-01-14 01:34:11,3949,,+17087983428,+13369271040,TWR-48718,WiFi_calling,,129.5233,rated,0,2023-01-14
cd823c31-b61c-4dd3-a5eb-cf3313784ad5,7b16c2c6-c836-443e-8123-aed7c81c5fbb,sms_mo,2022-10-19 00:18:15,2022-10-19 00:18:15,,,+18404378527,+14429490569,TWR-40180,5G_NSA,,0.0,rated,0,2022-10-19
abc95af0-20d9-4206-8604-e3a23f4e3cc1,ce1d428f-5988-4b0f-ab5a-f2146d916ae5,roaming_data,2022-10-29 02:15:23,2022-10-29 10:44:06,30523,6482.633,+18879746223,,TWR-96581,5G,JP,1421.5934,rated,0,2022-10-29
7bde6516-1c1e-465b-b395-209f3796b2c9,90b4526e-8c51-4cae-9549-5488e9f30c01,voice_mo,2022-11-07 02:18:55,2022-11-07 04:18:28,7173,,+17711687401,+15346481861,TWR-56374,WiFi_calling,,40.7591,rated,0,2022-11-07
5125a05c-1c4b-4185-80a0-ca0d61588db5,e044bda0-f62f-4cdf-b77f-c0512bbb7c51,voice_mt,2022-03-18 20:34:57,2022-03-18 20:44:42,585,,+17031537677,+18326297762,TWR-67896,5G,,21.3517,rated,0,2022-03-18
fe8d218d-e757-4105-91ed-1154910af50a,9a668744-4d46-4385-873c-10b16a5349c0,sms_mo,2023-10-21 17:04:26,2023-10-21 17:04:26,,,+18716701277,+14199530669,TWR-22145,3G,,0.0,rated,0,2023-10-21
e7b38205-47d7-415e-a3dd-3ab393f3f640,44ac7726-e4ba-47da-8e3f-603af282c132,voice_mt,2023-07-06 15:56:18,2023-07-06 16:15:22,1144,,+13066584193,+12208438554,TWR-88599,5G_NSA,,30.9572,rated,0,2023-07-06
219e244a-278c-40b1-9f3f-03e4ba8f1959,6dd4b33a-2ece-4959-b40d-18da0459d336,sms_mt,2024-06-07 19:03:58,2024-06-07 19:03:58,,,+16576861282,+15916870271,TWR-93942,WiFi_calling,,0.0,rated,0,2024-06-07
73cc1bbf-c41f-49b0-97e8-9620da936f6b,2d524a59-4318-4870-a75d-b3624d030c75,data_session,2022-01-23 15:56:26,2022-01-24 11:01:57,68731,4805.028,+16551489291,,TWR-56374,4G,,2059.868,rated,0,2022-01-23
b7a36590-a3ae-4ae9-9d48-cd3670e6f97f,35055d81-5a12-461b-9660-8c6041688bdb,voicemail,2022-10-18 08:47:11,2022-10-18 10:37:33,6622,,+13122419251,+19590328221,TWR-98912,5G,,300.7594,rated,0,2022-10-18
adbf03b7-80a2-425d-918c-c6772f13fb11,2c96a091-40f3-49e1-adbe-707a086a8520,sms_mo,2024-09-20 00:45:56,2024-09-20 00:45:56,,,+17877292836,+15697709842,TWR-26561,5G,,0.0,rated,0,2024-09-20
ef102e8e-a3f1-4dd4-9551-49f1952928b8,05895fda-a33d-49bb-a4e3-6ba24a6adb45,voice_mo,2023-10-13 03:58:37,2023-10-13 03:59:17,40,,+17840979707,+12792094547,TWR-77981,LTE,,0.5859,rated,0,2023-10-13
5b4329ce-04d0-46ec-8477-cdd38c428965,562a42f6-6cc5-4283-bac8-be91b7d96eb9,roaming_data,2022-11-05 03:27:35,2022-11-05 13:14:29,35214,3083.377,+15496356202,,TWR-65265,5G,US,401.153,rated,0,2022-11-05
ff69a0b4-9e69-4642-8ecf-d980eb7eb1d5,948500ce-ee5a-42aa-b015-188e57bcc1aa,roaming_voice,2023-05-19 22:29:10,2023-05-19 22:36:50,460,,+12026987157,+15022271119,TWR-71477,4G,DE,2.5759,rated,0,2023-05-19
f5e3b204-37aa-4482-baf2-1a5c2e3b70cb,2b331a27-7545-474d-b6c3-322b3be09f64,voice_mt,2023-11-03 23:52:01,2023-11-03 23:58:40,399,,+12164239505,+16635109656,TWR-13054,3G,,5.7023,rated,0,2023-11-03
c887ae9e-1c36-4ba5-a65f-9e156a996ce7,c2ef4df6-b591-4a35-8a51-99640066319a,voice_mo,2022-04-07 19:28:37,2022-04-07 20:30:14,3697,,+14227002777,+18758986218,TWR-50818,5G,,179.5755,rated,0,2022-04-07
b92be889-5daf-4f4d-979c-dc989e7c7313,c3cff820-ab7b-4542-8dcd-fb958e392276,voice_mt,2022-01-07 18:05:43,2022-01-07 19:24:13,4710,,+15450741328,+14040536610,TWR-91089,5G,,74.62,rated,0,2022-01-07
707f19db-60eb-4e7c-856f-d95762e28208,0220cd0b-4604-4233-8206-d3b2561510ff,voice_mt,2023-06-04 01:25:11,2023-06-04 03:06:46,6095,,+19595803503,+14451971847,TWR-19488,LTE,,54.1635,rated,0,2023-06-04
4767a82c-ec28-4b54-9d94-b26799ba542d,811c0e44-d8e1-43fb-8d2e-702d1823032c,voice_mo,2024-06-13 07:47:33,2024-06-13 09:02:36,4503,,+19001056680,+16395123658,TWR-72409,4G,,44.4604,rated,0,2024-06-13
87765f5f-6de0-48a7-8859-c8f9d77cbd5c,0a97d70f-ec0e-4989-bc9c-375a93c0bccc,voice_mo,2023-01-31 15:37:51,2023-01-31 17:16:50,5939,,+19491424436,+13266783562,TWR-33462,5G,,101.7215,rated,0,2023-01-31
019a52e2-13d2-4cfd-acea-7fa38d9c9eaa,6057ba8b-01f0-4a5f-bbda-bbdafe51caca,voicemail,2022-08-13 14:44:21,2022-08-13 15:47:15,3774,,+16435014491,+12769980817,TWR-63127,WiFi_calling,,125.6746,rated,0,2022-08-13
fed9a6dd-baa2-4cc4-a93b-05aff9600354,458db7c6-acc7-4b4f-9849-28ab26c9415d,sms_mt,2023-12-14 02:32:58,2023-12-14 02:32:58,,,+15956416613,+12678033289,TWR-98381,LTE,,0.0,unrated,0,2023-12-14
a4a16daf-9bac-419f-be21-12147cbf9182,cb00f2dd-2197-4507-9eed-83282f125974,voice_mo,2024-07-11 20:42:43,2024-07-11 22:41:06,7103,,+17805376248,+19769844912,TWR-59670,WiFi_calling,,25.3172,rated,0,2024-07-11
fd782056-2e1c-4421-af91-ebeb3066cfe6,1fa8bf47-37df-44d4-ae1f-8be70062ab1d,sms_mo,2024-09-11 00:28:40,2024-09-11 00:28:40,,,+19307789375,+19156206066,TWR-87123,5G_NSA,,0.0,rated,0,2024-09-11
b773c9c3-1b1f-48e0-abe9-5381b39fbd91,cafd935b-5431-49f1-b4aa-023b342a1844,voice_mo,2022-01-03 10:46:32,2022-01-03 11:12:55,1583,,+12368644847,+16891255267,TWR-75697,LTE,,46.5132,rated,0,2022-01-03
5f65953f-f274-402c-b4f7-4aee9fb777d2,ee92bd4a-e39a-4a54-92d4-05dab8701387,data_session,2024-04-15 01:06:52,2024-04-15 06:22:03,18911,2030.345,+15250115164,,TWR-97164,5G_NSA,,148.4822,unrated,0,2024-04-15
cc665a93-06fe-4e67-8c37-f107a5af9536,3996be75-ee56-41e0-aefb-d2c7d0472b42,sms_mt,2023-01-18 15:19:03,2023-01-18 15:19:03,,,+14614685243,+15288741621,TWR-93942,5G_NSA,,0.0,rated,0,2023-01-18
1f96f335-eb95-4791-9af2-67a8d85ef808,a98cf2b2-c701-4e95-aed6-f3cb56810487,sms_mo,2024-06-28 21:44:53,2024-06-28 21:44:53,,,+18658360037,+19008339571,TWR-43763,WiFi_calling,,0.0,rated,0,2024-06-28
9ae01dd5-027e-4c95-a874-3b4fc7c30792,7cce595f-7993-468b-98c3-deef4ce045e5,voicemail,2022-09-22 12:33:06,2022-09-22 13:16:42,2616,,+18098319270,+13945259139,TWR-58889,3G,,50.2095,rated,0,2022-09-22
cab798ba-9cea-4ac2-8c89-f7b03eb175da,c43cec77-ca9c-4b24-808e-d7b05899b369,sms_mo,2022-05-30 00:47:03,2022-05-30 00:47:03,,,+19468725642,+19637411125,TWR-27160,LTE,,0.0,rated,0,2022-05-30
a52fbb49-42a2-405c-b073-2b2d25c6fd25,0a33d8a8-8119-43ec-9257-4410e048df2a,data_session,2022-09-04 10:25:52,2022-09-04 15:55:18,19766,4965.348,+15363930194,,TWR-64272,LTE,,917.9475,rated,0,2022-09-04
a6d09618-9988-4da3-979d-5c855535e622,58ca97a1-94b0-4fed-bcf4-b6cf78abc00a,data_session,2023-09-10 16:06:16,2023-09-11 00:34:11,30475,4182.567,+16839694947,,TWR-74130,3G,,141.3592,rated,0,2023-09-10
810321cb-ff26-4cbe-91f1-43b6b30bbb7b,12363d09-943d-43ed-a2be-765c753c883f,voice_mt,2022-07-07 10:43:43,2022-07-07 11:23:40,2397,,+15358253590,+19078710669,TWR-93942,5G_NSA,,7.1706,rated,0,2022-07-07
500d1df3-a723-4f72-8f4f-a62458f5f70d,fc406fa0-13e5-4e78-824d-5805ba42d481,voice_mt,2022-09-16 23:02:58,2022-09-17 00:31:46,5328,,+12859409541,+12993829275,TWR-56568,5G,,230.838,unrated,0,2022-09-16
7956bfb6-a5df-488b-81ba-419f366dbbdd,2ba3f1e5-1bd0-45ed-bb20-8c52d2f645cf,roaming_voice,2022-08-22 20:47:18,2022-08-22 21:06:25,1147,,+13618145568,+18647204529,TWR-38652,3G,IN,55.8295,error,0,2022-08-22
830398b6-3983-45de-89d6-32e3bbf2634b,31ec7abb-b079-4f8e-8b71-8d07c8994b99,sms_mt,2022-02-09 18:46:50,2022-02-09 18:46:50,,,+18499427925,+12776166184,TWR-40174,5G,,0.0,rated,0,2022-02-09
664d92eb-2afb-4deb-894a-7aabc493ff1d,d2364e81-929b-4c71-b30a-9b778c4c413d,sms_mt,2024-08-08 12:19:35,2024-08-08 12:19:35,,,+18116349367,+13926955382,TWR-26682,3G,,0.0,rated,0,2024-08-08
95261216-3c54-4ed7-a536-17a8e4689e07,26060f8a-bedf-4c1b-95c1-d0ffb8d04069,data_session,2022-11-19 21:19:51,2022-11-19 22:58:08,5897,6373.032,+16086144957,,TWR-99635,LTE,,254.6535,rated,0,2022-11-19
bae7d331-af62-4158-aed0-f2806b01cd39,087c1b0f-9d09-4e1b-9b40-2a4031d52179,sms_mo,2023-11-06 14:18:10,2023-11-06 14:18:10,,,+13084084528,+16686781470,TWR-64272,WiFi_calling,,0.0,unrated,0,2023-11-06
81af2a6f-a2bd-4c02-9165-2d4e2fd66f9c,47e84fdb-6d0d-433c-a290-9742b45554b9,voice_mt,2024-08-05 11:12:48,2024-08-05 12:15:46,3778,,+17156095459,+14453377543,TWR-26926,5G_NSA,,22.5472,unrated,0,2024-08-05
b5e69bde-be18-4b25-864b-7fd2caa639ed,e744aae5-ab47-4849-94c4-493e02622e74,voice_mo,2023-06-08 07:15:50,2023-06-08 08:55:50,6000,,+13285190255,+18453377476,TWR-60273,4G,,242.8986,rated,0,2023-06-08
669662de-ef33-4b3d-b05a-db5abf2d06a4,aade0f61-a3db-4d38-b703-30921847f6bc,voice_mo,2022-03-18 02:28:33,2022-03-18 02:47:27,1134,,+15292425619,+13488313629,TWR-89696,5G,,16.4489,rated,0,2022-03-18
6b8093ca-7822-4354-b658-9147604b3f23,10011cdc-1be7-4031-b209-5a2cb131be30,roaming_voice,2023-12-01 19:08:28,2023-12-01 19:33:00,1472,,+13961050856,+15229376222,TWR-83526,5G,,42.6184,rated,0,2023-12-01
032b7d54-d1c4-4490-9783-f1f2d5602d60,4e1cf95d-eefb-402a-8682-98ec8b5b076c,voice_mo,2023-03-05 06:26:31,2023-03-05 07:15:36,2945,,+16504756367,+18914549640,TWR-14857,5G,,115.0817,unrated,0,2023-03-05
337e8962-ab47-4826-9b9d-d20b91e61e80,f8903ae2-4d13-4fe5-9a32-a80429672d74,data_session,2023-12-06 07:19:48,2023-12-07 02:08:23,67715,1423.261,+12952797443,,TWR-91778,4G,,3206.8467,rated,0,2023-12-06
ef2ba3af-36ab-4d79-8829-710a612b0712,40c98dc8-80d9-4bf6-9706-4b89045a7c6f,roaming_voice,2024-06-24 06:41:23,2024-06-24 06:58:51,1048,,+15203290193,+18836128620,TWR-80599,5G_NSA,CA,34.5963,rated,0,2024-06-24
23fd832d-285b-433a-9310-c265fe4d6a34,4b860a57-d3b1-42fc-9579-b3cee830df02,voice_mo,2022-11-16 22:46:14,2022-11-17 00:01:16,4502,,+18616164190,+14091854215,TWR-99693,WiFi_calling,,68.7231,rated,0,2022-11-16
09e32940-9785-4081-958d-1b1bd57854e2,86b07369-fab5-4238-9fd1-01ae7b668cd2,roaming_data,2024-03-31 11:58:40,2024-03-31 15:21:56,12196,4424.385,+16750693155,,TWR-65760,5G,,339.6894,rated,0,2024-03-31
8ab113f3-277d-450a-b818-e42499da92cd,10da0a94-e13b-4a27-a88c-f9f2f261422b,voicemail,2022-09-08 09:25:39,2022-09-08 09:56:28,1849,,+18613022251,+12573071297,TWR-55269,3G,,24.952,rated,0,2022-09-08
7e80fe38-ce6e-41f9-9c61-ad9abd42e291,42067bb0-a6f3-4f3e-9e6d-79ed604ba2f8,sms_mo,2024-06-21 08:43:21,2024-06-21 08:43:21,,,+18337103253,+14445607871,TWR-53214,3G,,0.0,rated,0,2024-06-21
f43ca542-bcac-4836-b968-776f157ffc12,5573ac00-6d07-4996-a747-b776cec037c0,voice_mt,2024-10-12 23:08:43,2024-10-13 00:38:30,5387,,+15072957097,+15713438980,TWR-27160,WiFi_calling,,241.8655,rated,0,2024-10-12
d29f01d0-8228-4696-85ec-2f278a1217df,f27e84c7-5364-4828-a009-2b50614bbedb,data_session,2024-03-29 15:54:18,2024-03-30 10:46:13,67915,24.694,+17349769641,,TWR-16726,4G,,2621.6017,rated,0,2024-03-29
3e2cc75f-b1e5-4494-a87a-bb92b0bfbb6a,9bc55cfe-4722-4c6e-acaf-79242fdc0801,sms_mo,2022-02-18 07:32:45,2022-02-18 07:32:45,,,+12053304100,+13478301547,TWR-96273,3G,,0.0,rated,0,2022-02-18
b645f28a-6105-41b2-bdb4-5d420a5a9307,f5a626cf-3678-48c3-85bb-967bd178fb46,voice_mt,2024-01-17 05:45:24,2024-01-17 07:01:34,4570,,+12654672212,+15324304381,TWR-24390,5G,,55.2744,rated,0,2024-01-17
be1b2eef-cef5-4348-ab5e-51f1a09249ca,20136aa0-19aa-474e-843c-a2f379dcb683,sms_mt,2023-07-21 18:14:50,2023-07-21 18:14:50,,,+18466773933,+14355682910,TWR-43663,5G,,0.0,rated,0,2023-07-21
33de4a39-1712-4931-a24d-30338d974407,fa4f10a1-919c-436e-880e-8f5fcec04c3d,voice_mo,2022-12-06 13:57:20,2022-12-06 15:32:05,5685,,+16162398667,+15959436305,TWR-81495,LTE,,158.0195,rated,0,2022-12-06
8ac4c8f5-5d82-42a7-a649-6351d562ff81,5343ffb0-3bf0-4378-bd5b-6cea3ae162e0,data_session,2022-06-11 11:06:46,2022-06-12 01:18:41,51115,1179.104,+14648843491,,TWR-65195,WiFi_calling,,267.2142,partial,0,2022-06-11
be6739d5-8d03-448a-b422-ef3f7046d091,922f4c01-9994-4972-8411-0e77697d89c5,roaming_data,2024-10-16 21:05:09,2024-10-17 12:34:05,55736,4088.955,+15787325409,,TWR-26926,5G_NSA,US,2338.3972,rated,0,2024-10-16
98c3af9e-24cb-445e-8f31-e0946f4403d1,83aed610-f3d9-4c11-a0ba-f7db5b988904,voicemail,2022-08-26 02:55:56,2022-08-26 03:11:35,939,,+15923297858,+14184290095,TWR-43582,3G,,36.5577,rated,0,2022-08-26
380bf5aa-f8ec-43cb-a44e-cb89d6c8d0e1,118ef06b-7aaf-4ab2-9406-e4f659d1ef0d,data_session,2022-01-27 22:57:44,2022-01-28 00:50:49,6785,184.626,+14537459443,,TWR-38652,4G,,17.5708,rated,0,2022-01-27
ae7c8e6e-0045-42a5-a53c-6588fb907b1f,d2364e81-929b-4c71-b30a-9b778c4c413d,voice_mo,2024-06-15 07:16:51,2024-06-15 08:26:19,4168,,+18512016634,+14817917739,TWR-78603,5G_NSA,,112.9868,rated,0,2024-06-15
6bb6751e-c991-42fd-a973-8d0765ffedc6,948d4425-d3d0-43c8-8066-b51eafd662ab,voicemail,2023-10-25 22:23:56,2023-10-25 22:50:51,1615,,+12514438446,+19863814556,TWR-99693,5G_NSA,,80.3486,rated,0,2023-10-25
c843be7c-ed03-472a-b577-7d5ae12e2a13,2bba413d-0f98-4f7d-ac5d-4e5808bbf779,sms_mo,2022-10-08 17:53:18,2022-10-08 17:53:18,,,+14899730104,+14043481997,TWR-62772,WiFi_calling,,0.0,rated,0,2022-10-08
77539b70-75f4-4b4c-b6f5-3b5fce6870e4,5c406de3-3426-462c-93ee-13a10f7e85b9,voice_mo,2022-04-12 05:06:19,2022-04-12 06:38:42,5543,,+14428419380,+19951296253,TWR-66481,LTE,,220.3718,rated,0,2022-04-12
30ae17bd-7e3c-4d56-ba09-7fe5754ba5de,3222212b-e69c-4293-85dd-08913682db42,voice_mt,2022-06-26 16:40:23,2022-06-26 17:04:00,1417,,+17258260721,+19541567110,TWR-19488,4G,,36.7234,rated,0,2022-06-26
9715c59d-9fc9-4c4c-87c3-b82a58d0f88f,a1cd6938-488b-4c2d-a8df-3c77cdb0418b,data_session,2024-11-14 11:21:02,2024-11-14 17:09:01,20879,1049.84,+17667597137,,TWR-10742,3G,,226.4578,rated,0,2024-11-14
d5aab2a5-03af-4e03-ad3a-91b580a6dcf8,9b33ed62-6843-4ef2-b423-352d9e2c5eb6,voice_mt,2022-09-07 17:23:26,2022-09-07 19:00:09,5803,,+12570985258,+18499037549,TWR-95764,5G,,251.3264,rated,0,2022-09-07
da7e7740-d3b9-48c1-87e3-a4775826f0a6,a4d22bd6-f6d3-4cf2-8d05-275128fa5d56,voicemail,2024-10-03 00:27:55,2024-10-03 00:56:32,1717,,+15558411934,+17920080979,TWR-71477,3G,,23.7779,rated,0,2024-10-03
0d50213f-0dfe-4dd0-823d-d5b46c2abd4b,fe0ce899-f214-4eca-894d-61872a14ab09,sms_mo,2022-03-26 05:07:17,2022-03-26 05:07:17,,,+14892257100,+17046608097,TWR-57409,5G_NSA,,0.0,rated,0,2022-03-26
a7ec9325-ab85-4653-b381-df4888251866,04b25dfe-8338-4cb7-a8ad-9485965c0918,roaming_voice,2023-07-22 01:28:24,2023-07-22 02:26:04,3460,,+14732273845,+15934532830,TWR-20502,3G,US,124.7484,rated,0,2023-07-22
cdedaa7a-2455-4f80-aacf-b3d91ff6b667,3a101e01-6f22-4478-8d42-de3ee4dc1a14,sms_mt,2022-11-11 23:43:24,2022-11-11 23:43:24,,,+17981566999,+16903233282,TWR-60209,5G,,0.0,rated,0,2022-11-11
e6908bca-14f9-426f-a550-e3b1f51c60aa,1399d47a-677b-4e20-93ff-d5205c07e7a4,voicemail,2022-04-11 21:50:23,2022-04-11 22:27:22,2219,,+17711975459,+16130624725,TWR-62772,5G,,19.2597,rated,0,2022-04-11
f83b88fc-09fe-45d8-8e82-6946aa1fd893,9663bf56-776b-4785-bf2d-087c7d0bb279,roaming_voice,2023-01-19 03:22:29,2023-01-19 03:48:45,1576,,+17001524085,+16225851864,TWR-65265,5G,MX,55.9405,rated,0,2023-01-19
5a19b50d-10fa-4535-8241-d7a83baa71ea,3868c625-31bc-4a2b-bb3f-ee586b43636d,roaming_voice,2024-01-02 12:38:54,2024-01-02 13:43:57,3903,,+13560349360,+15052201578,TWR-62310,5G,JP,121.3052,rated,0,2024-01-02
92c53687-a80b-4be4-8f20-6246cc40924b,e687f3f8-716b-40eb-a8ba-e0719f0b0752,sms_mo,2023-08-23 17:16:25,2023-08-23 17:16:25,,,+15549527678,+15619966776,TWR-89203,4G,,0.0,partial,1,2023-08-23
1f8d5b50-6fe2-4dbd-b28e-9793fab0d406,d9103571-e294-41d5-acfd-0fb0bc081967,roaming_data,2024-03-21 22:43:08,2024-03-22 11:45:10,46922,7388.565,+15748060947,,TWR-14857,5G,BR,426.0672,rated,0,2024-03-21
cc4defb2-6553-4397-87cb-164311d68045,60de4fb9-0fc5-4629-8369-5ad0c2cc31d0,sms_mt,2024-06-16 04:27:12,2024-06-16 04:27:12,,,+15123169892,+14060044980,TWR-44207,LTE,,0.0,rated,0,2024-06-16
c15695ae-b31c-4dcd-9e6d-891f33e0a596,400bd96a-9eaf-45ff-b810-4cc340a48720,sms_mo,2022-06-27 11:52:29,2022-06-27 11:52:29,,,+19424338485,+16142998022,TWR-65265,5G_NSA,,0.0,rated,0,2022-06-27
0814c6ca-fbe7-471d-a494-d2fa16274f25,014d0cea-8116-420c-835d-61642f9fdc4d,sms_mo,2023-05-08 15:15:04,2023-05-08 15:15:04,,,+19681067939,+14591517531,,3G,,0.0,rated,0,2023-05-08
3e7c8daa-56a6-45f4-aa6e-7be9ce130b74,cb7b0a14-d208-412b-be8b-c10096c66a48,voice_mt,2022-05-16 10:14:18,2022-05-16 11:08:18,3240,,+12683902926,+13366609164,TWR-21274,5G_NSA,,145.7701,unrated,0,2022-05-16
101d0762-67e8-4a67-b887-2ec9e9001ab9,ec613745-c8ec-4a2a-ac34-839b99fb8e33,data_session,2024-02-10 10:58:30,2024-02-11 07:07:19,72529,933.437,+16977289488,,TWR-29072,LTE,,1913.4991,rated,0,2024-02-10
bf14aa78-7eef-4a73-b404-4f0e83b287de,2e91116f-95f2-46b0-beab-486a5c280616,voicemail,2023-11-13 12:34:24,2023-11-13 13:54:50,4826,,+17775526105,+17941406420,TWR-68192,WiFi_calling,,157.1774,rated,0,2023-11-13
28704372-9c20-4d26-a80e-50feea5bf001,92bf07dd-9d53-4f39-80bf-bbd20b15727c,sms_mt,2024-01-21 05:04:14,2024-01-21 05:04:14,,,+12350357084,+15563955533,TWR-42731,3G,,0.0,rated,0,2024-01-21
7a75ca7a-fedb-402d-a4a4-feb256415102,44aff6e5-5b16-4065-ae4f-1d6db9d35c76,voice_mo,2024-08-08 18:10:56,2024-08-08 19:19:31,4115,,+15157474024,+12971526520,TWR-72092,5G_NSA,,171.5044,rated,0,2024-08-08
dffcaeab-e172-49a1-97ba-41d63f64cb79,75f61e2d-2e81-455b-83d3-091667e8f83e,voicemail,2024-08-14 20:07:19,2024-08-14 21:32:09,5090,,+13440450788,+16516681277,TWR-27801,5G,,156.9024,rated,0,2024-08-14
4e766de2-0816-406a-ba8d-653c7e29b4f1,30bc8ed4-4fbd-4c89-8825-abd10a486bc4,voice_mt,2024-05-28 11:51:57,2024-05-28 12:56:01,3844,,+19817652316,+16200813307,TWR-97164,WiFi_calling,,43.5202,rated,0,2024-05-28
16f4fe62-8772-4898-b5f0-aba5d5556c5d,59d5165b-156e-462a-a235-7e41fc3fe066,voice_mo,2023-07-29 17:19:08,2023-07-29 18:26:47,4059,,+12676280099,+14339595860,TWR-20502,5G_NSA,,119.8113,rated,0,2023-07-29
84bf9699-e35d-4575-b0e8-10b4add6dcc3,3022d9e2-d6cb-4f65-925c-dd1ac9ab7b6a,data_session,2023-09-21 16:13:12,2023-09-22 14:06:31,78799,5938.746,+19644238797,,TWR-48126,3G,,3235.1175,rated,0,2023-09-21
9082d16c-315b-46d8-99e1-1c7f00221ef4,a2d5ad1c-e1a4-4784-bdb5-eaf83fbcb353,voicemail,2024-04-13 00:37:35,2024-04-13 01:19:03,2488,,+18513142775,+14083318802,TWR-75422,4G,,24.4725,unrated,0,2024-04-13
3cead689-241f-4ef6-a00b-caeae55378ca,c89eec5a-1dc2-4498-9233-b5da4c73b476,roaming_voice,2023-06-04 17:34:26,2023-06-04 17:48:22,836,,+16112996169,+17574925887,TWR-40180,WiFi_calling,,9.3763,rated,0,2023-06-04
e738bd61-09aa-43fe-9e93-24f395f62513,c0bfe1a2-3d90-44f3-a911-40c697b95fc4,roaming_voice,2023-09-18 10:12:16,2023-09-18 11:57:02,6286,,+16836305605,+12323938894,TWR-88042,3G,,208.1621,rated,0,2023-09-18
7bba21b4-3966-4aba-b18d-bf193b896936,28442452-4c09-4795-8223-c9abbd09dd91,voice_mt,2024-02-26 12:20:01,2024-02-26 14:06:01,6360,,+17058942787,+16573595222,TWR-48793,WiFi_calling,,270.9531,rated,0,2024-02-26
19194290-e148-4295-9333-c73a894d3cdf,b2da643a-3cee-409b-a9d8-98b5731196dc,voicemail,2024-08-31 14:07:36,2024-08-31 14:17:24,588,,+16261811313,+14727092680,TWR-67385,5G_NSA,,1.6354,rated,0,2024-08-31
8f5dd0a4-b548-45ae-9df1-eed39e42fa2e,ba95fd96-25db-41d8-aeff-07bf2d4fb3bf,data_session,2022-02-02 02:33:39,2022-02-02 16:16:47,49388,3178.123,+16673561115,,TWR-62961,4G,,835.5389,rated,0,2022-02-02
0f431bf9-7d04-4cb0-af8c-8989914a9064,d6444829-712d-44db-93a1-abe2269e87e1,sms_mt,2022-02-11 18:12:51,2022-02-11 18:12:51,,,+16926198436,+18655805884,TWR-98909,3G,,0.0,rated,0,2022-02-11
b9b1c6f9-6541-4326-90e4-c6c0ab7e7fa0,e4e6ae58-b975-4fdb-93bd-aa734b3b9ffc,roaming_data,2023-07-17 00:04:06,2023-07-17 14:02:34,50308,4084.423,+14673928153,,TWR-58624,3G,CA,1500.5087,unrated,0,2023-07-17
57e5eeab-6986-451b-85fe-fa865bed63d7,a7c1ebdf-c663-4b9a-af2e-4cd04561d192,sms_mo,2024-03-29 05:39:45,2024-03-29 05:39:45,,,+12155986531,+17470620443,TWR-32824,5G,,0.0,rated,0,2024-03-29
018392a7-8562-4b14-8fab-d0cf001fc280,a690ffc0-5639-4a9c-92e3-73d4dd91c666,roaming_data,2022-07-04 11:56:09,2022-07-04 13:13:50,4661,6950.213,+14429138891,,TWR-63516,3G,IN,155.3162,rated,0,2022-07-04
c58d8855-f6a5-43c3-8569-3175eab07259,7b4ff9b4-23b3-438f-98e5-e964c41568f7,sms_mt,2022-02-24 07:27:06,2022-02-24 07:27:06,,,+14833621178,+15696096568,TWR-56568,4G,,0.0,rated,0,2022-02-24
693792ea-1ac3-4f43-ae14-6e9c99068c55,89869cfe-03a8-4fa2-8f00-9a1ac0962204,sms_mt,2023-11-14 09:08:42,2023-11-14 09:08:42,,,+17741825554,+14134389272,TWR-98381,WiFi_calling,,0.0,rated,0,2023-11-14
c71ab062-7540-4939-b120-5dbd446d1e86,4ddb769d-a5f2-4f2a-ae88-cc80faa5b93d,roaming_voice,2022-09-20 15:46:09,2022-09-20 16:27:55,2506,,+16871448998,+16646118230,TWR-59784,LTE,GB,52.2153,rated,0,2022-09-20
a3206e23-e6be-42f5-a75f-0382d20b4692,fb66880c-476d-47b4-b3a7-25fe8a69e097,roaming_data,2022-12-30 21:58:24,2022-12-31 18:30:05,73901,3366.409,+15872004612,,TWR-32824,3G,MX,183.0819,rated,0,2022-12-20
e20276b1-a3b5-456a-8fc2-99a4e034b41b,9bf6a925-8721-4b0d-b8f8-9ecde90da204,roaming_data,2023-07-02 13:25:17,2023-07-02 17:59:51,16474,5567.376,+14845149919,,TWR-47000,5G_NSA,GB,402.1646,rated,0,2023-07-02
da432048-9617-46f5-8df0-11dee83a444e,b533057f-0a1d-4200-9a70-ee15833efd3b,voice_mt,2023-07-17 09:16:21,2023-07-17 11:07:50,6689,,+13930435598,+14528049499,TWR-93894,5G,,279.07,rated,0,2023-07-17
b609ad19-f894-4442-8aa7-1425d1147c72,cd9a6919-509c-488b-b032-09fe0f6b77ff,sms_mt,2022-01-10 08:30:09,2022-01-10 08:30:09,,,+19315179973,+19474072989,TWR-65195,LTE,,0.0,rated,0,2022-01-10
5e917a24-8580-4b70-8986-07b8078e6afa,d1d01d30-d2ea-4f94-a136-8fd1f794e7c4,voice_mt,2024-04-28 17:23:08,2024-04-28 18:18:38,3330,,+18473346536,+17709227228,TWR-62242,5G,,24.0819,rated,0,2024-04-28
7a7e2d85-ff3b-4e5f-bf9b-5a75ec1124f7,9bf6a925-8721-4b0d-b8f8-9ecde90da204,voice_mt,2024-07-30 04:24:00,2024-07-30 04:40:48,1008,,+15083662165,+19967548124,TWR-63127,4G,,6.0632,rated,0,2024-07-30
57910a93-a8d1-4959-a5c1-901339144a91,e4d9b523-9e95-4951-98a7-e644b19c9180,sms_mo,2022-10-07 20:08:54,2022-10-07 20:08:54,,,+12388067772,+19786313956,TWR-48718,4G,,0.0,rated,0,2022-10-07
38d48a97-f980-4fd4-8e9c-0e63ff26859e,491f7721-a444-4698-9238-d6ea3b6898b3,voice_mo,2022-03-19 06:44:19,2022-03-19 08:24:25,6006,,+12274717392,+16427969976,TWR-74130,5G,,57.5703,rated,0,2022-03-19
1665eb65-5880-4d79-b860-8ecbc0ee8bbb,f27e84c7-5364-4828-a009-2b50614bbedb,roaming_voice,2022-02-17 17:18:00,2022-02-17 18:20:27,3747,,+17397983187,+13960476216,TWR-45310,3G,JP,90.2838,rated,0,2022-02-17
aad63499-7fd3-4e68-87d1-e32c7e43531f,a76ebf51-beb9-4f82-abcd-93e9e5eba3b7,sms_mo,2023-04-21 05:16:27,2023-04-21 05:16:27,,,+16943787427,+13390500073,TWR-59784,LTE,,0.0,rated,0,2023-04-21
3a1cfe72-3d8c-4843-880b-56da7d54101c,f7118a62-ea7a-4d8e-a7b9-14c611d59b03,sms_mo,2023-07-24 01:16:12,2023-07-24 01:16:12,,,+17897350047,+14510550787,TWR-75954,WiFi_calling,,0.0,unrated,0,2023-07-24
5c40b89f-0f41-4e64-bc0d-848056d0e539,f8cabbfe-7043-45a5-af2a-25cf2f66cc45,voicemail,2023-10-23 22:10:34,2023-10-24 00:01:56,6682,,+18085173530,+14859037172,TWR-36707,WiFi_calling,,266.5621,rated,0,2023-10-23
c640bb24-5175-43fa-945c-6370118cca78,2e91116f-95f2-46b0-beab-486a5c280616,sms_mt,2022-06-20 05:46:16,2022-06-20 05:46:16,,,+15588909915,+12762811531,TWR-50607,4G,,0.0,rated,0,2022-06-20
6162f6b0-7912-4610-829e-a1f6de0d8976,28fb8c05-25b0-4b94-88d4-a10044a3fd2b,roaming_data,2022-10-27 20:42:43,2022-10-28 08:30:22,42459,2459.198,+19519901970,,TWR-58889,4G,FR,1139.6726,unrated,0,2022-10-27
40e8584c-d52d-466c-b89f-e1ffa8b31b01,6b3fd329-9340-4da4-9ecf-82418f0b9bb0,roaming_data,2022-08-12 16:34:52,2022-08-12 22:40:50,21958,6109.941,+18289062232,,TWR-34373,3G,JP,640.4452,partial,0,2022-08-12
8de73d12-8648-4f2a-a689-45a53d8091af,d9e4aa0c-8627-4d63-9aaa-17b86bbf9794,roaming_data,2024-03-24 21:51:28,2024-03-25 13:08:45,55037,2498.0,+15813588270,,TWR-90922,LTE,GB,2213.4797,rated,0,2024-03-24
171928cb-f83e-45e9-9212-a35edcd7cab2,d95c2bf2-7e0a-497f-a9d8-30bf7ae1c95b,voice_mo,2022-12-14 21:27:00,2022-12-14 23:18:23,6683,,+18547563980,+14163516542,TWR-63127,WiFi_calling,,329.8502,rated,0,2022-12-14
1c32f72a-08e0-42e6-b9ec-c1577a019760,363d2299-9d2f-4301-89ed-07781fc6bb69,sms_mt,2022-05-30 12:09:38,2022-05-30 12:09:38,,,+16224577347,+16584712083,TWR-38652,4G,,0.0,rated,0,2022-05-30
b234a69a-f591-4732-b470-f87f5245730d,c1b24ef3-4d00-4f28-b0d7-4249b34d1d62,data_session,2023-06-01 09:30:59,2023-06-01 13:07:50,13011,1736.421,+16727557764,,TWR-27801,3G,,21.3788,rated,0,2023-06-01
cdcd8849-af36-4737-8813-0eaf8200f46a,6eb2a66c-ee02-4735-8673-401388821b5e,voicemail,2024-04-11 01:22:11,2024-04-11 03:04:00,6109,,+14511211290,+16818222456,TWR-99635,5G,,193.796,rated,0,2024-04-11
55fa33e9-0772-415e-91e7-80f7c8e8387e,a06c0d27-6b08-4e6d-ab7f-d8a78587a0ce,roaming_data,2024-11-05 17:33:00,2024-11-05 23:31:10,21490,6832.463,+14304476639,,TWR-67385,4G,CA,923.0008,rated,0,2024-11-05
248a9854-ca94-4517-bb7d-00b75ecf16af,f4589c6d-1734-4d64-a3e1-f9544f0e589c,sms_mo,2024-10-10 05:46:17,2024-10-10 05:46:17,,,+16540152777,+17763411360,TWR-95637,4G,,0.0,rated,0,2024-10-10
f88e1711-7f6e-40a6-9b77-1e0f63e8f86b,246ba02a-7afa-4010-85aa-2d7e2293e3dc,roaming_data,2023-05-15 12:20:23,2023-05-16 02:08:00,49657,1313.505,+12859168414,,TWR-43663,WiFi_calling,MX,51.6126,rated,0,2023-05-15
61c3f392-511c-400b-9000-8aaa863e627f,9b33ed62-6843-4ef2-b423-352d9e2c5eb6,data_session,2022-02-22 12:26:12,2022-02-23 08:06:17,70805,11.367,+15087815304,,TWR-31077,4G,,1974.4151,rated,0,2022-02-22
15e21748-8df6-41b0-a850-4844aec2b186,a9b4dbe7-1262-4647-861c-a166e4d0c6e9,voice_mo,2024-04-30 00:12:25,2024-04-30 01:00:51,2906,,+14109647273,+14769416211,TWR-68061,4G,,105.7051,error,0,2024-04-30
0708a39f-6d32-4eee-9300-1158510fdba3,6f130f71-0741-46bb-8788-dcc44eb7e66d,voicemail,2024-08-20 10:00:23,2024-08-20 11:49:04,6521,,+16616555153,+16897163547,TWR-83526,5G,,322.6642,rated,0,2024-08-20
317560f1-36e4-46d5-b2c1-4d775d60ae4f,25b5a388-65c9-40af-8ab0-bf5b15e1b8e1,roaming_data,2022-11-19 11:10:23,2022-11-19 17:52:54,24151,1543.891,+15381383144,,TWR-91089,4G,FR,420.5851,rated,0,2022-11-19
331ee5e8-a75a-4e1d-b591-be0a848f1280,7b4595bd-d963-4c87-a128-675e954a2a19,voicemail,2024-05-07 17:22:51,2024-05-07 19:10:27,6456,,+16682253921,+18722409739,TWR-56861,3G,,298.8529,rated,0,2024-05-07
a33af634-4fd2-4cf9-8d90-df10a9f48225,5d012496-ac6f-4b80-a008-1eb925ffa29c,sms_mt,2024-06-08 10:58:47,2024-06-08 10:58:47,,,+16032550835,+17317382255,TWR-11461,3G,,0.0,rated,0,2024-06-08
ebeaa0a1-c9ba-4a11-ba36-cad0e4abb548,abac0a6e-a934-4456-bb88-3770300ef8a0,voice_mo,2022-12-03 17:59:50,2022-12-03 18:17:26,1056,,+15503661723,+19927091874,TWR-60870,WiFi_calling,,43.4366,partial,0,2022-12-03
eb6ef45c-c1eb-4159-91c1-82b6d0a73a43,91bf808c-8622-4028-8ef0-28db990b0f3a,data_session,2024-05-20 11:01:53,2024-05-20 23:35:04,45191,7271.397,+18655349373,,TWR-10565,5G,,1270.5914,rated,0,2024-05-20
a945f1d6-1e57-42b6-9d6b-e941b821dd74,3b639f66-e1e4-439a-ad9e-5da2da07173a,data_session,2023-09-10 17:28:22,2023-09-10 20:44:22,11760,2720.334,+13346818940,,TWR-60273,5G_NSA,,338.3653,rated,0,2023-09-10
82fd195b-c914-4c17-a6a2-4848e20ef88e,b0651c4f-d584-41c6-9b2a-7cd173e99269,sms_mt,2024-05-04 07:39:35,2024-05-04 07:39:35,,,+16727970449,+14939302198,TWR-38652,LTE,,0.0,rated,0,2024-05-04
98c4c439-6fdd-4dd5-bb8b-becbe365c24a,681fab55-0944-4960-93e8-6208b05ad36a,sms_mt,2024-07-09 22:15:45,2024-07-09 22:15:45,,,+12114324915,+16631615784,TWR-88599,5G,,0.0,rated,0,2024-07-09
77c62f04-fd4d-4f9c-a97e-833d3d66b45a,a0ab67fb-0a28-4f1f-b9df-17f29e586e4c,voice_mt,2023-02-21 02:31:42,2023-02-21 03:09:22,2260,,+12494510391,+19801230884,TWR-17261,3G,,100.4434,partial,0,2023-02-21
3fedaa52-938c-4c57-93eb-469b5c37e50a,3d2d8707-ecef-4fa0-ae91-1b1493b6b859,voice_mt,2022-02-15 03:32:09,2022-02-15 05:29:42,7053,,+19104554862,+13264170352,TWR-40174,LTE,,78.9948,rated,0,2022-02-15
1dab8a67-61a7-4fc9-ac49-d4dff077049c,eafe5723-7e13-40b5-9683-8ec40796900a,voice_mo,2023-10-17 10:58:19,2023-10-17 11:51:04,3165,,+13023626260,+19640976733,TWR-68061,3G,,116.3215,rated,0,2023-10-17
b269f8f4-141f-4922-9159-998726edb9cf,cd9a6919-509c-488b-b032-09fe0f6b77ff,sms_mo,2023-01-15 11:27:30,2023-01-15 11:27:30,,,+14245746441,+17730787083,TWR-48126,5G,,0.0,rated,0,2023-01-15
2739a0f9-2a43-4979-83f8-b8fe85d38044,bf27a886-9ad6-40ec-b516-d749b5fa178c,data_session,2024-12-23 00:53:04,2024-12-23 20:51:35,71911,2208.606,+16268722702,,TWR-33753,5G,,2752.2709,rated,0,2024-12-23
d3440dc6-9103-4c9f-b581-357f663616df,7661db2d-d5e5-46c9-817d-316122d7aa51,sms_mt,2022-04-29 13:21:29,2022-04-29 13:21:29,,,+17636990385,+17596510932,TWR-54139,3G,,0.0,rated,0,2022-04-29
8f4c9083-2ada-4944-8120-ceb277307a83,6fddc94c-73a2-4c64-bfd1-a81770fd13a0,voice_mt,2022-07-29 02:38:13,2022-07-29 03:36:44,3511,,+13455072106,+18559996562,TWR-72409,5G,,38.8897,rated,0,2022-07-29
87dee75c-9f8c-4c0e-a7d7-145fe8a7d73a,ba652573-14b4-4d70-b88b-7bdab6808843,sms_mo,2024-12-06 14:50:26,2024-12-06 14:50:26,,,+18289076321,+17621242302,TWR-70647,LTE,,0.0,rated,0,2024-12-06
117c8209-ebf4-4131-9669-fe89d5c2cf15,1c27de53-550c-4699-ab84-c7eaf11fe8c7,voice_mo,2023-01-10 06:54:31,2023-01-10 07:50:29,3358,,+16704723093,+14581054269,TWR-84306,LTE,,48.8904,rated,0,2023-01-10
52e6396a-3813-45eb-b8d0-1857877ae5ec,535da3be-4c80-4eb8-99a0-84c747be25b3,roaming_data,2022-11-23 11:55:50,2022-11-23 19:02:23,25593,2911.937,+14000981334,,TWR-33284,5G_NSA,BR,1039.6345,rated,0,2022-11-23
32101994-2fae-4643-bab5-488e9da16200,f8612531-e12f-4af6-ae44-b7692199081b,sms_mt,2022-04-24 22:11:13,2022-04-24 22:11:13,,,+16792292658,+18289690530,TWR-10998,5G_NSA,,0.0,rated,0,2022-04-24
980235da-bdc8-4233-9e63-b5850afd7c32,360af4ba-36de-4031-a52e-34998089f4c6,roaming_voice,2024-01-15 22:27:44,2024-01-16 00:00:34,5570,,+17197508993,+18646501724,TWR-60585,4G,CA,181.1473,rated,0,2024-01-15
ab217994-7ce6-44dc-9734-1c086b5dd145,0748d3db-3225-47a1-8735-dee32a71cb76,data_session,2024-02-04 08:56:11,2024-02-05 01:43:25,60434,6385.551,+14861243105,,TWR-24390,5G,,1854.9003,rated,0,2024-02-04
bf12f0d4-9b24-41ad-8de4-b7b7d3cd8e0b,2804e94f-d321-47ca-a597-093761637a0b,voice_mo,2022-09-17 10:46:57,2022-09-17 11:26:39,2382,,+17281113518,+19935686858,TWR-36144,5G,,95.3131,rated,0,2022-09-17
414fc088-c114-4338-8707-462d91aa0d3c,e756659a-8a22-4fbd-8fc5-d623570e3327,voicemail,2022-12-18 02:11:06,2022-12-18 03:54:41,6215,,+12946550257,+13048683621,TWR-38353,LTE,,218.1374,partial,0,2022-12-18
3d590445-7a12-4ed1-ab39-6ac824ae3169,9bf6a925-8721-4b0d-b8f8-9ecde90da204,roaming_data,2023-10-27 17:20:23,2023-10-28 02:12:47,31944,5365.961,+14084489183,,TWR-56568,3G,JP,256.4923,rated,0,2023-10-27
416ceb6b-7cfe-4132-abde-a9a6016a58db,c1b24ef3-4d00-4f28-b0d7-4249b34d1d62,roaming_voice,2023-09-24 10:27:32,2023-09-24 11:03:55,2183,,+14603035332,+18877993285,TWR-83526,5G_NSA,,72.6557,rated,0,2023-09-24
c7e0aeb2-aa16-4c2b-bd3d-472acccc6c50,bdb334fe-ed51-4374-9f8b-85057bf315a8,roaming_data,2024-09-21 05:12:24,2024-09-22 04:42:49,84625,56.431,+12801987946,,TWR-60870,WiFi_calling,DE,3684.7302,rated,0,2024-09-21
4ee7ad13-309d-48c0-b8aa-edabf354420b,90689bf3-5491-4703-9d57-e77c19e9d75c,roaming_voice,2024-05-20 20:27:33,2024-05-20 20:52:06,1473,,+12494774683,+13219419323,TWR-47000,4G,GB,31.4157,rated,0,2024-05-20
2e160112-ac10-4db6-842a-9dafd3910e04,997099f9-7864-4391-ad16-aa2a17b335f2,data_session,2022-01-03 20:56:33,2022-01-03 22:41:21,6288,4052.834,+15223070583,,TWR-47711,LTE,,95.1774,rated,0,2022-01-03
3abef175-7c41-44c6-b81d-86a20df5012c,2e91116f-95f2-46b0-beab-486a5c280616,voice_mt,2024-05-17 21:06:41,2024-05-17 22:12:31,3950,,+18402776657,+15546579359,TWR-14857,LTE,,129.753,rated,0,2024-05-17
265069af-f093-4a8c-8248-ac904ef2e6fd,cc2f4306-8ed5-4d0d-8bce-2ae6a2aa7df6,voicemail,2022-02-01 16:23:32,2022-02-01 17:56:26,5574,,+15476843707,+17734068849,TWR-62950,4G,,52.1807,rated,0,2022-02-01
835d0f49-8729-49f0-95eb-b0d46107c550,0a85281a-17db-4532-8232-696b2a1083f6,roaming_data,2024-08-24 05:39:21,2024-08-24 08:10:52,9091,891.005,+17646018245,,TWR-60273,LTE,FR,231.4286,rated,0,2024-08-24
b473ed1f-d33e-41f2-a3cc-f56a9ef3b61b,af741349-a5b3-4b2a-b7b1-779edc34a7ed,voice_mo,2024-10-30 16:56:21,2024-10-30 17:36:47,2426,,+15088346685,+14603379514,TWR-37207,5G,,21.1519,rated,0,2024-10-30
b0d6f21f-2d34-4b69-85ae-c7d24fb762b5,302f29a5-1214-4d25-a28f-a32a6f5a1535,data_session,2024-11-12 18:42:59,2024-11-13 13:50:19,68840,6975.461,+17040456015,,TWR-33753,WiFi_calling,,1306.202,rated,0,2024-11-12
6155bf67-6714-4fc1-b678-4a265ce98f85,e0f4768d-44a2-46f7-a4a4-ceb22aff4307,voice_mo,2022-08-17 01:24:32,2022-08-17 02:27:23,3771,,+14394669714,+15284895410,TWR-80033,4G,,76.9419,rated,0,2022-08-11
aa82589f-3150-4cf4-817e-466b5a8fb3f6,cb0a841b-65b9-4362-8e96-f3f6f8b61510,data_session,2024-08-25 05:00:11,2024-08-25 10:14:36,18865,2060.871,+13348635488,,TWR-32824,4G,,490.5109,rated,0,2024-08-25
988519ba-5f95-4f54-9360-f2fa99fc7b61,cdb52ff2-f767-43de-9861-1124c6a35bbd,voicemail,2022-05-25 11:56:56,2022-05-25 13:25:25,5309,,+12446690583,+12332100548,TWR-45310,3G,,200.4371,rated,0,2022-05-25
ead6fc21-2114-4a0c-bb7b-e103f0349094,2e1e7b8f-5851-4777-8533-bdaf98d4c1a4,roaming_voice,2023-08-19 07:21:55,2023-08-19 08:46:38,5083,,+19257144860,+14993269788,TWR-43663,LTE,,22.449,rated,0,2023-08-19
4dd1eb39-a5c8-4ad5-a982-ecd2edf76472,e079fb15-538f-48ec-bbb6-04f594062276,voice_mt,2024-10-29 13:23:50,2024-10-29 13:36:54,784,,+16613427003,+12692859069,,WiFi_calling,,5.1224,rated,0,2024-10-29
79d4aaac-6e5e-40d5-bfc1-12d8e8be939f,ae93dd4b-85cd-4c60-aa88-05c271d5a01e,sms_mt,2022-08-13 06:44:52,2022-08-13 06:44:52,,,+19166583307,+15977788469,TWR-50818,LTE,,0.0,rated,0,2022-08-13
2f1084c5-1f30-4bd9-9139-6e2db96c7e4d,bf5740b3-57f6-482a-bb88-5244dd8f434f,sms_mt,2023-01-01 16:48:20,2023-01-01 16:48:20,,,+18223591011,+13829670844,TWR-37207,5G,,0.0,rated,0,2023-01-01
6b9c7504-a053-4834-98f9-0f995590f13d,2d524a59-4318-4870-a75d-b3624d030c75,voice_mo,2023-01-23 10:11:44,2023-01-23 11:17:09,3925,,+15952476152,+13610823157,TWR-63652,3G,,55.8938,rated,0,2023-01-23
b19a1ef9-81bc-431b-84f5-e3817ccfdc7d,c7c7bf40-a183-42ee-9e64-a5dd57dc1bc7,sms_mo,2024-12-16 22:40:20,2024-12-16 22:40:20,,,+19607877656,+13871871482,TWR-80599,LTE,,0.0,rated,0,2024-12-16
8c68faab-aa6e-4158-8822-79499483eaf1,7afe768d-bdec-46d6-b071-858da8ead0b9,data_session,2024-11-30 15:40:37,2024-12-01 05:09:36,48539,59.554,+15155443605,,TWR-33462,LTE,,553.7806,rated,0,2024-11-30
4aa3174e-1480-4019-9dfe-152107b867ca,cb0a841b-65b9-4362-8e96-f3f6f8b61510,roaming_voice,2024-10-05 22:48:21,2024-10-06 00:13:44,5123,,+18059330144,+12524475573,TWR-98898,LTE,JP,9.1285,rated,0,2024-10-05
a663d13a-50bc-48f3-97b2-24b9f7430831,f91122e8-a320-4eff-abd2-6a6509e128c6,voicemail,2024-01-16 12:52:07,2024-01-16 14:23:09,5462,,+16869867418,+18966497608,TWR-42731,LTE,,239.2808,rated,0,2024-01-16
eb40ae28-805a-4faf-a27e-131e7e92364b,615962f5-3ea9-4b9e-a677-6ebe88fa0bb5,roaming_voice,2023-10-03 19:13:31,2023-10-03 20:31:23,4672,,+12974295779,+13199877765,TWR-23860,5G_NSA,DE,110.4922,rated,0,2023-10-03
180a9d5b-3bac-4eda-88c9-faa551480683,838b92e0-f368-4c77-b8ad-9abde76fae13,roaming_data,2022-07-04 05:22:46,2022-07-04 09:11:05,13699,3699.38,+14799308522,,TWR-62351,4G,GB,672.2428,rated,0,2022-07-04
4725dde4-8e8f-4184-9abd-09200945b41b,93e0d04d-cb14-4cbd-8389-a187dba9b353,data_session,2023-01-31 00:49:59,2023-01-31 21:05:41,72942,4634.08,+16885698113,,TWR-79299,5G_NSA,,2305.1525,unrated,0,2023-01-31
52b03c76-3db8-47dd-b463-fc53dc032baa,79f296a1-1ec1-49da-a9ab-8d96daca23f9,sms_mt,2024-02-04 16:52:44,2024-02-04 16:52:44,,,+14341171051,+13136071605,TWR-72534,WiFi_calling,,0.0,rated,0,2024-02-04
9d8305f5-e41c-4415-bdf6-7e08ce107cd7,fa29d837-5885-4e66-8a4f-66a4f13bea06,data_session,2022-10-23 12:49:22,2022-10-24 00:21:16,41514,1000.483,+17120352467,,TWR-98785,WiFi_calling,,332.1032,rated,0,2022-10-23
c079ba1d-b835-46e4-ae5d-101b00cbfcab,02363696-bc6a-489e-9f54-4d24aaa91ea2,voice_mt,2023-06-27 00:04:05,2023-06-27 01:04:41,3636,,+16009330029,+18242872953,TWR-47000,3G,,114.9765,rated,0,2023-06-27
a12ce9ef-0192-46de-b815-08455f8605cd,02ca1739-e6ac-46b3-8f6b-75d9fd9f525f,voice_mt,2023-01-15 00:55:44,2023-01-15 02:00:06,3862,,+19336026807,+18260868658,TWR-26926,5G,,162.6687,rated,0,2023-01-15
7617bcfe-b752-4fd9-b366-a8d835a59c4f,bf262a67-9a4a-4b5a-ab26-e8cb80c04362,roaming_voice,2023-01-12 17:28:43,2023-01-12 19:09:10,6027,,+13929037395,+18121091122,TWR-29718,3G,DE,63.855,rated,0,2023-01-12
3e335824-f3d5-4aa7-9301-27a573255d58,1bb3bd6d-933f-4673-ab66-5e612c42d27a,roaming_voice,2022-11-17 21:27:23,2022-11-17 22:23:14,3351,,+16124677297,+17515637860,TWR-10565,LTE,FR,61.7036,rated,0,2022-11-17
8c4ee5b7-46f0-44b4-9e12-33b709585be6,3996be75-ee56-41e0-aefb-d2c7d0472b42,roaming_data,2024-02-02 18:56:33,2024-02-03 03:08:48,29535,5604.523,+18472825192,,TWR-75954,LTE,US,1195.6018,rated,0,2024-02-02
ac4882a3-41d5-458e-9760-1366e32043be,92bf07dd-9d53-4f39-80bf-bbd20b15727c,voice_mo,2023-10-21 18:32:07,2023-10-21 19:37:33,3926,,+12696997711,+16120915539,TWR-96546,LTE,,19.212,rated,0,2023-10-21
bc2b2edc-852d-4e5f-b7b2-b2e939c14164,02db374d-041a-4a4e-9f6d-177dbdbf0cb9,data_session,2023-05-13 16:32:15,2023-05-14 09:55:06,62571,1607.809,+13714631289,,TWR-78603,LTE,,208.0764,rated,0,2023-05-13
1ffcc063-acba-4a20-9437-e3b87b7d6b97,04b25dfe-8338-4cb7-a8ad-9485965c0918,data_session,2023-07-06 01:16:34,2023-07-06 12:18:08,39694,2230.925,+16352907939,,TWR-29718,5G_NSA,,1465.8723,rated,0,2023-07-06
f44c8754-e4b0-4c6f-9ff5-36887129ab61,428424dc-acb8-47e0-a3f7-fa22cb38a4ec,voicemail,2023-04-21 07:25:08,2023-04-21 08:21:34,3386,,+16481387826,+16993892554,TWR-33753,3G,,13.302,rated,0,2023-04-21
1ccef326-77de-4989-bdd3-c655257bc5e7,48049fcc-6812-4c89-83d7-61f6ca59d58f,voice_mo,2022-05-07 01:21:30,2022-05-07 01:22:50,80,,+15051581665,+14206135387,TWR-48793,5G_NSA,,2.3808,rated,0,2022-05-07
f5487708-9676-455e-9dc2-d9ae4c9182df,e1e4cd90-5fb7-4c81-b69e-c0a21460d7ad,voice_mt,2022-07-13 21:31:34,2022-07-13 22:50:18,4724,,+19551323841,+16205730148,TWR-96273,WiFi_calling,,92.5444,rated,0,2022-07-13
a30886c8-d44f-4e74-bf87-b829ad427a6e,666375ed-bda2-4bfd-b80e-d9e5d23b0656,roaming_voice,2023-08-24 01:20:42,2023-08-24 01:26:45,363,,+15002200040,+12327335217,TWR-28731,4G,GB,5.4643,rated,0,2023-08-24
c16544b0-e188-428c-ac56-b91115882756,5fe7d498-8cf0-4f15-ae5f-94c3e437a8fd,data_session,2022-06-01 08:23:39,2022-06-02 05:20:27,75408,3089.915,+14407823029,,TWR-33284,5G_NSA,,3724.1284,rated,0,2022-06-01
0a9bc498-b986-41a7-bd5d-a16764e70ff1,0a33d8a8-8119-43ec-9257-4410e048df2a,sms_mt,2022-10-27 13:19:44,2022-10-27 13:19:44,,,+14588998066,+17633667352,TWR-11461,3G,,0.0,rated,0,2022-10-27
de502936-6542-4a89-9b14-1d7c3bd67d6e,11171052-5f69-43f1-a119-a208c1650107,data_session,2022-11-09 09:15:44,2022-11-09 17:47:07,30683,4731.35,+14344768414,,TWR-78603,5G_NSA,,37.6732,rated,0,2022-11-09
5308d4d1-177e-46cc-9d32-8436c8298c58,ee92bd4a-e39a-4a54-92d4-05dab8701387,sms_mt,2024-06-09 22:55:34,2024-06-09 22:55:34,,,+18381873226,+19891843625,TWR-70647,4G,,0.0,unrated,0,2024-06-09
ff79d4c8-3af9-47cc-811e-3086ba051b08,1c79937d-f741-48b9-9aa4-fa66d0f8f436,sms_mt,2024-06-08 21:57:59,2024-06-08 21:57:59,,,+13273848828,+17974668437,TWR-75948,5G,,0.0,rated,0,2024-06-08
bca8814d-7600-4a1a-bf5a-477d450a2345,0a85281a-17db-4532-8232-696b2a1083f6,voicemail,2022-04-03 03:17:17,2022-04-03 04:00:10,2573,,+12090894428,+19125054369,TWR-83526,WiFi_calling,,16.024,rated,0,2022-04-03
fcae9c05-7d51-4699-a5ed-9e4b6d916839,1e9f3c83-6bb5-44fe-9ab3-50621dcb52ae,voicemail,2024-10-11 06:23:33,2024-10-11 07:02:30,2337,,+17375919779,+12290061979,TWR-81495,4G,,114.7963,rated,0,2024-10-11
e6a8d476-d30e-4521-bdba-77ec08ec3af7,e6eb2a57-ed7a-4aef-8349-7f3df8f08795,sms_mt,2023-05-25 17:41:07,2023-05-25 17:41:07,,,+14318472133,+18008377296,TWR-26301,5G,,0.0,rated,0,2023-05-25
b2145865-d102-4d87-82c3-9a8c89a99566,d1d01d30-d2ea-4f94-a136-8fd1f794e7c4,sms_mt,2024-07-10 06:40:18,2024-07-10 06:40:18,,,+14687778113,+19889938442,TWR-63127,4G,,0.0,rated,0,2024-07-10
77d7fac1-9c07-4726-97b6-f7f47d364061,452a7612-2cd5-4c2f-9bca-b1e2a396a677,voice_mt,2022-05-04 12:50:29,2022-05-04 14:42:40,6731,,+15794596596,+12353063444,TWR-98785,5G,,293.2645,error,0,2022-05-04
97fa3e09-6d1a-49b6-81eb-81f7c9ca8cae,13cd6d12-26f4-4660-a97c-f74778a1f337,voicemail,2023-08-01 14:17:10,2023-08-01 16:04:38,6448,,+16026637020,+17769562626,TWR-62310,5G,,292.8701,unrated,0,2023-08-01
96702395-ff4b-4d95-bcb8-9fb3beb69cfb,20bb936b-58a4-4abf-a5e4-4bc3272ef835,sms_mo,2022-02-18 08:35:34,2022-02-18 08:35:34,,,+18211611865,+18212882292,TWR-14857,LTE,,0.0,rated,0,2022-02-18
02123e1b-33c9-4362-bdb4-a7f0ad84474d,5cd8ba26-deb7-4337-b818-5634514d2f0c,roaming_voice,2022-12-16 14:35:35,2022-12-16 15:34:00,3505,,+14275394181,+17689605479,TWR-98912,5G_NSA,CA,167.4683,rated,0,2022-12-16
ce98282c-6055-44a3-bd79-c6c0ade5a3c7,adbc3f23-1413-43c8-bf5e-58e1f254991e,roaming_voice,2024-01-05 19:44:46,2024-01-05 21:18:15,5609,,+17116176415,+13216632877,TWR-40180,5G_NSA,FR,7.2492,rated,0,2024-01-05
173547e7-c7f7-45ba-9293-ba9f820cb2cb,880a6398-fb1e-49e9-ae47-a8f89092299a,roaming_data,2024-08-03 11:24:09,2024-08-04 00:15:59,46310,3477.442,+16122120241,,TWR-56568,5G,GB,1918.5678,rated,0,2024-08-03
493301f6-bc70-4e58-94f5-b21ca84291f9,62c33d18-6328-442b-b74d-4d63c294e099,sms_mo,2024-08-26 20:18:46,2024-08-26 20:18:46,,,+16153012569,+19074522394,TWR-54139,4G,,0.0,unrated,0,2024-08-26
59c63b02-92a0-4698-a1f0-77bd70919a43,5e522efc-e649-4550-a73a-9f8c37baad89,voicemail,2022-01-22 10:41:05,2022-01-22 10:59:30,1105,,+16269032548,+14871508451,TWR-43582,3G,,42.4236,rated,0,2022-01-22
ca90498b-80c4-4dd8-bff7-e19d5184ccab,a33a1083-b4a5-4da4-a527-a39ac80cf5b1,voicemail,2023-09-03 10:42:01,2023-09-03 10:47:30,329,,+19179052027,+16470982668,TWR-96273,LTE,,13.936,rated,0,2023-09-03
9d5edc27-11c0-4074-abad-ec4c946e4724,8c4e9b22-276b-4def-b311-7f49ab07225c,voice_mt,2023-12-09 14:46:58,2023-12-09 15:05:14,1096,,+18993001880,+16467902434,TWR-33284,LTE,,1.2264,unrated,0,2023-12-09
ec951173-6e1c-41a7-b917-ed82825490aa,b6969ffe-8e9c-4d19-b623-55c8e3a46fd8,roaming_voice,2024-03-09 04:03:44,2024-03-09 05:17:20,4416,,+12957026073,+17519265476,TWR-89203,5G_NSA,BR,4.7962,rated,0,2024-03-09
3748fba2-1a32-492c-8b8c-4607a4afe664,aec2006b-22a8-4516-be15-8e391b3e2abd,sms_mt,2024-07-06 14:56:17,2024-07-06 14:56:17,,,+12039307026,+14295167336,TWR-96136,WiFi_calling,,0.0,rated,0,2024-07-06
34697f6c-40fd-464a-9851-1e73fe8a4f58,360af4ba-36de-4031-a52e-34998089f4c6,voice_mo,2023-03-30 20:06:37,2023-03-30 20:10:32,235,,+14342489791,+17585467688,TWR-89696,4G,,7.4596,rated,0,2023-03-30
128932c6-e327-4a0b-8901-62328b51be31,8f8b8831-ddbc-4270-993f-419c2fa049f4,data_session,2022-07-16 03:12:08,2022-07-16 08:55:29,20601,3822.311,+14246309451,,TWR-53214,3G,,273.1755,rated,0,2022-07-16
2d009f4a-2d5d-4dad-be8f-4585998c9384,abe5e3b7-b195-490b-a157-881b71193851,data_session,2024-07-09 13:50:47,2024-07-10 10:36:29,74742,6836.014,+19046371178,,TWR-35333,4G,,2614.0808,rated,0,2024-07-09
62ea9559-a4d1-4f40-a556-2453c9012ce5,f3d67776-9153-4178-bebe-809482a8cb87,sms_mo,2023-01-16 13:14:08,2023-01-16 13:14:08,,,+13368788005,+15925972230,TWR-26682,5G,,0.0,rated,0,2023-01-16
6ab9c1ac-eaf8-4f67-8cd2-b599d500edd9,f9e729a8-6629-4249-81c2-8f55da8d3a45,data_session,2023-01-10 22:29:02,2023-01-11 19:06:16,74234,6873.287,+12473247234,,TWR-37864,3G,,1257.3568,rated,0,2023-01-10
76368f59-619d-483d-ae85-25c3e8b3feab,8e126ca7-cbbe-447c-a4cf-9743d164c9cc,voice_mt,2023-01-28 01:08:35,2023-01-28 02:59:17,6642,,+14298347514,+16300126026,TWR-19488,WiFi_calling,,153.4585,rated,0,2023-01-28
0af7a87d-c244-469d-9fb0-db9ed34beefc,b2ace032-9593-4842-bd49-0877ce19f8c4,sms_mt,2022-01-18 13:00:14,2022-01-18 13:00:14,,,+14836000779,+13640658633,TWR-57409,3G,,0.0,unrated,0,2022-01-18
649b2cfb-334b-4bc6-8f0b-d649c2f06707,24ba1885-30cc-421f-a4d9-de574b8728c1,voice_mt,2024-08-15 10:09:30,2024-08-15 10:56:30,2820,,+17608045288,+13326130533,TWR-54408,4G,,108.8195,rated,1,2024-08-15
50a26761-f817-41dc-8ce9-8d1061c2d2b3,5c23ec16-7019-4682-9100-369b0e19ee88,voice_mo,2022-12-19 13:58:09,2022-12-19 15:57:10,7141,,+19319953379,+14070347606,TWR-65265,5G_NSA,,78.3363,rated,0,2022-12-19
0b590a2c-6030-49ac-9860-43f7e3dd2403,d3d61fb3-21d7-4733-a485-0b930bc41364,data_session,2024-03-26 04:50:11,2024-03-27 00:45:42,71731,5436.422,+17875630382,,TWR-75948,WiFi_calling,,141.6764,rated,0,2024-03-26
8b4b3ec4-9ae3-4ddd-a8fd-0c2d7e40865c,4ce66bd7-b01f-4bdc-9bf0-549ad9d49e1e,data_session,2023-06-10 15:13:59,2023-06-11 01:38:54,37495,3478.19,+14468590925,,TWR-65760,3G,,822.0573,partial,0,2023-06-10
b888bc0d-8474-40b6-bf27-7c6ce89288ac,51dfa952-c9de-4f56-95b6-be399b3ea80c,sms_mo,2023-02-25 11:46:23,2023-02-25 11:46:23,,,+18166146465,+12221574162,TWR-65760,5G_NSA,,0.0,partial,0,2023-02-25
6924b6a1-42ab-4974-ac12-8d52be05f3e0,a1866c88-3847-4507-9d66-cf0dae97c8e4,sms_mo,2023-06-23 21:47:12,2023-06-23 21:47:12,,,+12808893688,+12831372551,TWR-98381,LTE,,0.0,unrated,0,2023-06-23
a631dea9-e0c1-4a55-a725-2aca6c8bc795,305e205d-a3a4-4365-b9b9-b77ce7594eff,roaming_voice,2022-06-20 19:34:07,2022-06-20 21:04:26,5419,,+13747472863,+18812045965,TWR-38652,WiFi_calling,BR,246.5159,rated,0,2022-06-20
aa9fd728-b46d-4c65-967e-9b3162a92b4b,63a9771d-87cc-4fa5-ac24-bc836021bbb0,voicemail,2024-03-10 23:59:14,2024-03-11 00:53:32,3258,,+15840670812,+12334245437,TWR-91089,LTE,,43.5515,rated,0,2024-03-10
fccceedd-f33f-43d9-80c4-13d3f8fe744f,94c3ce78-5df7-4904-8439-1eb5ab524ea5,sms_mo,2022-06-28 19:38:53,2022-06-28 19:38:53,,,+19076947601,+17683941691,TWR-83131,3G,,0.0,rated,0,2022-06-28
94f35170-a844-4f4d-8ed7-29d2ca8cae84,22df07e6-55d8-4120-951e-d0cbf8239fbb,roaming_data,2022-10-30 20:32:46,2022-10-31 13:39:24,61598,3768.595,+19700799436,,TWR-91089,5G_NSA,,2787.8423,rated,0,2022-10-30
0ae310f4-0e7a-4504-8520-e42408d44c0d,e348ee52-dcf4-4d78-b3e8-65439913cdc3,sms_mo,2022-12-16 04:17:39,2022-12-16 04:17:39,,,+15290269040,+13498638423,TWR-20502,4G,,0.0,rated,0,2022-12-16
38fa4882-b55f-4a05-a943-e790409367de,94f1ee3d-a9c3-4493-97af-9b24ede51ce0,voice_mo,2023-05-08 13:23:10,2023-05-08 14:55:07,5517,,+15392690584,+18729158316,TWR-75954,WiFi_calling,,17.7489,rated,0,2023-05-08
054c904a-4f1f-4542-9f3c-78480e3b1ec0,65a26c8c-56ed-4388-92f4-5389bf428f43,voice_mt,2022-12-24 22:51:34,2022-12-25 00:33:53,6139,,+18403416629,+16721182533,TWR-59784,LTE,,232.2421,rated,0,2022-12-24
0c4e912c-3cec-4558-a885-a5f2858e2ab2,e351ed73-44da-4280-98d8-277632119bfd,voice_mo,2022-07-01 13:55:18,2022-07-01 15:36:27,6069,,+13799188703,+16338997599,TWR-11461,5G,,100.6013,rated,0,2022-07-01
73bbd22b-448e-43f5-b4c4-9c38470c82d4,681fab55-0944-4960-93e8-6208b05ad36a,roaming_data,2024-02-12 19:48:14,2024-02-13 06:34:55,38801,676.999,+12578720245,,TWR-24390,5G,FR,572.2638,rated,0,2024-02-12
8e781907-e1fc-48c1-be2a-2c0184bd6b9c,f926aab3-c048-4300-bf0a-640187d09966,voice_mt,2024-02-20 06:27:43,2024-02-20 07:57:00,5357,,+16006044476,+17058611837,TWR-10998,4G,,245.8492,rated,0,2024-02-20
625e85bb-e89b-4f38-9310-a6be75c1b89e,8d844f88-1d51-4dc4-933d-e6a7a200455c,voicemail,2022-04-29 16:00:15,2022-04-29 17:24:24,5049,,+15544098265,+17873696316,TWR-33281,4G,,159.9401,rated,0,2022-04-29
201a2226-8ffa-41d5-874f-d5103d53186d,e348ee52-dcf4-4d78-b3e8-65439913cdc3,data_session,2023-11-16 11:08:40,2023-11-16 21:54:13,38733,2195.573,+17056067824,,TWR-98909,5G_NSA,,54.1025,rated,0,2023-11-16
2c9016c1-a160-4745-a52f-3ecc68e26970,559d985f-96d8-420f-8a93-6c13aecf6bea,voice_mt,2022-12-03 16:55:18,2022-12-03 17:28:44,2006,,+12824089362,+14795459396,TWR-29072,5G,,30.9983,unrated,0,2022-12-03
bbca336b-172c-4145-8c5e-962b853cadf6,86169115-3133-44fc-9f64-59e34a512c22,voice_mt,2024-02-24 10:19:42,2024-02-24 12:07:57,6495,,+13543439306,+16170516485,TWR-26682,4G,,269.5343,rated,0,2024-02-24
06f3e56d-bf93-4a0a-8aa6-476ac09e0333,669e3ee0-3a38-4a0f-b100-7c9a92320758,sms_mt,2022-12-29 02:17:27,2022-12-29 02:17:27,,,+12565741725,+16369627183,TWR-72409,5G_NSA,,0.0,rated,0,2022-12-29
1adca8f3-e938-4dbc-ac1f-1cd6c49dd976,c0260afc-881d-4d47-863a-365ced2b87a2,voicemail,2023-09-25 20:42:20,2023-09-25 22:15:56,5616,,+15943134184,+16635553231,TWR-59784,5G_NSA,,197.6878,rated,0,2023-09-25
1176fb15-d9e7-475a-8810-b152258f45c1,879fceea-4132-456c-a4e1-1b47198d0236,roaming_voice,2023-06-12 15:43:53,2023-06-12 16:11:42,1669,,+12618249960,+16121454993,TWR-59906,5G_NSA,,38.1234,rated,0,2023-06-12
8e17786a-8481-4381-8dca-88b249c9976d,4434a984-034c-49c1-9043-86052ddc8cc3,voice_mo,2024-06-25 14:50:11,2024-06-25 15:13:55,1424,,+18909778859,+14712877146,TWR-42918,WiFi_calling,,9.9407,rated,0,2024-06-25
4722310c-781b-426e-8253-ae89f4360f81,7895e9b1-3079-4866-b655-cc092f7cbbfb,sms_mt,2023-04-22 00:24:02,2023-04-22 00:24:02,,,+18489198266,+13040746594,TWR-27464,5G_NSA,,0.0,rated,0,2023-04-22
d5c1edd9-bbe0-4459-b44c-f1f28023f1a6,47e12748-8353-40d0-abad-0a4f3f7466c3,data_session,2022-02-04 06:26:44,2022-02-05 03:31:35,75891,5145.823,+19684000861,,TWR-16726,5G,,1465.7584,rated,0,2022-02-04
79c5c3c1-da41-4691-98a5-b7d9ebb040aa,fb59806a-de6f-41d9-a6c0-dc75b768f0bf,roaming_data,2022-05-08 13:20:35,2022-05-08 15:10:39,6604,3236.41,+16132657888,,,LTE,DE,241.4576,rated,0,2022-05-08
14ad7272-90df-43b9-af36-731554faa0a6,81c6db5c-396b-48e6-a214-e9142562cb95,voicemail,2023-01-19 08:01:55,2023-01-19 09:09:22,4047,,+18493774773,+18030600233,TWR-31077,LTE,,84.7385,rated,0,2023-01-19
7ec2fb81-cec2-4ac2-808e-a63a10999fcf,0f6f1a30-0299-48ac-96f4-7c5f6d6e7a80,roaming_voice,2023-01-23 09:11:22,2023-01-23 10:00:06,2924,,+13250320075,+14136526322,TWR-48793,WiFi_calling,US,122.0838,rated,0,2023-01-23
dd6960ea-c441-4095-8ec4-c4fdd0965b9e,68ff36f0-b963-42b2-91b4-09d1c1edb776,voicemail,2024-12-10 01:09:29,2024-12-10 01:50:20,2451,,+19671081667,+14413196343,TWR-26682,3G,,87.9253,rated,0,2024-12-10
b789271b-e0c2-4f7d-a01b-036734ad3cf1,4b860a57-d3b1-42fc-9579-b3cee830df02,roaming_data,2023-01-28 02:40:33,2023-01-29 00:35:59,78926,2145.135,+12326904311,,TWR-83526,LTE,CA,2438.5863,rated,0,2023-01-28
b9230808-c034-4137-9840-e9e2cb1cfee7,ced4396d-7f8b-46af-b508-13d3702ceb53,voicemail,2023-02-23 08:21:30,2023-02-23 08:39:40,1090,,+16234638582,+16341766466,TWR-71477,3G,,53.1424,rated,0,2023-02-23
7893a51d-b2db-41c5-82b4-4dc9bf62d55a,16d52506-3ffc-4f8d-8499-6c8a6b16e8e4,voice_mo,2022-01-18 21:11:01,2022-01-18 22:14:06,3785,,+18695189602,+14853828144,TWR-95764,4G,,175.5208,rated,0,2022-01-18
e98ee008-4786-4c08-a1c5-5a22a4e2fafa,86b07369-fab5-4238-9fd1-01ae7b668cd2,data_session,2022-03-26 15:13:04,2022-03-26 22:58:18,27914,6217.708,+15980921350,,TWR-59784,3G,,1032.5539,rated,0,2022-03-26
3d041284-34dc-478e-8f26-366eda233377,b5ccd1c6-60d1-4375-baa1-7bf52094c8fb,sms_mo,2024-07-14 23:44:43,2024-07-14 23:44:43,,,+17385663126,+15619954148,TWR-70647,LTE,,0.0,rated,0,2024-07-14
67684832-f5f0-4f90-9a03-8cac27a7c263,8d4c45ce-8bb1-4367-8717-06657ab2a657,data_session,2022-07-03 14:48:36,2022-07-03 15:24:44,2168,3784.572,+14429924202,,TWR-80599,5G_NSA,,4.4526,unrated,0,2022-07-03
c5091886-ef74-46a9-8f41-4da406d4a0f6,ff6eea5e-7b14-43e8-aad8-966e9c8f34ba,sms_mo,2022-07-06 04:26:21,2022-07-06 04:26:21,,,+12894130493,+16755926594,TWR-29959,4G,,0.0,rated,1,2022-07-06
4725f733-82ba-4949-9223-9db146d222dc,4b8ae5bc-ce69-4a51-9300-b131117e03d5,voicemail,2024-08-20 16:49:28,2024-08-20 17:56:13,4005,,+12750876034,+14620478633,TWR-33753,5G,,10.4787,unrated,0,2024-08-20
ba4cbf78-4b0b-4a08-bb95-338900917b0e,d95303aa-02e5-4705-8546-73c892e0861f,sms_mo,2023-09-24 03:47:08,2023-09-24 03:47:08,,,+12536095004,+15471735342,TWR-84306,3G,,0.0,rated,0,2023-09-24
3e621a19-5a49-4f42-b9b7-bff95a27815d,f9d9dc52-eb72-4359-9ce5-b2528adb3d47,data_session,2024-10-06 10:08:03,2024-10-07 09:15:01,83218,4647.236,+19053572842,,TWR-36224,4G,,178.6214,rated,0,2024-10-06
dee0f224-976d-4931-9587-726f35febdba,ba95fd96-25db-41d8-aeff-07bf2d4fb3bf,voicemail,2023-05-06 12:13:30,2023-05-06 12:29:37,967,,+12151616134,+17732446852,TWR-50818,WiFi_calling,,24.3711,rated,0,2023-05-06
710dd639-36e3-416a-a2ae-7af99ee3bd82,3932fe48-f70b-4a2a-9481-8517dfe7f9f6,roaming_data,2024-05-09 22:10:14,2024-05-10 02:39:26,16152,5605.91,+13131473336,,TWR-96546,3G,CA,106.1693,rated,0,2024-05-09
c23fee25-7de0-42c9-90a7-803b15c0e28c,bf5740b3-57f6-482a-bb88-5244dd8f434f,data_session,2022-09-12 17:48:44,2022-09-12 18:01:04,740,3556.381,+15059265604,,TWR-59410,5G,,21.4628,unrated,0,2022-09-12
f2bb00ff-14ad-4ac7-a797-0cc762c3695a,0c8f9678-a722-4bcf-aef2-24978637a1b1,roaming_data,2022-12-21 02:41:24,2022-12-21 20:19:58,63514,5897.494,+16794303458,,TWR-68061,LTE,JP,2632.3042,rated,0,2022-12-21
a9829f16-39a6-46d0-9c83-d780431e02be,e58f987b-b929-48f5-86fc-6fd6c6960e8b,voicemail,2024-04-03 05:43:27,2024-04-03 05:48:34,307,,+14900910526,+16266663978,TWR-53214,5G,,2.0534,rated,0,2024-04-03
3cff23fb-6c47-435c-a150-55fb2ea2f569,615ce6b1-5926-4fa9-a23c-a64223022e0a,voice_mo,2024-12-13 07:10:59,2024-12-13 08:17:56,4017,,+17012520594,+17600870405,TWR-20874,LTE,,10.329,rated,0,2024-12-13
c3f24930-da25-404d-81c6-20a84b9cfdf8,575861a6-f7b3-4d13-b556-edbe8d47924f,roaming_voice,2022-04-09 14:39:54,2022-04-09 15:16:10,2176,,+13965332518,+17185827934,TWR-26301,LTE,US,51.6368,rated,0,2022-04-09
b5ef57ee-bd94-4010-a73e-49b0c035b2e1,9ec998a9-c4ab-4a24-9c47-8b724bbb9565,roaming_data,2024-10-07 11:23:34,2024-10-07 12:37:55,4461,4010.157,+18617819751,,TWR-75697,5G_NSA,CA,203.0559,rated,0,2024-10-07
5f0409ce-e76e-46d4-8f31-422733ddae7e,10011cdc-1be7-4031-b209-5a2cb131be30,roaming_voice,2022-07-19 02:18:57,2022-07-19 02:44:04,1507,,+18098468092,+16549450128,TWR-58889,4G,,3.5278,rated,0,2022-07-19
cfe62e3f-6b66-429e-bbab-daa4fad97c7f,607990e9-70ca-4689-9c92-fa5347ba704b,roaming_voice,2023-05-05 01:45:46,2023-05-05 02:05:44,1198,,+13305239162,+18365969332,TWR-43761,5G,DE,39.3029,partial,0,2023-05-05
969e4b23-8c71-473c-a3c4-f7fe4f3d3a07,46925d50-563a-44be-9f1a-6018f7dfe9ff,data_session,2022-02-07 14:25:35,2022-02-07 21:19:05,24810,1396.548,+14168230591,,TWR-32824,5G_NSA,,1192.7044,rated,0,2022-02-07
c3ee7fc1-8d23-4342-95b7-7302ed2cafaa,922f4c01-9994-4972-8411-0e77697d89c5,voice_mt,2023-03-28 23:21:39,2023-03-28 23:29:29,470,,+12132928070,+12578446888,TWR-90375,5G,,2.8857,rated,0,2023-03-28
b0d0c6bb-daca-4ed9-a291-31c0399bd164,5cd8ba26-deb7-4337-b818-5634514d2f0c,sms_mo,2024-07-05 01:35:56,2024-07-05 01:35:56,,,+16567904627,+16629155892,TWR-29072,5G,,0.0,rated,0,2024-07-05
72bf67d2-55f1-4780-8e32-03dd76046a6c,c72ab6c8-4e87-4369-a384-5672cd7b8b7d,voice_mo,2022-10-03 02:08:06,2022-10-03 03:22:27,4461,,+17580160167,+17463982164,TWR-79574,5G,,98.1352,rated,0,2022-10-03
f07b243e-a8b4-4a7b-864c-ba445d897ac5,ee678b35-d259-4f70-8f87-f9e2f6a3d6e0,voice_mo,2022-11-24 12:24:33,2022-11-24 12:45:33,1260,,+12004834782,+13365040101,TWR-58889,WiFi_calling,,9.9636,error,0,2022-11-24
3f463864-1985-4f75-8e8e-5f0816507a70,4c7ee18e-ce5b-490b-9ae0-9378aa5cddcb,data_session,2024-12-19 14:03:25,2024-12-20 08:03:17,64792,2055.025,+14264431213,,TWR-48793,WiFi_calling,,301.9656,rated,0,2024-12-19
f7270a58-0aa6-4f41-b094-ef0755f25c56,3802c697-cc3b-479c-9d2b-ce9b7870944b,voice_mt,2023-09-22 19:30:20,2023-09-22 21:01:40,5480,,+13424528842,+16430180882,TWR-98898,5G,,170.7251,rated,0,2023-09-22
0df28c87-5062-4fb0-8bd1-84ddf628c4c1,8bbfb1e7-5d4a-442e-86d0-b0bc1767b9b9,voice_mt,2023-10-31 09:15:48,2023-10-31 11:11:54,6966,,+16717317620,+16290757029,TWR-64619,3G,,39.2794,rated,0,2023-10-31
16c87c6d-569a-48d4-984a-0be016437dfa,70d09d38-9c2b-4865-b849-fd6e1c616e84,roaming_voice,2023-01-07 16:42:22,2023-01-07 16:49:32,430,,+15510982434,+13783141945,TWR-75697,LTE,GB,15.8582,rated,0,2023-01-07
166b6799-3ab0-4c87-88d8-8522d6dab9ef,e29f9150-2c96-4ebb-88cc-a294175bbc4f,sms_mo,2024-09-09 01:57:14,2024-09-09 01:57:14,,,+17042885652,+14510710066,TWR-31077,4G,,0.0,rated,0,2024-09-09
7e5e372b-2f02-47dd-b392-7b4e20d92b07,5cc5d358-0b28-4434-bd40-4d32438b81a7,sms_mt,2024-08-31 19:22:29,2024-08-31 19:22:29,,,+16226009927,+12531482270,TWR-64272,4G,,0.0,rated,0,2024-08-31
4c03d70c-fe9a-49da-8e17-3cf6fcd807c2,615962f5-3ea9-4b9e-a677-6ebe88fa0bb5,voicemail,2024-12-13 01:39:53,2024-12-13 03:20:27,6034,,+13878547237,+19111259198,TWR-32437,3G,,133.9624,rated,0,2024-12-13
50c16b38-9377-4a18-902c-60147649bf49,cfc0f88a-e0ff-4163-82f1-b279790dba0d,roaming_voice,2022-09-25 09:29:49,2022-09-25 09:54:28,1479,,+16387453238,+17436901440,TWR-54151,WiFi_calling,US,70.7176,rated,0,2022-09-25
eed2c100-6764-44bf-a025-b86a3e06aa7a,fa4f10a1-919c-436e-880e-8f5fcec04c3d,sms_mt,2023-09-30 14:31:34,2023-09-30 14:31:34,,,+14441160662,+18663687530,TWR-42562,5G,,0.0,rated,0,2023-09-30
7b7deba5-144d-4a52-a1d5-6fe24a65e75c,81232510-10c8-4416-aa36-2e3e6f04b1ab,voice_mo,2024-06-03 18:55:16,2024-06-03 20:26:59,5503,,+15552479446,+18824480748,TWR-35907,5G_NSA,,260.3338,rated,0,2024-06-03
3fd95605-cb44-4d59-a3fc-f57a97c47ec3,3fc600ae-60f5-4c1d-9b20-9b39062b3f01,roaming_data,2023-08-19 10:02:58,2023-08-19 10:34:45,1907,4342.696,+15746239975,,TWR-65760,LTE,IN,69.0107,rated,0,2023-08-19
0514e95d-68b3-4944-b68d-8f20b428c388,8c39bf21-e501-4e08-82dc-0c2b8b5dc000,sms_mt,2023-10-07 20:16:37,2023-10-07 20:16:37,,,+14921873329,+19519661059,TWR-43761,5G,,0.0,rated,0,2023-10-07
4c2748ad-5e0c-4576-8d5c-87d281bd39f2,10709baa-3686-4f8e-8b28-2516966c98fa,voice_mt,2024-08-08 03:05:02,2024-08-08 03:28:03,1381,,+14469935521,+15614219605,TWR-47711,3G,,48.2469,rated,0,2024-08-08
8f75623c-e708-4a56-b61c-09cbd1558f66,c17bed6f-82a6-4fd4-9006-26f0e883b087,voicemail,2024-05-17 15:22:20,2024-05-17 16:29:32,4032,,+13818120285,+18895574571,TWR-16249,LTE,,97.4083,rated,0,2024-05-17
9c450943-50a9-4b8d-aa11-296f8a4df57a,bf981410-124d-44ac-a34e-a52a0fad394c,voice_mo,2024-06-13 07:16:37,2024-06-13 07:23:02,385,,+17005228671,+18672951238,TWR-57409,3G,,2.1472,rated,0,2024-06-13
ab0a4953-7799-4ebe-a575-27c7358610a0,f5a626cf-3678-48c3-85bb-967bd178fb46,sms_mo,2022-12-17 10:07:07,2022-12-17 10:07:07,,,+15300992177,+17532935457,TWR-22145,5G_NSA,,0.0,rated,0,2022-12-17
f927a632-99ac-4b1a-ba9d-bd49765c179e,77bcfbe9-4eea-4fe6-b4be-f258baf13a05,voice_mo,2023-08-29 14:29:04,2023-08-29 15:10:55,2511,,+18932291374,+16824272274,TWR-14927,WiFi_calling,,59.3237,rated,0,2023-08-29
9aba41b4-3e3f-4e9f-8e4f-7cb9c925ccad,90572b34-cbec-48c8-9a2f-41cf4fb16030,voicemail,2023-03-04 00:28:54,2023-03-04 02:09:04,6010,,+14096416483,+12776064286,TWR-32499,LTE,,175.929,rated,0,2023-03-04
7fbd7e43-058c-4585-852a-34f24d240040,0c1a825f-772a-4ea1-91af-24acfba80306,voice_mo,2023-06-10 21:14:57,2023-06-10 22:19:48,3891,,+18896971222,+13672113018,TWR-70566,3G,,159.5549,rated,0,2023-06-10
bdcdd879-6a66-493a-9178-f45d63d61bbe,c0bfe1a2-3d90-44f3-a911-40c697b95fc4,data_session,2024-03-15 22:22:42,2024-03-16 01:21:13,10711,3098.646,+15521013856,,TWR-50718,WiFi_calling,,313.1808,error,0,2024-03-15
a8a1118a-b9fc-4e00-85d6-5f9ac64c8b15,7bf33d7c-e999-4f31-9096-397fe348d431,voice_mt,2022-09-05 18:59:27,2022-09-05 20:35:25,5758,,+16566425448,+17192509846,TWR-33071,5G_NSA,,101.7681,rated,0,2022-09-05
c8957310-c75e-4ea8-bc3e-6c03833d5e17,d8ee3290-f2c0-4696-90a0-df51c219e801,sms_mo,2024-03-05 18:20:54,2024-03-05 18:20:54,,,+12553537173,+17422342655,TWR-23860,LTE,,0.0,error,0,2024-03-05
7102737e-1371-44b6-b6a2-51f6e0f6f3db,fa4f10a1-919c-436e-880e-8f5fcec04c3d,roaming_voice,2024-10-03 20:08:05,2024-10-03 21:59:49,6704,,+12935050162,+14668704868,TWR-56861,5G,FR,94.8307,rated,0,2024-10-03
067111ab-fd0a-4f16-96c4-8856f1bb7fb4,faacebfc-3771-435d-bd00-28037d3215ba,voice_mo,2022-08-12 22:39:06,2022-08-12 23:37:25,3499,,+18246133337,+15156289511,TWR-52021,3G,,20.4425,rated,0,2022-08-12
20125353-0bb3-4771-ba73-534dcb32b963,efd9db89-8b90-4969-8c57-e7bf2234447d,voice_mt,2022-07-13 08:19:25,2022-07-13 09:00:45,2480,,+13266776748,+17963316737,TWR-48408,5G_NSA,,57.6793,error,0,2022-07-13
b2d9fc27-80f3-4f7f-9db6-d25a90a6dc84,a1cd6938-488b-4c2d-a8df-3c77cdb0418b,voice_mt,2023-11-02 09:54:06,2023-11-02 11:28:06,5640,,+19816805042,+13361410691,TWR-79574,5G,,265.0983,rated,0,2023-11-02
316acfa0-a0eb-4da2-beb1-808317ea2ff2,89336f7d-8008-459f-8a98-d4205a9f38d3,roaming_data,2023-09-17 03:11:09,2023-09-17 19:36:03,59094,5096.501,+13620679938,,TWR-24390,4G,US,437.1268,unrated,0,2023-09-17
d0a601cd-1ec8-48a9-af52-6cedc179a730,10da0a94-e13b-4a27-a88c-f9f2f261422b,roaming_data,2023-05-07 20:58:58,2023-05-08 07:32:52,38034,3951.299,+15642213053,,TWR-14857,5G,DE,1533.8466,rated,0,2023-05-07
8d92f827-c235-4451-b5c2-48cbbc23a34f,3a69d4fd-dbf3-4ef1-b71c-9eb44f96cfea,sms_mt,2023-11-16 12:34:21,2023-11-16 12:34:21,,,+18603395245,+13206753288,TWR-20502,5G,,0.0,rated,0,2023-11-16
229b3a87-847b-4eae-843b-a8165d8d8bed,1a8c7ecc-e798-44d3-a936-8b4acf2e06f2,sms_mo,2023-10-16 07:04:01,2023-10-16 07:04:01,,,+19834001041,+16388392022,TWR-74130,WiFi_calling,,0.0,rated,0,2023-10-16
9ac8b258-7301-464e-9024-105261753642,8def7998-25dd-4075-b173-c6c0a7c5d208,sms_mt,2024-01-09 11:02:34,2024-01-09 11:02:34,,,+13727460407,+14817790320,TWR-10742,WiFi_calling,,0.0,rated,0,2024-01-09
1bbcf009-0ad3-4fc5-b191-c6b0583dc7ea,fdf879a5-2e4f-43f8-a329-809ce0df7bc2,voice_mo,2024-08-07 21:43:10,2024-08-07 22:22:40,2370,,+12734730226,+17980930080,TWR-50818,LTE,,74.4495,unrated,0,2024-08-07
15a611ef-6b1c-497c-9e8c-833684c236d3,e6e12810-f9af-49a6-b06f-27bdc12c44f5,voicemail,2022-06-24 19:02:45,2022-06-24 19:13:05,620,,+19067083784,+17311371864,TWR-93894,4G,,19.589,error,0,2022-06-24
2e92937c-fe0f-42ca-b402-862bad68e237,0a1a474c-a8a3-451a-8af3-e8e73e96cf21,sms_mo,2022-04-28 00:49:25,2022-04-28 00:49:25,,,+16025425953,+16440340920,TWR-79299,WiFi_calling,,0.0,rated,0,2022-04-28
55e44ff7-ebda-447d-afec-3b04cfbfddfa,e1fc7f48-d38e-4a87-b6f2-89642374fb24,sms_mt,2023-09-28 04:32:42,2023-09-28 04:32:42,,,+12129874243,+19928597149,TWR-71477,5G_NSA,,0.0,rated,0,2023-09-28
c17605a1-113f-4f0b-95ad-317d37b6fba7,9d68fc09-7e14-4887-8662-ebfd8d378019,voicemail,2022-08-27 11:50:00,2022-08-27 12:24:37,2077,,+19052534931,+17115384001,TWR-21508,3G,,17.5961,rated,0,2022-08-27
bd3a643d-cb83-4203-bc31-574a793d144d,1a8c7ecc-e798-44d3-a936-8b4acf2e06f2,voice_mt,2022-04-28 22:42:40,2022-04-28 23:59:24,4604,,+19398233602,+14478375162,TWR-63516,WiFi_calling,,62.342,rated,0,2022-04-28
c2e44719-7e1b-41c5-b1c9-dc8ce20053a6,70f98024-6bb3-4af3-a78d-fe2f8e37f465,voice_mt,2023-03-25 13:58:47,2023-03-25 14:26:41,1674,,+17146808332,+16016600239,TWR-65732,3G,,24.1021,rated,0,2023-03-25
71cc4ab9-472d-4fbc-b958-7a12bf86ca27,c8e83342-9f0e-46b8-8fd0-e4b99b861e8f,voice_mo,2024-05-24 19:45:08,2024-05-24 21:19:03,5635,,+13046344804,+12560306455,TWR-38288,5G_NSA,,76.8765,rated,0,2024-05-24
02efe3be-353e-411c-a9a3-75e1a4f4b845,3aef20d1-e77b-451a-a959-f9f7465e69d8,voicemail,2023-08-27 05:34:01,2023-08-27 06:21:46,2865,,+14532804963,+14000737579,TWR-79299,3G,,53.9357,rated,0,2023-08-27
0ce839eb-e5ca-4fbb-9554-7f5c0f408e05,94f1ee3d-a9c3-4493-97af-9b24ede51ce0,data_session,2022-03-11 21:24:07,2022-03-12 01:26:04,14517,1187.352,+14830805454,,TWR-11461,5G,,684.6173,rated,0,2022-03-11
21912fa6-8575-469e-8c3c-bd043bf77983,75ba55b2-b76a-4e11-9296-fcb21c67532b,sms_mt,2023-06-28 06:54:43,2023-06-28 06:54:43,,,+13926544039,+15658082202,TWR-47000,3G,,0.0,rated,0,2023-06-28
e9e03d23-6880-4db0-9b17-689cbb1667e0,df61c35b-e4c2-45aa-92ba-789f48c0b8ac,roaming_voice,2024-01-26 21:06:17,2024-01-26 21:25:26,1149,,+13601632983,+19679641450,TWR-51147,5G_NSA,JP,53.9649,rated,0,2024-01-26
7ef8abb5-4966-4075-87ae-aabe1d7f1de0,2e91116f-95f2-46b0-beab-486a5c280616,sms_mt,2023-11-19 06:45:33,2023-11-19 06:45:33,,,+16987729918,+19430161909,TWR-42731,5G,,0.0,rated,0,2023-11-19
ae67e83a-2c7d-432c-9e2e-fb018a22349a,05d0c6b7-c6d7-4e76-966c-d1e3fa11408b,voice_mt,2022-02-27 09:50:54,2022-02-27 11:11:29,4835,,+12246205400,+15301234218,TWR-75948,5G,,204.9371,rated,0,2022-02-27
239aae08-5838-4d70-bff2-a00a086a5009,5fe7d498-8cf0-4f15-ae5f-94c3e437a8fd,sms_mt,2022-01-14 21:06:15,2022-01-14 21:06:15,,,+15739702341,+14376612934,TWR-60870,LTE,,0.0,rated,0,2022-01-14
05fbe188-b5b3-4d29-9f4e-b3b81d08c004,1db715e0-22ae-4680-b1c3-48ab279f4742,sms_mo,2024-03-04 17:35:26,2024-03-04 17:35:26,,,+17149315393,+12240940044,TWR-66481,5G_NSA,,0.0,rated,0,2024-03-04
c26074ef-02fc-473e-9a2b-783b4721d258,fbc79e00-1e29-4588-89c4-243267e78c26,sms_mo,2024-06-26 10:04:51,2024-06-26 10:04:51,,,+13651474974,+19271485119,,5G,,0.0,rated,0,2024-06-26
29dbd33d-c44f-4172-8154-349d74efeb2c,cff86678-fe6d-4d32-973c-75c606488a79,voicemail,2023-06-26 04:47:13,2023-06-26 05:01:33,860,,+12358444636,+13692349543,TWR-59906,5G_NSA,,20.5439,unrated,0,2023-06-26
387114e7-a2c9-4d3d-82ef-146014f2da61,3aac240c-7c9d-4f03-85c7-98b45d62bd2f,voice_mt,2022-07-22 21:04:01,2022-07-22 21:38:20,2059,,+19575117821,+18240474675,TWR-38288,4G,,68.1852,rated,0,2022-07-22
094f8747-e3ea-4976-8af4-349cf15673fa,2bba413d-0f98-4f7d-ac5d-4e5808bbf779,data_session,2024-11-06 00:32:14,2024-11-06 00:33:42,88,2576.906,+18968603211,,TWR-97532,LTE,,0.637,rated,0,2024-11-06
b4dc70a3-fc0d-4319-9af2-c8f9cb08f2d2,9ba054b5-c833-43a8-b073-120fba9daae9,roaming_voice,2024-08-01 20:08:30,2024-08-01 22:08:23,7193,,+18242092259,+14576032564,TWR-54151,5G_NSA,CA,177.2325,rated,0,2024-08-01
16d51cd7-c6f0-414e-ba47-5b996a2e4b9c,11171052-5f69-43f1-a119-a208c1650107,voicemail,2023-01-15 10:59:01,2023-01-15 12:13:28,4467,,+17458535793,+19512332057,TWR-91778,LTE,,185.6365,rated,0,2023-01-15
a881eb89-4033-4f06-a5aa-83f87c7e94fc,f845fff1-822f-4470-ac21-dcba84f9f0c8,voice_mt,2022-09-30 01:42:58,2022-09-30 02:20:22,2244,,+12377842119,+18170178230,TWR-33462,5G,,68.5137,error,0,2022-09-30
4e586eaf-fe9f-4796-beab-583dec199387,f905d4a9-a60b-4783-87e1-b3ff4c9191bc,voice_mo,2022-03-14 04:12:18,2022-03-14 04:21:52,574,,+17877010999,+15899913553,TWR-32824,4G,,22.9593,partial,0,2022-03-14
cc2a074d-0843-41c5-9672-beeea3a92c13,68e49535-e215-4b86-a7d2-3cc30218c4f3,roaming_voice,2022-09-23 04:53:56,2022-09-23 05:42:40,2924,,+16895915900,+16839560346,TWR-54408,WiFi_calling,IN,100.879,error,0,2022-09-23
80fe8508-d44d-47c4-b689-96f0b912ff56,29188a2f-5e46-4b0c-8a94-7b0087f438e8,voice_mo,2024-01-11 09:34:41,2024-01-11 11:19:57,6316,,+12570407167,+15374333488,TWR-38353,LTE,,82.4102,rated,0,2024-01-11
7e045e5a-189c-44f4-b646-fdadac2fa7ac,f7118a62-ea7a-4d8e-a7b9-14c611d59b03,voicemail,2024-03-13 07:47:11,2024-03-13 08:38:42,3091,,+18163578329,+14059793960,TWR-60273,4G,,139.472,rated,0,2024-03-13
2f119666-2377-4edb-9aab-bdd99f84e335,26121129-b214-4c39-9a48-aac2fe9da1db,voice_mo,2022-04-08 05:08:28,2022-04-08 05:20:38,730,,+17413785058,+14722357870,TWR-16726,5G,,26.6102,error,0,2022-04-08
1f87db53-5a65-448b-b651-27611aea7523,123aae1f-f97d-408a-8212-aa8fe07ae1be,voicemail,2022-09-30 11:04:36,2022-09-30 12:15:03,4227,,+19869920110,+15919245255,TWR-90085,3G,,26.7208,rated,0,2022-09-30
e75f3eec-d3ab-46ba-b2df-3068e8096f17,0c2bd4c6-af16-4db9-b1fc-cf0f7da0cdf1,sms_mt,2022-02-26 04:28:25,2022-02-26 04:28:25,,,+13365656932,+17213896317,TWR-75954,3G,,0.0,rated,0,2022-02-26
8a08e2df-e5bc-423d-aabc-e105fb267210,d1951395-6f2c-4d66-ba1f-7bcd93fafb26,roaming_voice,2023-11-26 23:53:01,2023-11-27 00:03:58,657,,+15301900468,+16123352649,TWR-26926,5G_NSA,DE,17.244,rated,1,2023-11-26
1a3ece83-007c-4ca7-bd09-7cf97e964b20,ec9812d2-8a87-41df-a7e7-98da9821ede4,voice_mo,2023-04-07 18:44:11,2023-04-07 19:18:44,2073,,+12183368338,+18032859955,TWR-21348,5G_NSA,,57.5533,rated,0,2023-04-07
e8f90c5f-5e59-4f89-a29d-ccc86e4712a7,ce1d428f-5988-4b0f-ab5a-f2146d916ae5,sms_mt,2023-11-01 02:52:11,2023-11-01 02:52:11,,,+13334012037,+14668413622,TWR-56568,4G,,0.0,unrated,0,2023-11-01
9e7cac69-e3b4-4ed3-9a73-50c162cf5af7,52ccc0d5-f114-425b-b898-e18d7595aa74,sms_mo,2022-12-28 08:15:36,2022-12-28 08:15:36,,,+15688907341,+14885026191,TWR-20592,WiFi_calling,,0.0,rated,0,2022-12-28
780f8456-a907-4db8-a9a0-7f47cf8f54dc,8e179af9-5f13-4e88-a13b-1c40ab5452d6,voice_mt,2022-10-08 17:08:36,2022-10-08 19:06:56,7100,,+15497824186,+14847003661,TWR-14927,5G_NSA,,298.8348,rated,0,2022-10-08
fb88de47-c151-4780-beff-74ca10d3b18f,961ec958-f969-4bfa-8ef1-7007022255c5,voice_mo,2023-04-19 12:13:50,2023-04-19 12:20:18,388,,+17183505386,+16593417630,TWR-90922,3G,,4.9443,rated,0,2023-04-19
dc6c16ca-91d8-4529-8224-7af088780fb6,ae970cbe-ab63-4c5f-b53f-0e2d4a1e61db,voice_mo,2022-01-18 01:59:25,2022-01-18 03:43:29,6244,,+17204090768,+18275813116,TWR-68192,3G,,169.8229,rated,0,2022-01-18
538677b9-f588-499e-85c0-e69b243f8506,924539bc-a01a-491c-b2c0-2c6f280c9531,sms_mo,2024-05-21 16:45:17,2024-05-21 16:45:17,,,+14718290284,+15957159474,TWR-38353,LTE,,0.0,rated,0,2024-05-21
2a39e421-2176-4b21-b609-8ceebbc5f07e,91bf808c-8622-4028-8ef0-28db990b0f3a,voice_mo,2024-12-28 15:53:51,2024-12-28 17:25:13,5482,,+16993481079,+13990832267,TWR-56568,5G,,164.9883,rated,0,2024-12-28
7c9480c8-1f36-4b12-bde8-134b36abe3da,edc73bcb-73ae-4af9-a7f0-6746c1bbc689,data_session,2022-09-06 04:41:56,2022-09-07 03:29:26,82050,1353.421,+19842067063,,TWR-79299,5G_NSA,,2747.0729,rated,0,2022-09-06
4279c708-89f6-486c-a438-7c0bdf1f770b,2567994d-a76d-4dda-988d-51f28ae8ec6c,sms_mt,2022-09-15 08:28:58,2022-09-15 08:28:58,,,+16997736452,+13382312627,TWR-29718,3G,,0.0,rated,0,2022-09-15
5e722a69-ee0d-4859-824d-53eb22c66a7b,b8b76c8a-0b01-4998-b16c-1ee9743f8ff9,data_session,2022-11-26 10:32:19,2022-11-26 15:45:28,18789,236.563,+13337185189,,TWR-98898,WiFi_calling,,743.7841,rated,0,2022-11-26
3c567690-cc65-405a-a735-3068e1f2dd7d,32725e1b-16ba-4cbc-b868-96a6e950136e,sms_mo,2022-10-09 06:42:55,2022-10-09 06:42:55,,,+19037471477,+17324931933,TWR-84306,4G,,0.0,rated,0,2022-10-09
ec6e0ffe-764e-41cb-b927-f8000f06d8b3,305e205d-a3a4-4365-b9b9-b77ce7594eff,roaming_data,2022-03-18 01:35:02,2022-03-18 09:06:20,27078,3886.817,+18447904216,,TWR-33435,5G_NSA,BR,768.2638,rated,1,2022-03-18
e5e9f611-f671-49e1-a172-4df06f84d04e,a8e47aa6-1451-460b-8064-660833806d72,voice_mt,2022-11-10 09:36:51,2022-11-10 10:29:43,3172,,+12801497318,+17438119162,TWR-97433,LTE,,128.0831,rated,0,2022-11-10
15c58563-1919-4718-9ce8-c96a320b21eb,94f1ee3d-a9c3-4493-97af-9b24ede51ce0,sms_mt,2023-06-04 19:17:18,2023-06-04 19:17:18,,,+15493444173,+12321234509,TWR-98898,5G_NSA,,0.0,rated,0,2023-06-04
bfbc374a-da49-4fbe-8751-e452a6e0991f,7ab3861e-f2ca-4f3e-844d-9aaf2208ae00,sms_mo,2022-02-19 16:53:34,2022-02-19 16:53:34,,,+17063633973,+13938116401,TWR-70566,5G,,0.0,rated,0,2022-02-19
6375948e-fc11-4c05-9a1c-d192af709494,1a1eec0c-0322-4364-b74b-d8c2adcdc051,roaming_voice,2024-10-19 03:08:46,2024-10-19 03:19:31,645,,+18173693025,+19166606373,TWR-72409,5G,MX,25.6729,rated,0,2024-10-19
9461cd94-2585-4626-82ea-7073207f7f82,6186b9ba-b727-49f5-9ac5-b2d0ddba564c,roaming_data,2022-09-26 22:01:25,2022-09-27 20:34:29,81184,5681.67,+15638971168,,TWR-48408,5G_NSA,DE,878.7338,rated,0,2022-09-26
fa70db43-2d58-48a8-973a-07ac8c2a496c,e271e542-341a-4b05-bd15-c2cf0b3ea27e,voicemail,2022-10-13 12:17:55,2022-10-13 14:02:50,6295,,+15816815349,+17438245190,TWR-88569,LTE,,258.0564,rated,0,2022-10-13
95f3d04a-6328-42ee-8702-4452a732fc78,cb266910-cf9e-4aa5-9a21-ea9330bc5a50,sms_mt,2023-09-10 20:20:17,2023-09-10 20:20:17,,,+18395820758,+13780747129,TWR-28731,WiFi_calling,,0.0,rated,0,2023-09-10
37cc9b7d-0120-4bc3-aea0-40700fcf8c78,28800d8e-5a32-416a-a102-9a449ab3c429,roaming_voice,2023-03-20 19:11:58,2023-03-20 19:56:03,2645,,+19259394223,+13142621442,TWR-58889,5G_NSA,,89.8825,rated,0,2023-03-20
0c21e3d8-2e31-445f-aad1-6591af063e2d,ead771bb-2032-429d-bd8b-7cfc4c1835de,roaming_data,2023-08-05 11:40:53,2023-08-06 11:14:10,84797,3963.981,+19925152868,,TWR-52021,5G_NSA,GB,2471.994,rated,0,2023-08-05
c4133c6a-5d19-4086-a452-93f4e3d427a8,607990e9-70ca-4689-9c92-fa5347ba704b,sms_mo,2023-11-24 21:45:19,2023-11-24 21:45:19,,,+12001781610,+17390607585,TWR-62242,5G_NSA,,0.0,rated,0,2023-11-24
ad5c1766-64e2-4b06-aa1a-184907788e1f,18e59e3f-d6fd-4039-a163-3c34e067236b,voice_mo,2024-08-20 07:45:30,2024-08-20 07:48:30,180,,+13122218969,+13671461192,TWR-65265,LTE,,3.7884,rated,0,2024-08-20
e94c2ef2-8592-4396-9ffd-b2d9a27f149f,1c27de53-550c-4699-ab84-c7eaf11fe8c7,sms_mo,2023-06-05 15:12:53,2023-06-05 15:12:53,,,+12740828438,+16148322293,TWR-96136,WiFi_calling,,0.0,rated,0,2023-06-05
ad284dad-14f5-4d47-8b9c-94a77d880172,3498b498-2b5f-48e7-99e5-b4464418207f,voice_mt,2024-01-28 19:35:55,2024-01-28 19:54:24,1109,,+17693810955,+13973323411,TWR-36318,5G_NSA,,39.2788,error,0,2024-01-28
6a98557e-f3b1-45bb-9698-a65cb35917be,d635b079-6763-4423-a86c-c8c9e1f2d5e5,sms_mt,2024-05-26 03:00:26,2024-05-26 03:00:26,,,+15782882076,+19402470056,TWR-98909,WiFi_calling,,0.0,rated,0,2024-05-26
ebe184a6-334b-4f2f-8083-ba934a06143d,e9c07020-0d43-4bdf-acb7-c6372aaaa54a,voice_mt,2023-09-12 21:57:27,2023-09-12 23:55:39,7092,,+17955246957,+15678581385,TWR-99693,5G,,171.5393,error,0,2023-09-12
dd8996db-e7f5-4554-97a0-cad1cd23ac38,5573ac00-6d07-4996-a747-b776cec037c0,voice_mt,2024-07-06 16:04:28,2024-07-06 16:49:54,2726,,+13347009155,+18200905974,TWR-98898,5G,,93.9942,rated,0,2024-07-06
6e748299-2224-4c29-80e1-b3c6086a96a0,cfd41a3d-5133-49ae-b955-da10665becb9,data_session,2024-03-04 21:08:48,2024-03-05 14:45:10,63382,1763.637,+19384919344,,TWR-83526,WiFi_calling,,989.1253,error,0,2024-03-04
7ccadbff-614d-4343-85da-bd838498b370,88a3565c-04ee-4099-ba6a-e5e15d964ffb,voice_mo,2022-08-02 12:22:17,2022-08-02 13:44:12,4915,,+12092049222,+12632377050,TWR-21775,4G,,205.4701,rated,0,2022-08-02
8536ea59-d2cb-409c-82e9-f428576e4da4,0f91fad7-30c7-4819-8d6d-04851f5a6135,roaming_voice,2022-02-07 13:09:59,2022-02-07 14:04:53,3294,,+13427822557,+17178059599,TWR-10998,LTE,US,131.1044,rated,0,2022-02-07
1b1667aa-aaa5-4aab-a99e-f551855f6499,c537e567-fb66-4c1a-adc1-fdef9b456c45,data_session,2024-07-02 04:32:50,2024-07-02 22:12:20,63570,5321.194,+14216717801,,TWR-42562,4G,,2540.9799,rated,0,2024-07-02
23fcf59c-9320-4307-9536-87e0a85cb12f,a8074237-b6be-4d22-b42d-46324e899afb,roaming_data,2024-08-27 07:10:53,2024-08-28 05:33:20,80547,3494.289,+15156498985,,TWR-28731,4G,DE,2785.913,rated,0,2024-08-27
39f9c29d-0d44-4d39-b975-e2f91ce0563f,a7c1ebdf-c663-4b9a-af2e-4cd04561d192,data_session,2023-04-12 04:19:33,2023-04-12 09:25:46,18373,3565.958,+13661271259,,TWR-99635,5G,,716.4475,rated,0,2023-04-12
10d04404-fff8-4e74-b2e2-a2ee2a7f66e6,079fea4e-e307-46b5-8ed1-30b17990557f,sms_mo,2022-02-01 00:17:46,2022-02-01 00:17:46,,,+15696431017,+13257288137,TWR-36224,WiFi_calling,,0.0,rated,0,2022-02-01
a03f0dc0-2677-4cbb-8214-de27014e109a,c0bfe1a2-3d90-44f3-a911-40c697b95fc4,voice_mo,2023-04-23 04:30:01,2023-04-23 05:29:39,3578,,+18354354466,+13369384735,TWR-81495,4G,,145.2492,error,0,2023-04-23
1f1e27ab-6511-40f7-8ee3-c055fbc6f7c8,ee27ef7d-eefe-4bef-a56e-05e4365f1f71,roaming_data,2023-08-02 17:57:55,2023-08-03 04:28:52,37857,2397.606,+18552269542,,TWR-75422,4G,IN,1217.7474,error,0,2023-08-02
c5608658-b546-4300-a6fd-99309bd27fbf,87b1c160-0d70-48a6-aee2-72e4e09de990,roaming_voice,2023-03-18 22:59:53,2023-03-19 00:20:16,4823,,+19843449171,+15318345084,TWR-99693,5G_NSA,FR,40.9699,rated,0,2023-03-18
45f14d82-750f-4225-bf77-b847fe71a7b6,615962f5-3ea9-4b9e-a677-6ebe88fa0bb5,sms_mt,2023-10-04 22:35:36,2023-10-04 22:35:36,,,+17021506145,+16684167022,TWR-48793,3G,,0.0,rated,0,2023-10-04
941425eb-6b3e-4ff7-af82-0a01c8cb0ebf,3a69d4fd-dbf3-4ef1-b71c-9eb44f96cfea,voicemail,2023-04-10 17:54:34,2023-04-10 18:00:45,371,,+15110460824,+12460369501,TWR-96273,5G,,8.2471,rated,0,2023-04-10
6951d671-b4a5-4f94-9c66-f7eb1556dae5,e05f5ac3-eb25-468f-95ea-7d1adffe0252,voice_mo,2023-11-27 20:34:13,2023-11-27 20:38:29,256,,+13019535438,+18545945378,TWR-62351,4G,,1.3745,rated,0,2023-11-27
390bf9c9-61fd-41e2-b9cf-1c0d9739763e,25dd5dec-551f-4a57-916d-d7155fff70c4,data_session,2024-12-28 08:21:36,2024-12-28 10:02:27,6051,1338.045,+17088337116,,TWR-35333,5G,,95.5234,unrated,0,2024-12-28
6c8cd2ca-8502-428e-b7b5-462b664cf82f,04b25dfe-8338-4cb7-a8ad-9485965c0918,voicemail,2024-10-16 04:52:37,2024-10-16 05:00:14,457,,+18335778719,+18883212068,TWR-74130,5G,,21.5939,rated,0,2024-10-16
72616659-7a72-4879-ad2f-2e66ee1001bc,28442452-4c09-4795-8223-c9abbd09dd91,roaming_data,2023-06-19 15:32:10,2023-06-20 03:08:36,41786,2002.304,+16953331251,,TWR-98909,5G,US,313.3989,rated,0,2023-06-19
fc17ea7c-6275-4f3b-8b60-ab61c7801457,fb66880c-476d-47b4-b3a7-25fe8a69e097,voice_mo,2022-08-25 05:28:47,2022-08-25 06:39:15,4228,,+19379925474,+19264355631,TWR-38402,3G,,22.0608,rated,0,2022-08-25
71ef2063-a016-4ec8-9f6d-1c4f3a32b948,c1b19ac7-2756-4214-b1c9-467139b6b9f9,sms_mo,2022-04-20 01:24:32,2022-04-20 01:24:32,,,+15214955409,+12483741002,TWR-54151,WiFi_calling,,0.0,rated,0,2022-04-20
b4729be4-6a00-47d3-a065-c78d50847943,b0cc1207-6a61-43eb-a63a-0f8653c78297,sms_mo,2022-05-13 05:56:50,2022-05-13 05:56:50,,,+14114330317,+16744778518,TWR-43582,4G,,0.0,error,0,2022-05-13
e556e475-adb1-4955-925e-d04d599f5041,6dd4b33a-2ece-4959-b40d-18da0459d336,sms_mt,2024-07-21 10:58:22,2024-07-21 10:58:22,,,+19920772620,+14771867625,TWR-88042,3G,,0.0,rated,0,2024-07-21
fd1caec0-e9a2-417a-81ad-502a10b5487c,6b42aa2a-aa65-429a-9649-7508d4190b26,roaming_voice,2023-04-09 22:34:38,2023-04-10 00:19:30,6292,,+13593991012,+19688831917,TWR-34373,5G,US,231.0286,rated,0,2023-04-09
76361536-0727-41ca-8713-441af6b5c9e0,3cb7aac6-8b3c-435e-8568-44b7b670d5f9,voice_mt,2024-03-14 08:45:29,2024-03-14 10:16:38,5469,,+14571703915,+14914130582,TWR-59946,WiFi_calling,,75.1719,rated,0,2024-03-14
1f6877b9-64a5-494c-9247-4156f1577bc4,4aeace33-b3df-4f50-8b5d-cf7b737893cb,data_session,2023-03-12 23:02:35,2023-03-13 12:53:07,49832,5571.432,+18986669762,,TWR-59906,LTE,,1088.4219,rated,0,2023-03-12
34166529-b00e-4744-bd60-679e48e12242,8bbfb1e7-5d4a-442e-86d0-b0bc1767b9b9,sms_mt,2023-08-23 06:56:17,2023-08-23 06:56:17,,,+12968499265,+18924965282,TWR-27160,5G_NSA,,0.0,rated,0,2023-08-23
84b121f5-9283-4de4-a114-b3fc013a5537,5fe94a53-4f47-4da3-89fb-1695e1766151,roaming_voice,2022-05-10 01:47:55,2022-05-10 02:27:01,2346,,+19717744372,+16211867221,TWR-59670,3G,DE,29.5488,rated,0,2022-05-10
b398af50-d10e-4a59-8711-92b32e8c59d6,ebe6fd34-c538-415a-abb0-3311956ca10c,data_session,2024-07-08 05:10:50,2024-07-08 06:22:23,4293,3150.19,+16034198789,,TWR-48718,WiFi_calling,,117.8274,error,0,2024-07-08
2e0fc01b-cdbf-499a-9d30-976b009f27dc,b49267c5-6424-4821-9d48-dad884ae1f35,voicemail,2024-07-21 13:40:07,2024-07-21 15:07:03,5216,,+17362901577,+15530667454,TWR-83526,LTE,,154.1082,rated,0,2024-07-21
cc44408f-4a7d-4303-9fdb-85abbf4a845a,83567a87-5e93-4569-828a-868b0baa60ba,voice_mo,2023-06-02 02:21:28,2023-06-02 03:17:31,3363,,+16543401500,+17209428474,TWR-38288,5G,,29.7027,rated,0,2023-06-02
2e426d92-8b14-44fa-9ee6-7d82c2ca1f3f,322f31b2-ef54-47d9-80d4-5a534bd2ec33,data_session,2022-03-01 04:52:22,2022-03-01 15:05:54,36812,856.465,+13251713879,,TWR-83131,3G,,1075.2401,partial,0,2022-03-01
4e4c2248-80c2-4c87-9b70-39d16d7623d2,dd8da925-fe12-456e-b444-aedddc35b8b1,voice_mo,2022-11-12 15:09:42,2022-11-12 15:53:06,2604,,+13494696742,+16114969689,TWR-40658,5G_NSA,,25.072,rated,0,2022-11-12
73064948-47f4-4f8b-a9cd-7bac251458b4,8f8b8831-ddbc-4270-993f-419c2fa049f4,sms_mo,2024-06-02 19:21:54,2024-06-02 19:21:54,,,+16563413961,+15749423557,TWR-77981,4G,,0.0,rated,0,2024-06-02
3569d72a-51df-4cec-a043-25f3e18be3d8,df845d04-97c6-4560-8ec2-1100e99d6f18,voice_mo,2024-07-24 21:20:28,2024-07-24 21:38:49,1101,,+15205453917,+18607485273,TWR-89203,4G,,48.1542,rated,0,2024-07-18
9dc82318-59f5-4204-a399-41b878e28c3e,b79d1644-f627-479a-a5db-b3d788e47ba3,roaming_data,2023-10-30 05:36:46,2023-10-31 03:45:56,79750,1080.916,+15889285747,,TWR-59670,3G,GB,1564.8992,rated,0,2023-10-30
31e01138-bb29-4f48-b129-1ccf3279c145,0fdea3b8-fcf5-4588-9ac9-6ef5afbd11b6,data_session,2024-02-16 04:51:04,2024-02-16 11:19:22,23298,2722.232,+12064457214,,TWR-75948,5G_NSA,,850.3117,rated,0,2024-02-16
5d08a652-9fa4-4924-8fda-3ca663b0ad93,abac0a6e-a934-4456-bb88-3770300ef8a0,voicemail,2024-04-15 11:42:24,2024-04-15 11:52:40,616,,+17456177532,+12442375275,TWR-58889,WiFi_calling,,22.7045,rated,0,2024-04-15
f127f40f-89fa-408e-b497-b986bf1fdea7,93e0d04d-cb14-4cbd-8389-a187dba9b353,data_session,2024-02-10 07:31:15,2024-02-10 22:49:38,55103,1071.458,+13672743923,,TWR-29072,3G,,1324.9677,partial,0,2024-02-10
020b468f-7003-4f15-a697-199219868ab8,c0b5ce25-7c9d-4bd6-94ab-e2437a1632d1,voice_mo,2024-10-27 01:42:16,2024-10-27 03:16:12,5636,,+15564018355,+13719528325,TWR-90375,3G,,76.5907,rated,0,2024-10-27
d68c86bd-05f8-4991-9ce6-427a88f90fbc,e8c6e2c9-a03e-42b3-8e09-29441ebabe21,roaming_voice,2024-08-31 17:03:32,2024-08-31 17:08:15,283,,+13028068800,+13591642489,TWR-88042,5G_NSA,FR,0.5073,rated,0,2024-08-31
bb9e3bf5-43fa-4e73-a321-d5906c74d658,db80c75c-d028-492c-bb33-297c25350289,voice_mt,2024-02-29 16:34:06,2024-02-29 18:30:25,6979,,+18121665018,+13921204169,TWR-63127,4G,,128.867,rated,0,2024-02-29
561e9403-8f99-4575-bcaa-b5825ac526cb,aab10acc-341b-4504-8789-873fef864ae7,voice_mt,2022-07-16 14:37:32,2022-07-16 14:42:34,302,,+17865638487,+19210759105,TWR-54139,4G,,13.5927,rated,0,2022-07-16
0b14dad5-1a57-4fe8-8cc4-1cb2e70a3541,7f20e90b-2293-4549-a6fc-21720fe00e1f,voice_mt,2022-05-04 12:43:39,2022-05-04 13:00:46,1027,,+16371786234,+16956028001,TWR-54228,5G_NSA,,49.2302,rated,0,2022-05-04
236c7709-2c74-413d-9c8b-747008ce6f81,00a0fbe9-7f97-476e-94d8-3627788882fe,roaming_data,2023-06-18 09:55:40,2023-06-19 01:33:27,56267,7893.329,+15510676847,,TWR-17261,3G,MX,187.4586,rated,0,2023-06-18
5e1001db-4572-4ec4-b6ae-333ea9c83df0,5ed084de-f45b-4a63-9d00-c87f991d5484,data_session,2024-08-08 05:24:38,2024-08-08 09:48:08,15810,7305.025,+18505122102,,TWR-27160,4G,,294.0913,rated,0,2024-08-08
da89c58c-b453-4c0c-a967-c7695b616015,d82e8184-7709-4786-9a9e-a6729629d4af,roaming_data,2024-04-20 09:15:54,2024-04-20 09:52:11,2177,3318.251,+13759293570,,TWR-11461,WiFi_calling,FR,14.2935,unrated,0,2024-04-20
252f7a09-1823-451b-a9dc-0e558531c1a0,eaee6dfb-e467-4248-8061-5fd28e1ed851,sms_mo,2022-06-15 05:13:28,2022-06-15 05:13:28,,,+16372808464,+12102585861,TWR-93942,5G_NSA,,0.0,rated,0,2022-06-15
061eaa03-3710-4a5c-9dae-076be0a5d616,e771ddaa-bcff-4298-aa2b-581fb9f41e97,voicemail,2022-02-17 06:48:51,2022-02-17 07:19:18,1827,,+14791944943,+14033687000,TWR-99635,4G,,60.4353,rated,0,2022-02-17
3e306960-b78f-44c4-b86c-af9f69a65698,17575c31-99e4-4203-ac7c-11389e1dc35f,data_session,2022-09-21 06:30:23,2022-09-21 17:11:52,38489,2976.305,+19097588880,,TWR-62310,5G_NSA,,261.7894,unrated,0,2022-09-21
e2120875-a0ac-412d-8639-aa8ebd8f6d79,cc791f10-1c32-49af-97ca-4c9db435ba4c,voicemail,2024-06-01 09:03:55,2024-06-01 10:13:05,4150,,+13697870045,+16601639162,TWR-36224,LTE,,10.3543,rated,0,2024-06-01
7113e49d-ce2b-4387-8071-41bbcc821dab,8e0f217d-2104-45cf-bfca-00c7f073c640,voicemail,2023-04-16 00:02:29,2023-04-16 01:09:09,4000,,+15771613320,+17003998385,,LTE,,94.2804,rated,0,2023-04-16
653e0336-90ad-4279-9a0a-83c45752e2f6,14e681d8-0119-496a-a406-c2740cb6f126,voice_mt,2024-09-22 13:49:18,2024-09-22 15:16:00,5202,,+19937638446,+15636137887,TWR-99439,3G,,38.5836,rated,0,2024-09-22
1eed1ce9-fba8-4ac5-8380-6613955632ca,73dde6f4-d19c-4e3e-a4ff-f9e34b31d8f9,voicemail,2024-08-29 18:09:16,2024-08-29 18:23:53,877,,+19628559621,+17619215595,TWR-48846,5G_NSA,,29.5429,rated,0,2024-08-29
4a8138e5-3032-471f-a916-0b14fc1133a3,8579ed38-ca8b-41fe-87f3-c8109bc15133,voicemail,2023-10-21 16:17:05,2023-10-21 16:45:47,1722,,+18226941796,+13054946512,TWR-21274,LTE,,38.8362,rated,0,2023-10-21
9805dd87-72f9-4821-a50e-adf429183987,7e30c105-b52a-4657-9722-a6adbdbe21a4,voicemail,2023-04-11 18:47:44,2023-04-11 19:24:03,2179,,+17657906972,+15640080629,TWR-95637,LTE,,15.6857,rated,0,2023-04-11
f0e59f66-0136-43e1-9f8b-a6248cf47c4b,02dcb1ab-f712-45dd-9f2e-f622de34c27b,sms_mt,2022-02-13 12:21:37,2022-02-13 12:21:37,,,+17016896149,+15604861568,TWR-30895,LTE,,0.0,unrated,0,2022-02-13
8f659914-8b84-4384-a053-65b593d2adf6,b6f0720e-106b-4174-b790-cc6dbfb2ae47,sms_mo,2022-03-01 09:55:48,2022-03-01 09:55:48,,,+15169995166,+18118830620,TWR-42562,5G_NSA,,0.0,rated,0,2022-03-01
93596aa0-7603-4488-a4ee-78b4cb3abd60,e1fc7f48-d38e-4a87-b6f2-89642374fb24,voicemail,2022-11-21 20:53:14,2022-11-21 22:40:28,6434,,+13325926712,+12724423361,TWR-15590,LTE,,129.9505,rated,0,2022-11-21
fa4c5445-9f11-4cd7-8062-6e838a3aa167,51dfa952-c9de-4f56-95b6-be399b3ea80c,data_session,2023-05-11 20:46:02,2023-05-12 04:27:54,27712,6533.78,+16784730826,,TWR-55269,LTE,,276.9499,rated,0,2023-05-11
52787518-6963-4491-9c92-a15addbcda99,568450df-29a5-41d7-89ee-f0a6ed6d4b91,voice_mo,2024-05-16 00:23:22,2024-05-16 00:29:43,381,,+16631457295,+15853041080,TWR-33284,4G,,14.1649,error,0,2024-05-15
f4455ed5-744d-4fdd-8498-05e64ab89d83,fa29d837-5885-4e66-8a4f-66a4f13bea06,voice_mt,2024-02-13 17:05:43,2024-02-13 17:41:51,2168,,+17930137800,+12203950218,TWR-58889,4G,,51.8351,rated,0,2024-02-13
cba91a2d-a00d-4030-8f36-8ecc7bee1ef4,3fc64d6f-ff54-4441-8405-82ea9464c5db,sms_mt,2024-04-18 19:18:25,2024-04-18 19:18:25,,,+12713593000,+14808791905,TWR-43582,WiFi_calling,,0.0,rated,0,2024-04-18
56d3f08b-4b5a-4d69-8dce-b5934fd4103a,3022d9e2-d6cb-4f65-925c-dd1ac9ab7b6a,sms_mo,2022-11-06 07:36:34,2022-11-06 07:36:34,,,+15126566967,+13447674839,TWR-55269,4G,,0.0,rated,0,2022-11-06
ba7cc9cd-700a-43d5-85cc-9a56abf0bb95,24c4afe3-ecb8-4534-8b77-96ea520e83cb,roaming_voice,2023-12-08 02:42:05,2023-12-08 03:53:13,4268,,+18603832167,+18333660598,TWR-63652,4G,CA,53.2891,rated,1,2023-12-08
e26a1f9b-1710-4f01-be1c-631aadf42d2a,4a7fa3d6-ff30-448e-8b81-c309212908cc,voice_mt,2024-06-08 20:01:37,2024-06-08 20:09:57,500,,+14590299208,+17299804081,TWR-56568,5G,,15.4876,rated,0,2024-06-08
223d4efe-beb2-4698-a65f-90863f6a74ac,5968ac41-3e48-49ae-a1ce-5615e5db0763,sms_mo,2024-10-26 13:31:13,2024-10-26 13:31:13,,,+16533796231,+16884409209,TWR-97532,LTE,,0.0,rated,0,2024-10-26
57618cfc-9c0c-41ea-bcd1-a441618a87b0,5a67819e-df49-408b-9d77-526f4a5673e3,data_session,2023-01-22 09:54:58,2023-01-23 07:16:48,76910,5906.515,+19238957206,,TWR-60209,5G,,2894.9372,rated,0,2023-01-22
d2f86b00-9c95-4172-b3ca-b8efbe3dcff2,b6da1b16-4e31-4c01-96b5-ceed47966351,roaming_voice,2023-09-03 15:05:33,2023-09-03 16:18:12,4359,,+18266943793,+17617285996,TWR-63723,5G_NSA,BR,169.2948,rated,0,2023-09-03
4f64828b-960d-485f-88ed-11394edff039,3868c625-31bc-4a2b-bb3f-ee586b43636d,roaming_voice,2023-06-06 17:27:56,2023-06-06 17:43:20,924,,+16716840047,+18567631993,TWR-63652,4G,,7.6417,rated,0,2023-06-06
1e9f5a68-3e7f-43ef-a007-9271d2ea3d12,5f75ef6b-6965-4354-b215-28e05a5fe7a4,voice_mo,2022-02-20 22:15:12,2022-02-20 23:00:50,2738,,+12771571517,+15420475525,TWR-89203,5G_NSA,,73.1008,rated,0,2022-02-20
1f70ba82-16b1-4ff5-8243-cf579a8551f5,a182465a-60da-460f-8467-f492e92f407e,roaming_data,2023-01-30 07:30:47,2023-01-31 02:08:45,67078,7524.619,+15529371720,,TWR-59670,WiFi_calling,DE,1295.8686,rated,0,2023-01-30
dfcbacb2-4fc3-46d3-8a0a-430d2ce0c26e,639048d0-901b-487e-bc2e-1dc5640626c0,voice_mt,2024-10-24 11:08:28,2024-10-24 11:19:18,650,,+16605260007,+14504407029,TWR-33462,5G,,18.6804,unrated,0,2024-10-24
03e8a2f0-91a6-46d2-9266-c39fea974ac7,4989c494-39a9-480b-8491-12f4716cd1a6,voice_mo,2024-05-23 13:29:45,2024-05-23 13:57:29,1664,,+12791677817,+16182870182,TWR-43582,5G_NSA,,39.7667,rated,0,2024-05-23
472c3eef-0d0c-4018-97ce-5a6499e3cfe1,8be22287-bf2e-444a-9fd4-1f452e67c316,roaming_voice,2024-03-12 04:07:47,2024-03-12 05:11:17,3810,,+12815436200,+14812567434,TWR-22145,LTE,,64.0069,rated,0,2024-03-12
2de33c14-0a9f-466a-8ee8-b5a8e4a1ee90,fad9570a-4c6e-48c7-8bd3-5a3e5849b575,sms_mt,2023-06-03 22:03:55,2023-06-03 22:03:55,,,+17804012485,+13547544835,TWR-33284,LTE,,0.0,rated,0,2023-06-03
d3a2bcdb-552c-41cf-ac65-e069e116ac83,e6e12810-f9af-49a6-b06f-27bdc12c44f5,sms_mo,2023-01-02 14:16:14,2023-01-02 14:16:14,,,+17850592115,+18033752312,TWR-21274,LTE,,0.0,rated,0,2023-01-02
ebc76cd9-b46c-4835-8828-32e7ed83cd7b,2f860232-0818-4610-ad9e-85cb2b16f42b,sms_mo,2023-01-18 06:57:11,2023-01-18 06:57:11,,,+18828683299,+14828332122,TWR-10742,4G,,0.0,rated,0,2023-01-18
cc2ceb78-9bd4-4d11-a740-427101749289,64e8bebc-63ab-4ff3-8ca0-ce407a9aa93a,sms_mo,2022-04-29 07:48:06,2022-04-29 07:48:06,,,+12430468188,+17938226840,TWR-17316,3G,,0.0,rated,0,2022-04-29
ac9b6fa9-259e-4d27-b6df-b8696ad8d6ea,ee27ef7d-eefe-4bef-a56e-05e4365f1f71,voice_mo,2022-01-11 18:01:24,2022-01-11 18:41:06,2382,,+13927819269,+13171721023,TWR-66481,5G,,8.3061,rated,0,2022-01-11
fa59a6b6-9be6-4dc3-86e3-2db95605acaf,0220cd0b-4604-4233-8206-d3b2561510ff,sms_mt,2024-07-18 00:52:06,2024-07-18 00:52:06,,,+17011499515,+14626787413,TWR-97433,5G,,0.0,rated,0,2024-07-18
82a7a073-c113-4285-8274-a4af38c686ea,6f130f71-0741-46bb-8788-dcc44eb7e66d,roaming_voice,2023-12-16 07:54:27,2023-12-16 08:43:13,2926,,+14747557714,+14519418310,TWR-75954,3G,JP,120.9573,partial,0,2023-12-16
8f9f366b-81c9-4cb3-a96b-0fa8e2e18a2c,a2e21980-aafd-40e7-a3d3-e52a9f6c147d,roaming_data,2022-06-18 19:21:28,2022-06-19 12:14:50,60802,1739.911,+16700246759,,TWR-63127,LTE,MX,1388.5375,rated,0,2022-06-18
922e7bfb-f9dd-451b-8a39-c4698bbff0f2,6ca35174-72c2-41c4-a1ed-d7b4cb2ceffe,roaming_data,2023-03-24 04:30:53,2023-03-24 11:31:44,25251,3402.532,+16860885827,,TWR-59670,WiFi_calling,MX,799.8349,rated,0,2023-03-24
05137d7f-965d-41e0-a4a0-5dcf56e179e9,d3959e03-20da-4a8a-bb7d-8438ab8efe19,roaming_voice,2024-07-02 10:15:35,2024-07-02 11:07:45,3130,,+19661180483,+15894121567,TWR-60209,4G,US,89.3412,rated,0,2024-07-02
43753427-e7f6-45c9-821f-d185e3a3d5b2,8efc3e0c-c06c-409a-af08-f3b0eac38eb4,sms_mo,2023-11-25 13:47:36,2023-11-25 13:47:36,,,+13653292283,+12843902360,TWR-38402,4G,,0.0,rated,0,2023-11-25
5ed720c6-2d67-41a4-ae7f-96c0b3ae1229,f8612531-e12f-4af6-ae44-b7692199081b,roaming_voice,2022-01-23 07:01:05,2022-01-23 09:00:14,7149,,+15480456394,+17283579362,TWR-54228,WiFi_calling,US,318.1188,rated,0,2022-01-23
0d3ba74c-56a3-426b-a637-49905578f569,b5ccd1c6-60d1-4375-baa1-7bf52094c8fb,sms_mt,2022-01-09 02:42:44,2022-01-09 02:42:44,,,+12116507628,+14557185844,TWR-92839,5G,,0.0,rated,0,2022-01-09
1b929c48-ec9b-4314-85a4-f4dbf517b07c,722ec9d0-5dc8-4c1a-820f-9824d3d9175c,voice_mo,2022-01-04 05:31:49,2022-01-04 05:56:23,1474,,+13621294931,+14115816000,TWR-68061,WiFi_calling,,5.9283,rated,0,2022-01-04
46917917-8e6a-484d-bb2e-c304bf44c814,db2f1a2a-3ebc-484f-80ce-7979ced1f225,roaming_data,2023-03-25 19:44:03,2023-03-26 17:57:44,80021,2297.922,+12369754999,,TWR-21508,LTE,US,129.0711,rated,0,2023-03-25
931dec22-7323-4f62-9937-9f99776764cd,c27c791a-3638-41b0-b784-40ea0e73f9e1,data_session,2022-01-28 03:28:05,2022-01-28 03:53:23,1518,2777.426,+16761727647,,TWR-14927,LTE,,2.241,rated,0,2022-01-28
9c18e779-05e7-4f71-a6fc-805f99e113c1,ddeba046-a62e-43b5-83a3-7655c1b1b42b,sms_mo,2022-11-09 02:50:18,2022-11-09 02:50:18,,,+12816677604,+13386486986,TWR-26682,LTE,,0.0,rated,0,2022-11-09
aefcf99e-1fbc-4da6-a7c0-0f83b771e963,a87d9fd3-2664-4fe7-87cb-7495e6c56b3b,roaming_data,2022-03-21 03:18:39,2022-03-21 21:28:14,65375,4620.191,+14861470369,,TWR-80033,WiFi_calling,FR,2820.8468,rated,0,2022-03-21
db341280-a84f-4460-8f39-db07d56177da,1ce74e07-56ef-4532-abe7-4bd9fec96847,data_session,2022-03-23 11:20:58,2022-03-23 20:40:00,33542,5897.278,+19692689206,,TWR-20502,5G_NSA,,1550.904,rated,0,2022-03-23
3be00fcf-40a1-4af8-bec8-53facce39214,1aeb7925-c0dc-46f4-bad1-28a23819a266,voice_mt,2023-06-06 19:56:26,2023-06-06 21:12:09,4543,,+12456863391,+17066338713,TWR-36224,5G_NSA,,127.2967,rated,0,2023-06-06
2404c276-a9d5-4d98-a93d-ad1681aaa772,f7118a62-ea7a-4d8e-a7b9-14c611d59b03,roaming_voice,2023-10-13 09:01:21,2023-10-13 09:53:20,3119,,+15193411299,+15154870864,TWR-79574,4G,,109.779,rated,0,2023-10-13
fa364d67-d832-4002-bc3e-d42a9cf7a490,17575c31-99e4-4203-ac7c-11389e1dc35f,sms_mt,2024-12-22 20:53:58,2024-12-22 20:53:58,,,+14114991906,+12474420285,TWR-27464,LTE,,0.0,rated,0,2024-12-22
be67be92-ddc6-490e-b71e-cc8fbdcbec00,cdaaeb94-3054-4adb-be86-9a919e504598,voice_mt,2024-06-20 11:15:57,2024-06-20 12:15:59,3602,,+14557071269,+13411115983,TWR-87123,WiFi_calling,,92.3865,rated,0,2024-06-20
db7499d6-2fe3-41b8-aacf-b04c5511fbf1,4434a984-034c-49c1-9043-86052ddc8cc3,data_session,2022-11-08 13:07:51,2022-11-09 06:04:05,60974,2200.632,+19987950806,,TWR-70566,4G,,696.8374,rated,0,2022-11-08
7f7f9de0-8b38-4f29-a852-f8f8f784125c,93b92889-3577-4bf6-93e2-927b57a6a4ab,voicemail,2022-08-02 17:28:14,2022-08-02 18:11:30,2596,,+15156168866,+15605872186,TWR-67385,5G_NSA,,50.8871,rated,0,2022-08-02
0874f7cf-9ac5-45b8-bf34-af7afab81228,09d63968-6bbc-4435-bef4-d2a462ca0c8f,voice_mt,2023-01-04 09:19:52,2023-01-04 10:08:28,2916,,+12178491255,+19789843730,TWR-60273,4G,,34.7313,rated,0,2023-01-04
6c736144-e559-428a-94fe-ce8137ef70da,7661db2d-d5e5-46c9-817d-316122d7aa51,roaming_data,2023-09-27 01:50:46,2023-09-28 01:14:21,84215,3443.876,+14072755077,,TWR-77981,5G_NSA,BR,3029.0501,unrated,0,2023-09-27
163c75cb-f397-4412-9ee1-1d501c9ab625,59975944-4438-4179-8388-4be74577e3d7,voicemail,2024-03-29 03:08:57,2024-03-29 03:51:58,2581,,+14033381747,+12054459366,TWR-59410,4G,,51.4717,rated,0,2024-03-29
eb26421a-c3eb-4924-8760-68b013e4793c,62193876-6369-4ee5-9279-d650fa91ba4f,sms_mt,2024-10-23 16:10:41,2024-10-23 16:10:41,,,+18633863330,+12500337001,TWR-88042,WiFi_calling,,0.0,rated,1,2024-10-23
3640145c-e35a-4c04-bdf2-7f5c3090777e,491f7721-a444-4698-9238-d6ea3b6898b3,data_session,2022-01-29 14:55:27,2022-01-29 15:56:09,3642,6652.366,+13586289410,,TWR-66481,5G_NSA,,173.9132,unrated,0,2022-01-29
0ac57f33-687b-4d79-bd3d-260d4e51babf,9a926d96-e3b4-484b-ba11-435011886395,sms_mo,2023-10-08 21:56:08,2023-10-08 21:56:08,,,+14013640188,+16519054627,TWR-14927,5G,,0.0,rated,0,2023-10-08
e5c366b4-32de-4bd4-976f-3dba69955619,cb7b0a14-d208-412b-be8b-c10096c66a48,sms_mt,2024-09-21 08:15:18,2024-09-21 08:15:18,,,+12813531346,+17570177725,TWR-27160,LTE,,0.0,rated,1,2024-09-21
49571c2b-69db-4856-b360-d4266a672cea,87b1c160-0d70-48a6-aee2-72e4e09de990,roaming_voice,2023-09-12 15:55:54,2023-09-12 17:51:44,6950,,+16504750380,+15342278077,TWR-66481,LTE,US,105.9697,rated,0,2023-09-12
b8f33575-8acf-43b0-b637-19e4e9715a62,9f14f64e-3251-403d-a42d-6b4e83d8eca3,sms_mo,2024-03-13 16:47:22,2024-03-13 16:47:22,,,+17050650082,+15727195952,TWR-88569,LTE,,0.0,rated,0,2024-03-13
49e14f5d-dc07-4b2c-b789-ea1a1e4db73c,f7119b12-059b-478a-9550-5122ff29e145,roaming_data,2024-02-05 10:50:53,2024-02-06 02:54:34,57821,5373.216,+13968407125,,TWR-53214,5G_NSA,JP,1513.3238,rated,0,2024-02-05
75facf81-5020-4c4b-98c7-36b93e2fe295,2428b022-9112-489b-9f2c-14f072350a33,roaming_voice,2023-04-22 15:12:45,2023-04-22 16:07:39,3294,,+14060606585,+19187859872,TWR-59018,3G,DE,147.8579,rated,0,2023-04-22
6e227d35-56de-4e7a-a1e6-8b9fd7160d8e,d3959e03-20da-4a8a-bb7d-8438ab8efe19,roaming_data,2024-04-18 11:47:51,2024-04-18 12:01:53,842,6878.815,+17289575267,,TWR-75948,5G,IN,17.0615,rated,0,2024-04-18
822ccd7a-9f27-43b7-bb6a-ce90ccacb25b,f91122e8-a320-4eff-abd2-6a6509e128c6,voice_mo,2024-06-07 17:29:49,2024-06-07 19:20:49,6660,,+13915542398,+13221828479,TWR-99693,5G,,116.1558,rated,0,2024-06-07
4ef8de39-9db9-4d81-b080-6799932951da,4e1cf95d-eefb-402a-8682-98ec8b5b076c,roaming_data,2023-08-09 11:57:08,2023-08-09 23:56:11,43143,2327.362,+18498720209,,TWR-35907,WiFi_calling,US,1645.2928,rated,0,2023-08-09
f59cc143-d167-4f79-bfd6-3acc43d8bfa5,65a26c8c-56ed-4388-92f4-5389bf428f43,sms_mo,2022-11-06 08:58:04,2022-11-06 08:58:04,,,+13880931424,+16944701722,TWR-27160,5G,,0.0,unrated,0,2022-11-06
515cdc23-3e26-49d9-9812-3ba997831b54,2d524a59-4318-4870-a75d-b3624d030c75,sms_mo,2023-05-18 02:05:39,2023-05-18 02:05:39,,,+15660508800,+16905589720,TWR-60870,5G_NSA,,0.0,rated,0,2023-05-18
9772589a-23f3-44fc-b5b6-391b03a8084d,428424dc-acb8-47e0-a3f7-fa22cb38a4ec,voice_mo,2023-03-12 16:18:35,2023-03-12 17:12:43,3248,,+16508407070,+18378035363,TWR-17261,4G,,78.407,rated,0,2023-03-12
7c85dbbd-dfea-4b07-80ec-87cd1e0aa924,bab09192-2ace-4761-858d-7dae4b39b5b6,voicemail,2022-02-25 01:57:47,2022-02-25 03:39:48,6121,,+16650817020,+15905182671,TWR-42562,5G_NSA,,63.6521,rated,0,2022-02-25
7c932387-ea88-4c0f-975f-1a5fb0a6898d,a50a4027-5c52-4508-96c6-65a4c6c21931,sms_mt,2024-09-04 13:38:03,2024-09-04 13:38:03,,,+19793428051,+12536595395,TWR-96273,5G,,0.0,rated,0,2024-09-04
76296009-2c3f-4d72-9cad-605548451bb0,af741349-a5b3-4b2a-b7b1-779edc34a7ed,voicemail,2024-12-03 03:48:23,2024-12-03 05:23:09,5686,,+16757908229,+14385392550,TWR-70647,4G,,199.7909,rated,0,2024-12-03
7f83491d-4ff9-4fbd-86a1-c29bea4512aa,cdaaeb94-3054-4adb-be86-9a919e504598,voice_mo,2024-10-28 08:59:09,2024-10-28 09:15:29,980,,+13761153567,+16777466260,TWR-65760,3G,,9.2132,rated,0,2024-10-28
9ad78ba0-d9a1-49f9-bfa0-731b1bac988a,3a101e01-6f22-4478-8d42-de3ee4dc1a14,voice_mo,2022-08-08 22:46:57,2022-08-09 00:13:05,5168,,+13603421299,+13125756174,TWR-86767,WiFi_calling,,14.3333,rated,0,2022-08-08
e02bcc62-863b-4393-b69f-5def3fb6ac75,8dea4bcd-15c7-4c42-9cd9-a09d9b134d13,roaming_voice,2023-05-08 17:05:55,2023-05-08 18:59:12,6797,,+19361907032,+19133380930,TWR-96546,LTE,FR,237.5213,unrated,0,2023-05-08
d0281599-7190-4999-82c0-9391485b2847,3b6c1a4c-e7d1-47f3-bfa5-b601337368d0,voicemail,2023-01-04 00:35:58,2023-01-04 01:23:36,2858,,+16698872239,+12826309525,TWR-21775,WiFi_calling,,37.737,rated,0,2023-01-04
509f5850-4cd2-4ab7-a86e-3938976d22f7,a4d22bd6-f6d3-4cf2-8d05-275128fa5d56,voice_mt,2024-08-31 16:03:29,2024-08-31 16:22:49,1160,,+15715744345,+16623364203,TWR-86767,5G,,47.7359,rated,0,2024-08-31
7035c434-802b-4fde-bfac-7d3e4ea0c77e,6bbfcd4b-5b94-4905-913d-499f30b75982,voice_mo,2023-11-02 11:06:14,2023-11-02 13:00:44,6870,,+16842463967,+12018517336,TWR-57409,5G,,338.2371,partial,0,2023-11-02
cb439d89-2841-4986-b3ae-97287e12e266,10764840-558a-48ce-868e-aa99aeaa3a94,sms_mo,2023-12-13 03:44:25,2023-12-13 03:44:25,,,+12357549155,+17769990998,TWR-33284,5G_NSA,,0.0,rated,0,2023-12-13
ee5121bc-dd33-4a6b-869c-ae4bb3a04f15,7df92b47-b749-474b-b32e-4ee2d985a151,voice_mo,2024-07-20 20:45:48,2024-07-20 22:03:58,4690,,+14301845141,+14379434878,TWR-23860,5G_NSA,,199.7444,rated,0,2024-07-20
e8487994-08f9-4344-bf19-61720d0854be,f0be1ec0-3886-4957-826b-7ab756101978,data_session,2024-07-14 10:59:24,2024-07-14 13:00:24,7260,6656.919,+15305418862,,TWR-63652,5G_NSA,,310.078,unrated,0,2024-07-14
48d74b01-e7db-42a5-a717-9966e34c8bbb,65089650-b79e-4d3d-9e98-8740b3a00859,voicemail,2023-03-17 01:04:11,2023-03-17 02:48:22,6251,,+16029875000,+19233836093,TWR-20637,5G_NSA,,240.8212,rated,0,2023-03-17
275ea2e7-4533-43df-931d-0ab7c68a646e,7f950b19-c2a2-4e24-8a2f-740120a39f15,sms_mo,2023-08-25 04:40:07,2023-08-25 04:40:07,,,+15245377703,+14463060474,,3G,,0.0,rated,0,2023-08-25
74f79fc6-4854-4d97-8d44-029439fc682e,ce7c9631-d931-4630-a10e-d2ca6de061a2,sms_mo,2024-10-26 23:39:47,2024-10-26 23:39:47,,,+13321103445,+19421840378,TWR-29072,WiFi_calling,,0.0,rated,0,2024-10-26
887f94a4-a6cf-4009-b6c1-7327318017e6,ada4b82c-6900-4fd6-a7de-6ce6d5cf0fb3,voice_mo,2023-12-06 01:16:57,2023-12-06 02:00:21,2604,,+12414954650,+15493665275,TWR-96581,5G,,57.0504,rated,0,2023-12-06
f35a8d02-86d8-4589-a608-61afffad9cf0,a7e1e0c4-16f6-477b-8874-94ce0ef4ac18,sms_mo,2024-09-17 00:40:03,2024-09-17 00:40:03,,,+19828425080,+14535989834,TWR-79299,4G,,0.0,unrated,0,2024-09-17
0c1141db-4b44-4486-a7d1-fd78af013bab,76b216c0-b900-4d40-adba-58bd97e87d03,sms_mt,2023-12-04 10:32:57,2023-12-04 10:32:57,,,+18725259056,+13122235257,TWR-91778,5G,,0.0,rated,0,2023-12-04
2319c0a1-efa1-45af-ae04-74a877f45f33,942ec27a-bef0-4ecc-9999-7be1c8de36dd,data_session,2022-11-08 01:32:49,2022-11-08 10:15:53,31384,5646.791,+18663836670,,TWR-96546,5G,,205.1203,rated,0,2022-11-08
60bcae11-da62-4aa6-9e85-fc1be222fa88,491f7721-a444-4698-9238-d6ea3b6898b3,roaming_voice,2024-03-29 13:43:03,2024-03-29 14:41:16,3493,,+14841784075,+17329592175,TWR-31077,5G_NSA,US,83.0603,rated,0,2024-03-29
2e9c8220-e925-4baf-8144-d556722097ae,715137aa-9d83-4b99-aa86-c83552e45629,voice_mo,2022-04-02 15:47:18,2022-04-02 17:26:56,5978,,+18657216880,+13419795603,TWR-29959,3G,,124.2808,rated,0,2022-04-02
53033a9b-09b8-42d3-8181-1a5c728e20eb,9a3f4420-8112-49a7-a707-ee350291b8fc,sms_mo,2023-12-03 08:21:55,2023-12-03 08:21:55,,,+17623720271,+16717519615,TWR-89696,WiFi_calling,,0.0,rated,0,2023-12-03
ef1c021c-766f-4bf7-a346-7aee23dfad37,880c9410-b910-4d27-950b-d50c75496e79,roaming_voice,2024-05-03 03:13:05,2024-05-03 03:34:38,1293,,+17452292287,+14174456605,TWR-67678,3G,BR,29.6443,rated,0,2024-05-03
6d12aee4-d6c1-49ac-b680-b87fb8ad4158,08a7bd99-5d35-4b3e-9d25-8e6b7679d680,voice_mt,2024-06-29 10:52:53,2024-06-29 12:30:29,5856,,+16859517326,+19384158164,TWR-98785,4G,,249.3189,rated,0,2024-06-23
f201a552-492e-4cef-8a19-51b928374e22,f4f2ff11-d2d6-4751-a411-7984a12d151b,data_session,2022-07-13 04:46:55,2022-07-13 22:25:30,63515,3393.34,+12998838849,,TWR-21775,5G,,1899.5177,rated,0,2022-07-13
9aae2709-6f49-45b7-b9d0-d0e323a0a1b7,f8cabbfe-7043-45a5-af2a-25cf2f66cc45,roaming_data,2023-05-31 08:31:51,2023-05-31 17:37:06,32715,1292.272,+17421058909,,TWR-21508,3G,DE,1340.6067,unrated,0,2023-05-31
151efec5-5afc-4441-b56b-f904b39551b1,40bc126c-12d7-4ef0-9af9-90ac36324ce5,sms_mo,2024-07-23 04:54:41,2024-07-23 04:54:41,,,+12405025192,+15832582326,TWR-67385,5G_NSA,,0.0,rated,0,2024-07-23
93f5ef7c-ae25-4477-abf0-214a1caf173a,c762ccda-7051-4195-b4fc-539bf72d7424,roaming_voice,2024-07-27 08:13:17,2024-07-27 09:49:02,5745,,+17467238735,+12015522805,TWR-31077,3G,US,93.0519,error,0,2024-07-27
b9a26333-1e02-4bb8-b916-641a38eef8de,2c96a091-40f3-49e1-adbe-707a086a8520,roaming_voice,2022-08-04 18:58:39,2022-08-04 19:54:53,3374,,+14845932268,+15887642559,TWR-79893,WiFi_calling,US,147.6136,rated,0,2022-08-04
06af2a77-2355-4ad2-92ef-6d5b8b7ed344,9cb6f557-fc1d-41e3-9155-d0397decd462,voicemail,2023-02-04 16:42:01,2023-02-04 17:32:55,3054,,+19808851242,+12779837692,TWR-78603,3G,,15.3244,rated,0,2023-02-04
fac0baf4-f06a-4548-a0df-c9f78b874eea,61b9d6a9-1a1d-475f-8c50-42bcb4cde571,data_session,2024-01-16 06:43:47,2024-01-17 00:23:48,63601,5152.29,+13422901240,,TWR-37713,4G,,753.7411,rated,0,2024-01-16
da124562-357b-4893-aa94-83afaf2f7b9d,b86524ce-1fd5-402d-a775-b7a36c336856,roaming_data,2023-10-20 13:55:47,2023-10-20 22:27:37,30710,6165.486,+16526261458,,TWR-75954,5G_NSA,MX,892.0783,rated,0,2023-10-20
6dc2ca25-1bf2-4e55-a8d0-cae01ca37d70,75d9be6d-fb27-484f-9fa8-820f38055a54,voicemail,2022-09-04 02:42:54,2022-09-04 04:11:21,5307,,+13039912862,+14369261229,TWR-42562,LTE,,106.3631,rated,0,2022-09-04
9633466b-5dbd-4b7a-986c-d7d1c2732ff9,8aedb146-25e6-4459-8fb4-2d8e0b7a3c66,data_session,2023-11-05 16:53:50,2023-11-06 00:02:35,25725,6314.46,+13351797262,,TWR-28731,5G_NSA,,1221.598,unrated,0,2023-11-05
f42340c7-20fc-4a33-9c13-3bb3d2c554f6,400bd96a-9eaf-45ff-b810-4cc340a48720,sms_mt,2024-09-13 13:01:25,2024-09-13 13:01:25,,,+12608376024,+12431942303,TWR-33281,4G,,0.0,rated,0,2024-09-13
5a36487d-c27b-4eed-8ab6-e7f4d598de93,64aff3c8-5a2d-4d79-b40b-bdb1599d1205,voicemail,2024-09-11 16:01:55,2024-09-11 17:22:08,4813,,+12395943625,+13011835640,,4G,,151.7924,error,0,2024-09-11
54ae331e-03fa-4f89-beeb-32ddd8a61b13,4b860a57-d3b1-42fc-9579-b3cee830df02,sms_mt,2022-11-29 11:09:24,2022-11-29 11:09:24,,,+14606779194,+13120214950,TWR-96136,5G_NSA,,0.0,rated,0,2022-11-29
633d405f-c002-480b-b275-ba70b39747ed,02dcb1ab-f712-45dd-9f2e-f622de34c27b,sms_mo,2023-01-12 09:09:51,2023-01-12 09:09:51,,,+13445508377,+16787731878,TWR-63516,5G_NSA,,0.0,partial,0,2023-01-12
e80e70e4-dd17-48a3-8644-94432e598c09,40a2bdea-3a5c-4edb-9add-629887191eb4,sms_mo,2023-01-07 02:25:25,2023-01-07 02:25:25,,,+14926210698,+13024580465,TWR-93894,5G_NSA,,0.0,rated,0,2023-01-07
f17d634f-64da-4b5e-beae-b4851ac3a464,7aa3bfff-bc6f-43ff-9aff-cc46acdffa55,voicemail,2022-07-30 04:33:29,2022-07-30 05:35:41,3732,,+13936158984,+13725890764,TWR-45310,5G_NSA,,177.4578,partial,0,2022-07-30
171839cd-c572-4b1c-a254-ab06dd26e758,490d8318-e5e5-4dc8-b737-2dcc7693a52d,voice_mo,2023-12-24 00:18:27,2023-12-24 00:29:12,645,,+14637481353,+17690585231,TWR-59670,WiFi_calling,,0.9675,rated,0,2023-12-24
1b566a7b-c660-487d-8521-62d7629cf349,dd7bfeef-d323-426d-9de8-1846d577fdba,voicemail,2022-03-18 01:33:32,2022-03-18 03:11:58,5906,,+12239474350,+19167620253,TWR-32499,5G_NSA,,244.3234,rated,0,2022-03-18
e53c79c7-5372-4fc4-b2b0-c8ded9a9e677,685b2a2c-77d5-4432-9b15-86c9065fccef,sms_mt,2023-08-24 14:27:14,2023-08-24 14:27:14,,,+15552872694,+15880304687,TWR-88599,4G,,0.0,rated,0,2023-08-24
dbaa8267-1025-4c42-b86d-5b3f8f5aca9b,ec613745-c8ec-4a2a-ac34-839b99fb8e33,data_session,2023-06-06 18:53:44,2023-06-06 23:39:26,17142,2714.902,+15021207318,,,5G_NSA,,200.0645,rated,0,2023-06-06
45c252e4-509a-4cd4-b751-f306ef0dad8a,639048d0-901b-487e-bc2e-1dc5640626c0,data_session,2022-07-07 06:25:32,2022-07-08 01:45:07,69575,4626.566,+19420295033,,TWR-65760,4G,,1115.7413,rated,0,2022-07-07
7b3d2b15-31ad-4b0a-b4b9-8087d67aae73,c036429f-0eb2-4ee6-8464-d70a009c6023,voicemail,2024-01-17 19:18:30,2024-01-17 19:48:11,1781,,+14460398981,+17696189153,TWR-99759,5G,,71.1529,rated,0,2024-01-17
5d28c01b-9900-487f-baad-99469d599f9a,fa531a7b-cd73-41ad-8db7-3894273ee521,voice_mt,2022-01-26 12:46:29,2022-01-26 13:09:54,1405,,+14561017575,+12980259730,TWR-16249,3G,,13.0993,rated,0,2022-01-26
99cb997e-50a1-46a0-80f1-a489bdeeaca5,8dc71bc4-867e-45e8-8108-3aa22a3aa63b,sms_mo,2023-11-23 08:06:05,2023-11-23 08:06:05,,,+19649334992,+18282461305,TWR-25560,5G,,0.0,rated,0,2023-11-23
19e4279d-d935-4936-b6d4-41d6893101dc,7ef35cc5-b122-43e9-b26f-56d63c4a6d5a,voice_mt,2022-05-10 05:51:01,2022-05-10 06:19:27,1706,,+13499772334,+14774846316,TWR-54228,4G,,55.2392,rated,0,2022-05-10
a8f97e56-a9b0-4db3-9c6e-c4716e7a5f54,bfc98c3c-b99e-40d5-9640-0c7fe0101e66,roaming_data,2024-08-22 21:45:11,2024-08-23 15:32:01,64010,4012.183,+16410614632,,TWR-59784,3G,MX,2245.8907,rated,0,2024-08-22
7f9ef7dd-0ae7-49e4-a406-f98afb9fdcad,f7de60ae-7a06-41d1-b249-e0eb61da75ce,voicemail,2024-06-26 00:24:40,2024-06-26 00:34:06,566,,+17556354938,+14541404347,TWR-42918,3G,,11.8781,unrated,0,2024-06-26
9c0742c8-8099-470c-a916-51aa3ee04fb9,13fb9bdc-536a-44e2-b742-8c5c4ff459f4,sms_mo,2022-01-06 21:51:01,2022-01-06 21:51:01,,,+16591815955,+14016568236,TWR-72092,4G,,0.0,rated,0,2022-01-06
27790095-f461-4e12-ae99-ff103d83cb61,f7de60ae-7a06-41d1-b249-e0eb61da75ce,sms_mt,2024-08-13 11:27:07,2024-08-13 11:27:07,,,+14618897404,+12792519962,TWR-50718,4G,,0.0,rated,0,2024-08-13
7b9a0e75-2b64-4e05-bc00-81adb2cda9d6,2c96a091-40f3-49e1-adbe-707a086a8520,sms_mt,2024-08-01 16:58:45,2024-08-01 16:58:45,,,+18833458480,+16771715386,TWR-48408,LTE,,0.0,rated,0,2024-08-01
091be0f3-5f1e-4dcf-8b1d-1bc551d3710e,4c08e09f-7e27-4e6f-845f-24763bf26af6,roaming_voice,2022-05-22 00:40:08,2022-05-22 00:44:55,287,,+17374541721,+12532726707,TWR-62772,5G,BR,12.9767,rated,0,2022-05-22
05fce469-1f60-4afb-980d-b14ebb646ac6,49d01040-8934-4803-9336-6e599064e4cf,sms_mt,2024-05-30 19:46:11,2024-05-30 19:46:11,,,+12664893920,+19422564575,TWR-38288,5G_NSA,,0.0,rated,0,2024-05-30
74eef108-abac-4e46-b270-136a9dc6d9f0,d2f82f4a-c0e7-4d45-be95-cf4908e1b0c9,roaming_data,2022-12-01 10:46:51,2022-12-02 00:29:08,49337,2778.801,+14773784592,,TWR-15590,5G_NSA,FR,2312.5732,rated,0,2022-12-01
217c38ca-088e-422d-ae2c-5d1252251cf5,9963eff4-7062-4a2b-b495-a41ba9c94233,data_session,2022-06-18 22:30:13,2022-06-19 06:37:30,29237,4574.067,+12895514686,,TWR-62351,WiFi_calling,,1251.4487,rated,0,2022-06-18
5365d264-4006-400f-8bb1-58317e0f7a9e,bc21b11b-1692-4116-9a4c-f8a0fdf08fc9,sms_mo,2024-11-18 02:29:56,2024-11-18 02:29:56,,,+18532386489,+14505268608,TWR-35489,4G,,0.0,rated,0,2024-11-18
bcbbde68-7a52-4a69-b2f4-2e5f4c6ebe69,c500b93d-32ca-4984-b368-0cf6eb44adc2,roaming_data,2022-11-09 16:29:16,2022-11-09 17:21:33,3137,1454.107,+17997134421,,TWR-55269,3G,,128.5366,rated,0,2022-11-09
4a3f033a-0dd8-445e-b510-7589a80d91f4,f05a0eea-5ebb-4597-bb32-081f9191353f,sms_mo,2023-07-30 01:41:44,2023-07-30 01:41:44,,,+15251798816,+12501794312,TWR-67385,4G,,0.0,rated,0,2023-07-30
6a1c4f18-9810-4b07-977e-8565a263f0b0,9ec4fd17-3a19-4024-b052-0e1463a5c092,sms_mo,2022-06-18 04:23:15,2022-06-18 04:23:15,,,+19838843437,+12965943647,TWR-96581,3G,,0.0,rated,0,2022-06-18
0ef3e894-e26f-4794-b23c-7630767b655c,59e565e8-cd06-4e4e-ad9e-802a705d387e,voice_mo,2024-03-03 11:49:32,2024-03-03 13:08:00,4708,,+19458808007,+13145152137,TWR-11461,5G,,96.0004,rated,0,2024-03-03
7a937ff9-24ea-4d24-98bd-7f61d445c050,f7acb9f4-c7fb-4607-b99c-66016e0d5217,voicemail,2023-03-26 20:18:38,2023-03-26 21:05:00,2782,,+17443477704,+14020532788,TWR-23860,3G,,19.2722,unrated,0,2023-03-26
e74bcf82-83fc-4fd4-a889-88cddfd576af,e2efdad6-418f-4b1f-b232-f9705d5f46d4,roaming_voice,2024-04-29 00:25:35,2024-04-29 00:50:47,1512,,+19424985682,+17076932162,TWR-70647,WiFi_calling,GB,28.0374,rated,0,2024-04-29
ec8daee2-fbe5-4e96-a27f-54c45501642b,17cca86b-ef4f-40ad-b2da-e1798cbafaee,sms_mt,2023-09-28 00:36:41,2023-09-28 00:36:41,,,+16948847627,+18727530462,TWR-72409,WiFi_calling,,0.0,rated,0,2023-09-28
17440016-4b30-4baa-94af-572aed0dde77,d49ee1b8-1b7a-47af-86e6-b756ab6266e3,roaming_data,2022-08-15 11:37:16,2022-08-16 10:55:55,83919,5333.247,+12685460136,,TWR-48846,LTE,IN,3514.5686,unrated,0,2022-08-15
744ca83b-e04e-46cb-b193-134e5dca9e00,4cf062c3-160e-40cd-8319-2c2baf0dc609,sms_mt,2024-04-11 13:43:43,2024-04-11 13:43:43,,,+14534431265,+12697939127,TWR-91778,WiFi_calling,,0.0,rated,0,2024-04-11
15cf9752-6de6-4af5-987b-45138bc8807a,8e4cefa0-2657-4022-9898-f7270dc23ba4,voice_mt,2022-04-25 16:26:51,2022-04-25 17:10:06,2595,,+17217054652,+15039642528,TWR-42562,4G,,53.6169,rated,0,2022-04-25
eb827604-75b3-4707-9881-6e9fae357396,d6df2dc7-313e-40ab-98a2-c24259733d1e,data_session,2022-08-15 01:14:44,2022-08-15 06:35:42,19258,6686.568,+15146295018,,TWR-20637,5G_NSA,,615.1033,rated,0,2022-08-15
99c27990-518c-4d7e-b003-8abb151ef3a6,dd7bfeef-d323-426d-9de8-1846d577fdba,data_session,2023-10-31 06:35:51,2023-10-31 20:47:10,51079,5642.872,+19376066595,,TWR-59670,LTE,,379.9122,rated,0,2023-10-31
79d35d0b-fd77-470a-981a-d9e90179942e,c036429f-0eb2-4ee6-8464-d70a009c6023,sms_mt,2023-02-09 20:35:13,2023-02-09 20:35:13,,,+14082590436,+15045785274,TWR-40174,WiFi_calling,,0.0,rated,0,2023-02-09
cd74cb6f-a6ce-4815-9fc2-e4aeca48cd73,bf27a886-9ad6-40ec-b516-d749b5fa178c,voicemail,2022-08-14 13:14:09,2022-08-14 13:19:27,318,,+14129812866,+17132247133,TWR-48793,5G,,2.1281,rated,0,2022-08-14
6fd455e9-49de-4f15-a48f-810e821e783c,fdf879a5-2e4f-43f8-a329-809ce0df7bc2,roaming_data,2023-10-30 10:29:16,2023-10-30 18:18:15,28139,6390.787,+14029148099,,TWR-86767,5G,US,856.1125,rated,0,2023-10-25
a5777e9e-4e68-4275-98eb-3569bdd0b054,5c406de3-3426-462c-93ee-13a10f7e85b9,sms_mt,2024-07-02 11:25:51,2024-07-02 11:25:51,,,+19565340803,+13840867901,TWR-25560,LTE,,0.0,rated,0,2024-07-02
398c9d05-07c2-405e-be2b-96cc17d99f2e,236238c5-94f7-4337-99d1-122a2406a783,sms_mo,2023-01-30 10:29:41,2023-01-30 10:29:41,,,+13064702100,+16062758809,TWR-65732,WiFi_calling,,0.0,rated,0,2023-01-30
522346c4-8614-4dbd-843c-bfc7fea05fdb,d6132570-4382-486f-9017-deea376728df,data_session,2024-07-25 02:11:53,2024-07-25 19:18:18,61585,2417.792,+16047786637,,TWR-79299,5G,,2113.7829,rated,0,2024-07-25
440291cb-7408-4869-887c-c01081443dc2,251a1fbf-00fe-4a10-865f-fca4a57b097e,sms_mo,2023-01-10 10:28:00,2023-01-10 10:28:00,,,+14376400342,+14645149484,TWR-65195,WiFi_calling,,0.0,rated,0,2023-01-10
b672cff4-5fb7-4715-89dc-3d1ae1518475,951c0907-d4c5-43b9-a50f-96b30cfa7026,roaming_voice,2023-07-31 13:45:13,2023-07-31 14:47:27,3734,,+14552389242,+16576535505,TWR-32499,WiFi_calling,DE,47.3626,rated,0,2023-07-29
bb84dfbd-288f-4d38-a15a-a4e0aa41efaa,f905d4a9-a60b-4783-87e1-b3ff4c9191bc,roaming_voice,2024-04-05 07:29:28,2024-04-05 07:37:58,510,,+13233971438,+12456835498,TWR-60870,5G,DE,11.9872,rated,0,2024-04-05
b2117e7c-e362-4a92-b8f3-b992d0e6e818,d890a573-c3cf-4102-857d-78f57971ccf8,voice_mt,2022-10-01 15:59:22,2022-10-01 17:37:33,5891,,+16032883645,+19283085113,TWR-90922,5G_NSA,,237.7938,rated,0,2022-10-01
4692a3f4-e8b3-444c-8ca8-932d63e942f3,be1e0c03-56dc-46f6-b214-7786a5176565,roaming_voice,2024-05-10 11:40:35,2024-05-10 12:24:42,2647,,+17134123126,+13832081777,TWR-68192,LTE,US,110.9667,rated,0,2024-05-10
5862724f-2237-4919-970c-b8e54079be66,4c764df8-3e6b-4664-aab4-6b85475e7ac6,roaming_data,2023-07-08 06:43:53,2023-07-08 06:50:20,387,5668.618,+15042631898,,TWR-35489,4G,MX,7.0897,unrated,0,2023-07-08
35c4427f-6757-4c2a-97c5-a0bc78acf2ba,bcab86ba-c626-4543-9a33-f94f0f0641c3,roaming_voice,2022-03-16 14:17:39,2022-03-16 14:23:32,353,,+16041839077,+14527917987,TWR-37713,5G,FR,3.0751,rated,0,2022-03-16
eec55d85-bdfe-4334-a0ee-f847bc8af260,a461b3a6-a908-49cd-8404-0e77f3d87ee4,roaming_data,2024-07-11 19:34:32,2024-07-12 10:26:21,53509,118.866,+14066762268,,TWR-58624,WiFi_calling,IN,2597.3866,rated,0,2024-07-11
c1e45c88-9907-4d96-99aa-de5dddb1ceea,38e0ac4d-c226-496f-9885-437ffed62773,voicemail,2022-04-25 18:56:40,2022-04-25 20:49:50,6790,,+13457598334,+15112838900,TWR-35907,5G,,310.9778,error,0,2022-04-25
7cfb3c71-7ec7-4c19-9890-b2e385d46ac0,95d7b6fa-07d9-415f-846f-e724f025c45e,voice_mt,2023-05-17 05:52:39,2023-05-17 06:18:00,1521,,+12517445909,+18791297361,TWR-35907,WiFi_calling,,24.6518,unrated,0,2023-05-17
ee3d2d18-7049-42f2-8c24-7132e28cd1d2,968708e3-374d-4712-becb-8e9317521b94,sms_mt,2022-12-12 12:51:21,2022-12-12 12:51:21,,,+15640157476,+12073807428,TWR-35907,5G_NSA,,0.0,rated,0,2022-12-12
87a1cc39-3765-4cc6-8073-1772775c52a6,e044bda0-f62f-4cdf-b77f-c0512bbb7c51,roaming_voice,2022-04-07 11:52:39,2022-04-07 12:39:40,2821,,+13162401275,+14245853806,TWR-64619,4G,US,32.9134,rated,0,2022-04-07
40d900a7-3fb1-475e-90a3-9cb130fef3fc,0f91fad7-30c7-4819-8d6d-04851f5a6135,roaming_data,2022-06-22 22:14:01,2022-06-23 11:45:10,48669,2545.836,+19223298492,,TWR-15590,5G_NSA,MX,557.3731,rated,0,2022-06-22
eed0278a-22d8-4e41-a69f-5d8e53ae0f4f,6186b9ba-b727-49f5-9ac5-b2d0ddba564c,sms_mt,2022-09-09 07:18:19,2022-09-09 07:18:19,,,+18318871819,+18817725286,TWR-21508,LTE,,0.0,rated,0,2022-09-09
400f0972-ac2d-438c-9a7d-7c1b5813cff7,6ca35174-72c2-41c4-a1ed-d7b4cb2ceffe,voice_mt,2022-05-28 06:02:08,2022-05-28 06:03:12,64,,+15846786164,+19225994418,TWR-10742,4G,,2.0437,rated,0,2022-05-28
63a0db35-de13-4b21-a2ce-953ccca1f78a,a7e1e0c4-16f6-477b-8874-94ce0ef4ac18,data_session,2023-02-20 17:53:32,2023-02-21 06:44:26,46254,4996.718,+19296761280,,TWR-58624,LTE,,1821.1388,unrated,0,2023-02-20
4eb4c946-9f50-4d09-9952-d8110522c60d,d1989638-debe-4f93-a5bb-0f4c0211f766,data_session,2022-04-09 21:44:23,2022-04-10 11:08:05,48222,7265.855,+14104511621,,TWR-33462,3G,,1108.7307,rated,0,2022-04-09
d5288010-1c60-485c-a9ad-9912abe745ed,96024851-f57d-48b5-a70b-34284741ee8d,sms_mo,2024-03-15 16:15:29,2024-03-15 16:15:29,,,+19410591446,+15149499979,TWR-75948,LTE,,0.0,rated,0,2024-03-15
a53cdbbc-2072-46a5-95fe-8e58a846b695,fc9290b7-18bd-4604-811d-533bc9258a94,roaming_voice,2023-12-18 12:09:21,2023-12-18 12:40:47,1886,,+15397811337,+19768620275,TWR-33753,WiFi_calling,DE,9.5535,unrated,0,2023-12-18
0c56ffc2-4320-40b7-ada4-204c177fec44,e044bda0-f62f-4cdf-b77f-c0512bbb7c51,sms_mo,2023-08-22 19:49:39,2023-08-22 19:49:39,,,+18105513996,+13843947672,TWR-16726,4G,,0.0,rated,0,2023-08-22
2acd999c-95e0-4bd8-8cdf-ec6e19c5d865,cc2f4306-8ed5-4d0d-8bce-2ae6a2aa7df6,voice_mo,2022-02-09 19:22:09,2022-02-09 21:04:29,6140,,+17867871988,+16698788503,TWR-50718,LTE,,76.9657,rated,0,2022-02-09
064a8aa4-a522-4426-bced-20e475ac5824,9000e141-c50a-4f54-a57d-0e09aac3e0d3,roaming_voice,2022-03-04 08:32:47,2022-03-04 08:50:05,1038,,+16679433222,+17532170532,TWR-72409,5G,BR,48.0778,rated,0,2022-03-04
6854f42a-3f94-428a-88f1-bda9db993fc6,88abdda1-2a43-43b0-bd3e-a3daf0ad41c9,voice_mo,2024-07-09 17:50:47,2024-07-09 19:14:41,5034,,+18293807105,+17660792784,TWR-37207,3G,,136.6273,rated,0,2024-07-09
30ee0946-f39d-4165-ba1a-a41da85c2daf,3b72be4b-464d-4207-a7be-27dcfee2ead0,sms_mo,2024-10-26 21:28:00,2024-10-26 21:28:00,,,+13050383383,+15749964938,TWR-97164,LTE,,0.0,rated,0,2024-10-26
a079131c-4c65-4948-a5f5-976268e1286d,b79d1644-f627-479a-a5db-b3d788e47ba3,voice_mt,2022-02-26 06:17:39,2022-02-26 06:40:24,1365,,+17303694154,+17936155285,TWR-50818,5G,,42.1726,partial,0,2022-02-26
a5d5b160-dbb7-4907-875b-e11066ef7e71,d1a2331d-2435-4148-b5bb-b88c0e4a4ebf,voicemail,2024-12-01 12:17:56,2024-12-01 13:47:23,5367,,+18028964159,+13990978709,TWR-62772,4G,,104.3534,rated,0,2024-12-01
08b9e6b4-bce0-4e7d-b05c-595eef13d4e8,b2ace032-9593-4842-bd49-0877ce19f8c4,roaming_voice,2022-12-25 08:58:26,2022-12-25 09:05:09,403,,+19467497103,+15560486102,TWR-17316,WiFi_calling,US,19.3402,rated,0,2022-12-25
ce2254bf-85ac-4ac8-a7c4-6aa142dec9b4,8e179af9-5f13-4e88-a13b-1c40ab5452d6,voicemail,2022-01-24 17:29:24,2022-01-24 18:17:09,2865,,+19004283098,+14015400512,TWR-71477,LTE,,122.3374,rated,0,2022-01-24
c46be752-adaa-4138-9062-ddc44be422bb,70f98024-6bb3-4af3-a78d-fe2f8e37f465,sms_mo,2023-07-30 07:23:58,2023-07-30 07:23:58,,,+16896688467,+18802556507,TWR-48846,LTE,,0.0,rated,0,2023-07-30
e4444913-321f-4fd7-8ef1-4b9080e7d23f,816a1c73-49af-41fd-b211-fbeecb412670,roaming_voice,2023-04-02 23:56:17,2023-04-03 00:42:59,2802,,+12539833578,+19144367531,TWR-70566,WiFi_calling,MX,21.1105,rated,0,2023-04-02
7669e826-5dab-46ca-be94-f85d046c2568,562a42f6-6cc5-4283-bac8-be91b7d96eb9,voice_mt,2024-01-29 09:37:09,2024-01-29 10:50:26,4397,,+15992866597,+16192263791,TWR-59906,5G,,102.2891,rated,0,2024-01-29
ab0f0ca9-778f-4fc8-bc89-8a57a2df4254,96660874-541d-4eee-be37-cf810e6fffd4,sms_mt,2023-01-01 15:17:38,2023-01-01 15:17:38,,,+15802473791,+16890536271,TWR-83526,WiFi_calling,,0.0,rated,0,2023-01-01
b4b9859f-9857-4650-926d-c9ee941b168e,d6df2dc7-313e-40ab-98a2-c24259733d1e,voice_mt,2023-10-03 15:45:27,2023-10-03 15:54:52,565,,+13031628362,+13542051219,TWR-77981,4G,,27.9671,rated,0,2023-10-03
5814ad86-bd85-46fa-b003-5959fa758a16,36e7bb73-3326-4525-b9a8-87e464e36200,sms_mo,2023-11-11 14:22:06,2023-11-11 14:22:06,,,+16976034164,+12333596989,TWR-21274,5G,,0.0,rated,0,2023-11-11
461d9f35-efb8-4811-85b7-90a9b6679e61,8066ceb1-c798-4d00-89a9-2c183bc9eb1b,sms_mt,2022-03-09 21:19:22,2022-03-09 21:19:22,,,+13332396412,+19233750597,TWR-75422,5G,,0.0,rated,0,2022-03-09
aacc31f8-48b3-48b7-b775-66987aabf49b,b1d1233f-f0c4-412c-90ba-55c8ccd5a895,roaming_data,2022-04-25 16:50:58,2022-04-26 14:22:18,77480,4426.881,+14165391195,,TWR-64272,LTE,BR,2755.1416,rated,0,2022-04-25
f3d77c63-650d-4465-8e03-78c7a3c3f3d4,893c46ff-5f20-4821-a0b6-073b244088f5,voice_mt,2024-03-20 20:02:24,2024-03-20 21:50:22,6478,,+18829249821,+18676536935,TWR-48408,5G,,206.7851,rated,0,2024-03-20
1b17749b-00f3-4b11-b3c3-4b66083cb0e0,df3608fd-906d-4d77-b0bf-fc05ed43d9ce,voicemail,2023-07-06 22:14:16,2023-07-06 23:04:11,2995,,+15364638350,+15211043046,TWR-72092,4G,,55.5773,rated,0,2023-07-06
125a66b9-e60b-4891-8ff0-3bcb2448577a,607990e9-70ca-4689-9c92-fa5347ba704b,sms_mt,2022-07-07 05:51:23,2022-07-07 05:51:23,,,+13027103235,+15643503171,TWR-57409,5G_NSA,,0.0,rated,0,2022-07-07
e71f65b6-9960-4977-b50e-ecfabf6a5df9,b6f0720e-106b-4174-b790-cc6dbfb2ae47,roaming_data,2024-12-04 03:58:02,2024-12-04 17:46:03,49681,6419.901,+14226608392,,TWR-62310,5G,GB,1959.4027,rated,0,2024-12-04
b832aa3d-d48c-42b6-b968-43dfd8073ec9,cb00f2dd-2197-4507-9eed-83282f125974,roaming_voice,2023-11-05 22:05:19,2023-11-05 23:07:17,3718,,+15228686775,+17168309171,TWR-21508,4G,CA,177.006,rated,0,2023-11-05
250ab136-d02e-4126-ac6a-ebadbdd005f5,4b860a57-d3b1-42fc-9579-b3cee830df02,roaming_data,2023-02-15 23:26:17,2023-02-16 17:37:07,65450,7988.508,+17711866902,,TWR-22646,4G,IN,829.8204,error,0,2023-02-15
e42f7d67-7514-42c2-b423-1a813682807e,89869cfe-03a8-4fa2-8f00-9a1ac0962204,voice_mt,2023-10-22 05:50:02,2023-10-22 06:57:07,4025,,+15492283283,+12893295080,TWR-75948,WiFi_calling,,133.8812,rated,0,2023-10-22
a32d9080-e80a-46f9-9460-d0bf3f635a7b,c3a49ff9-325a-4660-aac8-5bea541387f4,voice_mt,2023-04-23 03:01:23,2023-04-23 04:48:27,6424,,+14972188666,+16619946303,TWR-99635,4G,,266.8683,partial,0,2023-04-23
097c6b6b-b270-4279-85a3-b7ecb548067e,8482b347-444f-4211-beca-833fcd75b827,roaming_data,2024-03-31 01:24:35,2024-03-31 08:57:43,27188,6503.013,+13983409093,,TWR-59784,5G,BR,464.4455,rated,0,2024-03-31
fc28f061-db6a-4040-ac9b-bc596d7d8703,066e425b-31bb-4e08-b717-a58c41dcf08e,roaming_data,2023-10-07 12:08:00,2023-10-07 22:08:11,36011,3649.82,+16457388502,,TWR-48718,WiFi_calling,CA,1140.2248,rated,0,2023-10-07
687b9254-a95b-4a55-8466-9fad08375983,ab66e531-232f-4dcc-b712-2518ae2c2c3d,sms_mt,2022-03-21 17:36:02,2022-03-21 17:36:02,,,+19456919067,+13340389162,TWR-83131,3G,,0.0,rated,0,2022-03-21
398ebe10-6ead-4ece-85f1-304951cf2973,fa531a7b-cd73-41ad-8db7-3894273ee521,voice_mt,2022-05-25 20:34:49,2022-05-25 21:19:03,2654,,+16767069016,+17960939383,TWR-63127,5G,,63.4914,rated,0,2022-05-25
a1a8e757-b8f4-4d31-a690-f023e2b14909,568450df-29a5-41d7-89ee-f0a6ed6d4b91,voicemail,2022-09-26 22:07:57,2022-09-26 23:16:31,4114,,+16703119220,+19845516528,TWR-62961,5G_NSA,,66.7739,rated,0,2022-09-26
32b56285-3cde-4615-8972-426111060319,daa1ca29-c753-426d-b600-0199dcb31dc4,voice_mo,2022-01-09 22:20:10,2022-01-09 23:43:57,5027,,+12383243256,+17074879799,TWR-62242,LTE,,89.3574,rated,0,2022-01-09
d7e958ae-4279-4efc-8fb9-baaeb909cba4,dc173425-7bdd-4f02-bc01-5311e7a1bb33,voice_mo,2023-06-02 08:07:26,2023-06-02 09:15:53,4107,,+18143371358,+15813787419,TWR-88042,5G,,42.7454,rated,0,2023-06-02
cbe9a713-8a8f-4d33-938b-74de440c9aa5,98dce6e4-9ed2-4b49-b71c-33c3503fb0d6,voicemail,2022-03-21 08:10:12,2022-03-21 09:21:59,4307,,+16882653516,+17720354304,TWR-97532,WiFi_calling,,179.5284,unrated,0,2022-03-21
1c152ad2-0a9d-4462-8ee5-1e032631e334,0472a3cd-b198-40ae-a97c-62fec1158fb8,roaming_data,2023-03-07 01:44:09,2023-03-07 03:58:48,8079,3851.825,+17054457774,,TWR-60209,LTE,,216.5884,rated,0,2023-03-07
1ed23074-af00-44b5-bc4d-7aae40177f06,8afec3a0-4212-4b8b-bb52-21d2e52177a3,roaming_data,2023-01-16 01:37:51,2023-01-16 19:08:05,63014,1412.543,+12517472196,,TWR-38652,5G,MX,3035.5986,unrated,0,2023-01-16
6acab7d2-b789-4a49-b9bf-7c7b61e7618d,637999f6-0679-442f-9a8f-d46d3c70542c,sms_mt,2024-10-11 07:59:47,2024-10-11 07:59:47,,,+19955242694,+19022142502,TWR-21508,5G,,0.0,rated,0,2024-10-11
e021923b-c326-40a7-8571-2a0717f0e9eb,a83a5981-4415-448f-8183-4436768a817b,sms_mo,2023-06-22 06:54:34,2023-06-22 06:54:34,,,+14207016032,+15770889251,TWR-92839,4G,,0.0,rated,0,2023-06-22
591cdaa1-f6f3-4ff9-a608-36e1a107a2cb,98c4d191-2f0d-435b-a6c0-369f0a7d0244,roaming_voice,2022-10-25 06:17:01,2022-10-25 06:49:51,1970,,+19697005563,+12811743625,TWR-75422,WiFi_calling,US,72.3475,rated,0,2022-10-25
f0d5a6ce-a8ed-4cd1-bc17-57b3842328e1,55b74a31-7cc4-426f-b64b-8a0854126406,roaming_data,2023-02-21 10:58:09,2023-02-21 11:32:52,2083,6536.558,+17420451364,,TWR-99759,3G,,40.7811,rated,0,2023-02-21
be08e008-9f5b-45b7-a06b-eb5638ff83b7,9a93efa4-398d-4622-8519-c57731a047f9,roaming_voice,2024-08-28 16:33:29,2024-08-28 16:54:06,1237,,+14957973116,+18921240307,TWR-91778,4G,US,41.8993,rated,0,2024-08-28
5657f1bb-a411-4778-a94b-132e328dfd64,838b92e0-f368-4c77-b8ad-9abde76fae13,sms_mo,2023-01-14 15:14:35,2023-01-14 15:14:35,,,+12889777707,+17285577346,TWR-20592,5G,,0.0,rated,0,2023-01-14
b3bde4b4-0108-4908-a207-1a12344ad5de,88aaeb8a-a0b5-4cd2-aadc-92ebe5ec09ce,roaming_voice,2023-12-19 17:11:04,2023-12-19 19:05:53,6889,,+12678604046,+15300875800,TWR-70647,4G,IN,256.7406,rated,0,2023-12-19
47943f13-e173-43c2-86a1-58804b5222cf,a3100d2a-b8c4-4110-8e65-24a37d665c00,sms_mt,2022-02-24 20:45:39,2022-02-24 20:45:39,,,+18774612295,+19274903900,TWR-50818,WiFi_calling,,0.0,rated,0,2022-02-24
d42d89db-ed12-477f-a1b4-a2daab7a0456,8066ceb1-c798-4d00-89a9-2c183bc9eb1b,voicemail,2023-06-13 02:10:11,2023-06-13 02:27:48,1057,,+16567522668,+12022263636,TWR-79893,4G,,49.2749,rated,0,2023-06-13
841649e1-7ed6-4c12-b74f-0021697bf496,087c1b0f-9d09-4e1b-9b40-2a4031d52179,roaming_data,2024-04-12 21:23:45,2024-04-13 17:10:06,71181,1442.826,+15420236910,,TWR-71477,LTE,JP,885.2643,rated,0,2024-04-12
3018c2dc-53d7-4efb-9564-314d488c1313,ff6eea5e-7b14-43e8-aad8-966e9c8f34ba,sms_mo,2024-04-02 10:02:00,2024-04-02 10:02:00,,,+15022240080,+16489868635,TWR-90922,4G,,0.0,rated,0,2024-04-02
73f882f0-f588-46ab-93b9-e47042997bd1,961ec958-f969-4bfa-8ef1-7007022255c5,voice_mt,2022-04-14 14:41:09,2022-04-14 15:26:12,2703,,+19570397392,+19041865371,TWR-91778,4G,,110.5663,unrated,0,2022-04-14
a2db0c0b-d3d0-4a2e-8e29-7bab637390cc,e31a7795-e1b8-45c4-b22d-2d0a4aa58c9b,sms_mo,2024-10-24 20:15:02,2024-10-24 20:15:02,,,+19805563900,+16631945440,TWR-57409,4G,,0.0,rated,0,2024-10-24
9578a198-365e-4fe3-9773-676091b956b8,cd2c680e-e2b2-4a86-8f86-5914fb5fb95d,data_session,2022-06-17 18:46:37,2022-06-18 02:40:18,28421,5348.531,+14151538761,,TWR-65760,3G,,1315.7774,rated,0,2022-06-17
4060cdbb-cb49-4cda-a5a9-8e1e39440c79,28fb8c05-25b0-4b94-88d4-a10044a3fd2b,data_session,2023-10-21 17:46:37,2023-10-22 11:31:00,63863,646.317,+13733363976,,TWR-59784,5G,,983.0702,rated,0,2023-10-21
e25b1a6f-d26b-4a1d-80f0-276bfd2f8cec,e1fc7f48-d38e-4a87-b6f2-89642374fb24,roaming_voice,2023-06-11 18:35:33,2023-06-11 18:50:35,902,,+14223909488,+19898612413,TWR-29072,WiFi_calling,US,25.5051,rated,0,2023-06-11
5dce448f-3793-46b0-8c80-1e7a72fb755e,64d5d3d1-5547-4de9-9b27-ddd2e0a152af,sms_mt,2024-05-05 10:34:34,2024-05-05 10:34:34,,,+12992259574,+17039293843,TWR-19132,4G,,0.0,rated,0,2024-05-05
66184b55-3b4f-4162-b637-175b81c172f9,f6990512-a2ff-4fb1-b8d7-34aeffd47050,roaming_voice,2023-04-22 10:36:38,2023-04-22 10:56:29,1191,,+17372429618,+13476212589,TWR-47000,5G,CA,36.356,rated,0,2023-04-22
1d347f48-f612-4775-aa02-78faacd5cb14,cabca326-8949-4a89-8c68-4e969a5b7859,data_session,2023-11-04 10:34:38,2023-11-04 15:36:25,18107,972.084,+14138394368,,TWR-32499,3G,,154.1266,rated,0,2023-11-04
16b0af11-98a1-4aaf-a751-ae4a1867c72f,2c73ce3d-b81f-447f-b110-c89425390acf,voicemail,2022-04-21 10:29:28,2022-04-21 12:04:55,5727,,+12039435296,+16942279267,TWR-19132,WiFi_calling,,31.4308,rated,0,2022-04-21
31c73b5a-f386-4621-9390-6543785d8c18,aed4617e-ab8c-432c-9936-0a772e95e64f,roaming_data,2024-07-20 19:27:58,2024-07-21 10:10:40,52962,5586.376,+13415777079,,TWR-51468,4G,GB,888.9207,rated,0,2024-07-20
f7cd1b02-5fba-4c8a-b34e-a446657145a1,a28f0190-71d0-47ba-8a8b-fd7063d243d7,sms_mo,2024-06-21 12:52:15,2024-06-21 12:52:15,,,+12951285794,+14244890455,TWR-88042,5G_NSA,,0.0,rated,1,2024-06-21
2aed6bc5-680d-4121-b8dd-55c30a401d47,66a17aa7-1a3e-4660-a215-3f36d23c1f20,data_session,2024-11-24 17:31:15,2024-11-25 06:39:24,47289,3812.201,+18090076596,,TWR-37864,5G,,1199.5343,rated,0,2024-11-24
d6d692ce-55b8-4ba4-b8c2-9a2149cbf906,0510eb97-c380-4700-861a-540f623f2611,voice_mt,2024-04-02 20:08:00,2024-04-02 20:13:59,359,,+13763104172,+13778421828,TWR-98912,LTE,,15.0479,rated,0,2024-04-02
ad534d20-e4d4-4eb8-b340-41f2b21ebf2a,114aca75-7aae-4be9-9794-8ba8b2151fc4,voice_mt,2023-11-27 19:22:35,2023-11-27 21:04:26,6111,,+16708139458,+15089555566,TWR-79893,4G,,149.5408,error,0,2023-11-27
b85b7faa-f149-4b04-9fb8-7b7a1471a17b,fedc0425-9e22-4b72-8474-b70446229f14,data_session,2024-01-09 01:35:08,2024-01-09 07:34:38,21570,1378.753,+14434775895,,TWR-21775,5G_NSA,,524.89,rated,0,2024-01-09
4af97c9b-e8ca-4c35-a2b0-95d02ddfca1d,86169115-3133-44fc-9f64-59e34a512c22,roaming_data,2023-01-07 04:04:50,2023-01-07 19:58:12,57202,196.134,+17656528374,,TWR-36318,3G,US,2498.9275,rated,0,2023-01-07
3bb187cd-d2fc-4db3-9008-1765c02f407e,3511158f-39dd-4fb4-a961-f9fbcf29a424,sms_mt,2023-07-06 13:11:17,2023-07-06 13:11:17,,,+14376833955,+19924760143,TWR-33435,WiFi_calling,,0.0,rated,0,2023-07-06
38b0bc17-3272-4088-9766-b21581bb7915,12a3251f-182f-4bfb-b1be-c1d7c72afdd1,voice_mo,2022-01-08 01:21:31,2022-01-08 02:41:42,4811,,+18480547835,+16607626022,TWR-63723,5G_NSA,,40.7215,rated,1,2022-01-08
049de326-c94f-4a77-815c-aa5cdcb40900,10709baa-3686-4f8e-8b28-2516966c98fa,roaming_voice,2024-12-06 23:25:54,2024-12-06 23:30:40,286,,+13960975217,+19059629932,TWR-96581,WiFi_calling,GB,6.9019,rated,0,2024-12-06
c17e93fc-e050-4d68-b459-7831cd1cdf94,b687f8f9-58df-488c-801d-5e2d8b20fe55,roaming_data,2022-01-24 18:22:46,2022-01-24 22:19:03,14177,3875.395,+17312708418,,TWR-89696,5G_NSA,DE,98.854,unrated,0,2022-01-24
5f11601a-3275-4bda-98ce-5e00ad128256,56f388e4-0fe1-4f1b-b963-0f2d07b81bdb,voice_mt,2023-01-25 02:40:05,2023-01-25 04:31:00,6655,,+18239436590,+12976502254,TWR-48126,WiFi_calling,,247.0249,rated,0,2023-01-25
11c8fa82-182c-49aa-9ee8-84bec4aeefd8,4f70387a-9f9f-47ae-87aa-355c06b7cbc5,roaming_data,2022-12-23 01:59:48,2022-12-23 18:53:33,60825,4930.424,+18793007815,,TWR-75422,LTE,MX,879.4038,unrated,0,2022-12-23
8c5637a1-32d0-49b8-b006-78e2d9756af9,f4589c6d-1734-4d64-a3e1-f9544f0e589c,voice_mo,2022-10-10 12:44:42,2022-10-10 14:18:07,5605,,+17357587667,+17071556106,TWR-39628,3G,,119.396,rated,0,2022-10-10
83f258f9-415c-4d7a-9162-f57fb09e367c,50e81d82-63db-40d5-8066-1677ce111935,roaming_data,2023-11-02 03:03:23,2023-11-02 14:31:05,41262,5697.254,+12948010311,,TWR-54139,3G,GB,1792.5382,rated,0,2023-11-02
22e6c681-ddfc-45d9-87c6-ca763aeb0001,d67f78fd-2b0e-4892-b5b7-5dda01f33e32,roaming_data,2022-05-12 23:37:58,2022-05-13 05:57:33,22775,2768.578,+19315277891,,TWR-59018,LTE,FR,74.8131,rated,0,2022-05-12
aa1ecdf1-98d2-4e8d-81b0-bdefa7c49f4f,8a14c712-bb0a-4f53-b084-69dc8b6297c2,sms_mo,2022-11-17 12:00:08,2022-11-17 12:00:08,,,+16094241055,+13247246951,TWR-79299,5G_NSA,,0.0,rated,0,2022-11-17
e4dd3c48-7a95-4e67-aad8-8d4d7caa4078,4dbeefeb-8114-4d12-bb99-207310b48953,sms_mt,2024-08-14 04:00:29,2024-08-14 04:00:29,,,+14836791574,+16225450896,TWR-17316,3G,,0.0,rated,0,2024-08-14
c757f413-edab-47fb-b552-eddd3da68b18,3b56e47b-9586-4be3-b1f5-2b0fd34d24a8,voice_mt,2023-05-27 13:57:49,2023-05-27 15:51:02,6793,,+12117469234,+12519363983,TWR-36224,3G,,180.2147,rated,0,2023-05-27
0617cb29-2b6a-494b-938c-445cbed4230e,a2bf2282-f52b-459f-88d8-66384f316e27,sms_mo,2024-04-02 04:06:18,2024-04-02 04:06:18,,,+16605006729,+18205077920,TWR-44207,WiFi_calling,,0.0,error,0,2024-04-02
1be906a1-4af4-48c2-8e86-89253121755f,a33a1083-b4a5-4da4-a527-a39ac80cf5b1,roaming_voice,2024-04-25 11:25:44,2024-04-25 11:43:13,1049,,+13863561217,+17227676939,TWR-70487,LTE,,48.1257,rated,0,2024-04-25
2532ddcb-dcc6-45ab-bdcf-f58dc9500514,91f64d7a-b29d-4acf-914d-fa71d764be33,roaming_voice,2023-05-11 23:10:12,2023-05-12 00:56:28,6376,,+18780837023,+13429852314,TWR-27801,5G_NSA,GB,34.7152,unrated,0,2023-05-11
a56aac0a-039c-42b0-9498-0b1e7b2058b1,11ab5586-166e-4005-921c-9dfa2dd285c7,roaming_data,2022-07-08 09:37:59,2022-07-08 11:41:58,7439,2688.018,+16096281350,,TWR-67896,3G,FR,130.0789,rated,0,2022-07-08
48165597-a974-425a-8a92-3215482cba05,5bb9619d-683c-4a56-bcc5-c200a824c596,data_session,2022-09-10 07:53:34,2022-09-10 19:21:54,41300,5460.985,+18766055271,,TWR-99635,5G_NSA,,156.2907,rated,0,2022-09-10
e412c199-e37f-4dc7-9845-cd695ab857d5,8ddc7a56-c999-4252-894b-2d8e4d652ab3,data_session,2024-10-01 14:46:29,2024-10-02 11:40:39,75250,5849.509,+17599738496,,TWR-65732,5G,,2110.3275,rated,0,2024-10-01
aa7cf8dd-2a1b-4bfa-9fc1-97bb25bc4e67,4d6e9135-85b8-461f-b76a-9f870fcc5cad,voice_mo,2022-05-14 10:10:05,2022-05-14 10:54:51,2686,,+14630493348,+14301853010,TWR-62242,3G,,133.8956,rated,0,2022-05-14
e16e083b-5ede-4334-9d0d-a5ffc7c3eae6,e37347b9-f147-429f-ac01-39423ed6e2df,voice_mt,2022-02-22 05:52:09,2022-02-22 07:49:29,7040,,+16732021596,+12043963449,TWR-28830,WiFi_calling,,331.9933,rated,0,2022-02-22
5b9827bd-78db-4511-a39c-29475c7e1d8e,4a0dcc27-e130-4c06-a834-d6fe85245689,roaming_data,2024-12-18 03:52:45,2024-12-18 14:48:35,39350,5883.987,+16589183549,,TWR-50718,5G,CA,1753.4173,rated,0,2024-12-18
44a30985-81bd-4e29-bd8c-95ee63b51043,3d340c1b-027c-4436-ae65-420574cca66a,roaming_voice,2023-10-26 11:51:19,2023-10-26 11:54:45,206,,+13721147321,+13534168778,TWR-90922,5G,FR,3.7465,rated,0,2023-10-26
d8019e7f-0c4b-4686-981d-75a94a8b2693,b086cc28-e1d6-4bc1-88c3-889d9293f536,voice_mo,2022-10-14 11:44:12,2022-10-14 12:37:08,3176,,+14479177189,+15890314148,TWR-43582,5G_NSA,,27.4018,partial,0,2022-10-14
9f1e4ec0-e8fe-414e-a6bb-3c872936502d,12a3251f-182f-4bfb-b1be-c1d7c72afdd1,sms_mt,2023-06-19 12:32:48,2023-06-19 12:32:48,,,+13164368906,+12317229178,TWR-43763,LTE,,0.0,rated,0,2023-06-19
95e42e33-cb7c-474c-8fcb-bd46ca5ba060,14182e59-bdb1-4440-8084-e2cebcd7afba,data_session,2022-03-12 21:30:37,2022-03-13 00:10:45,9608,2608.367,+16756421583,,TWR-87123,5G,,363.5183,unrated,0,2022-03-12
dd2c0e25-55f3-4cb4-b21d-e04f8c5aa0ca,59e4b437-a4e6-4566-96ba-cf5b07f4ae48,sms_mo,2023-10-11 16:07:58,2023-10-11 16:07:58,,,+14149015407,+19007294147,TWR-33284,4G,,0.0,rated,0,2023-10-11
6a95c083-5356-48d2-aec2-cafb39d9dc87,ce7c9631-d931-4630-a10e-d2ca6de061a2,voice_mt,2024-05-09 08:12:26,2024-05-09 08:48:53,2187,,+13941855977,+15122577220,TWR-63652,5G_NSA,,73.9757,unrated,0,2024-05-09
27e8abda-441b-4580-b0c2-76caa3b4cb2c,8d844f88-1d51-4dc4-933d-e6a7a200455c,sms_mt,2022-03-27 15:18:25,2022-03-27 15:18:25,,,+19290716096,+13065957008,TWR-60870,4G,,0.0,rated,0,2022-03-27
9f029ac4-fb13-48f9-b37a-95a84cfd0bc4,3868c625-31bc-4a2b-bb3f-ee586b43636d,roaming_voice,2022-03-16 13:46:06,2022-03-16 14:26:23,2417,,+18965687432,+18616844099,TWR-31077,3G,MX,18.445,rated,0,2022-03-16
f79d0e93-4258-482e-b09a-6de28d0373da,f3d62cc8-5671-4989-85b2-f5971297e8fe,sms_mt,2023-02-15 09:10:25,2023-02-15 09:10:25,,,+16783028497,+19070634445,TWR-95764,5G,,0.0,rated,0,2023-02-15
25b708b3-9f32-4dc2-aba9-2837f1b224c0,df9ebe91-b55f-44e2-a73c-b282f9b37ba8,voicemail,2022-11-27 13:13:22,2022-11-27 14:32:28,4746,,+16591748775,+18621193506,TWR-25363,WiFi_calling,,82.9136,rated,0,2022-11-27
e1914a98-2dbe-44f4-9ee5-0cfbaa147df4,39d8d907-9745-41b2-a7f5-b4821faf598b,roaming_voice,2024-03-27 13:38:10,2024-03-27 14:57:22,4752,,+16376034121,+18008676928,TWR-70647,4G,JP,214.8884,rated,0,2024-03-27
4c089fe6-4630-4349-a198-8ff130ef489a,f42fd9e6-d990-4868-a3ca-1b1de1b31b83,sms_mt,2023-12-16 11:57:34,2023-12-16 11:57:34,,,+17282327855,+15017817712,TWR-67385,4G,,0.0,rated,0,2023-12-16
5972e4c7-5564-43cd-a024-736a968ae7b1,a50a4027-5c52-4508-96c6-65a4c6c21931,roaming_voice,2022-12-24 05:24:47,2022-12-24 05:53:09,1702,,+16768065387,+18695681634,TWR-44207,3G,,6.8554,error,0,2022-12-24
a46c43e2-9398-4370-8dde-a9b52529fdb4,56f388e4-0fe1-4f1b-b963-0f2d07b81bdb,data_session,2024-01-26 13:03:57,2024-01-26 19:28:45,23088,3382.572,+17079958203,,TWR-96581,5G,,961.1356,unrated,1,2024-01-26
021ecd77-2fcb-4738-89c9-e6c49af74978,5cf2f27e-fa2a-4f70-ad21-8487665b72d0,roaming_voice,2024-05-20 07:35:02,2024-05-20 08:42:51,4069,,+12161404683,+17375979445,TWR-16726,LTE,JP,161.8711,rated,0,2024-05-20
c4b1296f-1441-404e-9a2f-5ae8bdf900cb,a060de40-0ac1-4407-9657-76856a8d1318,data_session,2024-11-28 04:21:14,2024-11-28 20:01:26,56412,5308.149,+18304069967,,TWR-63516,5G,,247.6708,rated,0,2024-11-28
50c29b65-5fcf-4975-a8d2-0f08a0ede955,60de4fb9-0fc5-4629-8369-5ad0c2cc31d0,sms_mo,2022-09-15 08:56:44,2022-09-15 08:56:44,,,+13621113215,+16560721819,TWR-20502,5G_NSA,,0.0,rated,0,2022-09-15
9b121595-31e3-4e86-bc66-076204bb8297,d8ee3290-f2c0-4696-90a0-df51c219e801,data_session,2024-12-30 01:58:53,2024-12-30 22:51:33,75160,5750.778,+13307894732,,TWR-42918,5G,,2128.6963,rated,0,2024-12-30
b896a1af-7ddc-4e3c-9746-e4ceb3f30fb5,887cedb7-e47e-4a02-849e-72be2ed59dfc,roaming_data,2023-11-20 05:34:23,2023-11-20 19:07:17,48774,1518.098,+15722868158,,TWR-60870,5G,FR,1159.4068,error,0,2023-11-20
e3616f79-492d-407a-aa81-0b8e67a0966a,6186a91e-07e7-446b-b559-027b3d26b793,sms_mo,2023-02-04 12:04:37,2023-02-04 12:04:37,,,+16681139722,+14289688750,TWR-70647,5G_NSA,,0.0,rated,0,2023-02-04
b5e6ba62-e47a-4b06-8be4-e8734644444b,1399d47a-677b-4e20-93ff-d5205c07e7a4,voice_mt,2024-05-08 14:41:02,2024-05-08 15:18:24,2242,,+15710828015,+16798554432,TWR-67678,5G_NSA,,57.1573,rated,0,2024-05-08
e0724555-b0fa-49f7-adb1-7c2324ef1b36,36510fd5-63f3-4978-b70b-2c45bf83f4a1,roaming_voice,2022-07-07 06:04:15,2022-07-07 07:52:27,6492,,+15105312021,+15419448159,TWR-21274,WiFi_calling,FR,271.5968,rated,0,2022-07-07
83bd819d-7e2f-4881-89da-270952d5e325,bb2a7e59-e26c-4f00-903d-2c6919c746ce,sms_mt,2024-04-23 11:48:47,2024-04-23 11:48:47,,,+18600087776,+18466034500,TWR-98898,5G,,0.0,rated,0,2024-04-23
a5d22f06-731f-47fa-a065-4da9c326cfcd,dc1f309a-5490-4a61-abb1-ccfb7eb8a7cd,voice_mo,2022-08-19 15:11:23,2022-08-19 15:32:28,1265,,+18549157863,+18212674744,TWR-97532,4G,,43.2791,partial,0,2022-08-19
37a7a247-94d0-4e0f-a4da-020580cdab03,a28419ea-cffc-4dc7-8b9a-fc33bf4372ad,sms_mt,2023-12-16 13:04:04,2023-12-16 13:04:04,,,+13075331206,+12135219049,TWR-29718,5G_NSA,,0.0,rated,0,2023-12-16
8ed28327-02d8-49b5-83aa-575ea0120ea4,b687f8f9-58df-488c-801d-5e2d8b20fe55,sms_mt,2022-03-15 03:24:45,2022-03-15 03:24:45,,,+15970132198,+16514305015,TWR-27801,WiFi_calling,,0.0,rated,0,2022-03-15
a1dd194a-f8d4-4326-b260-91fa7b846a02,f8903ae2-4d13-4fe5-9a32-a80429672d74,roaming_data,2024-01-19 17:40:07,2024-01-20 14:30:37,75030,28.875,+17695978579,,TWR-56861,3G,FR,327.2908,rated,0,2024-01-19
8e381af9-8cf1-4bf4-a565-d53b624f06d5,94c3ce78-5df7-4904-8439-1eb5ab524ea5,roaming_voice,2024-09-13 12:15:59,2024-09-13 13:16:09,3610,,+13007269199,+17146041414,TWR-22145,5G,US,61.9432,rated,0,2024-09-13
51ab0afc-1df7-4713-9bff-1e39123c8289,98dce6e4-9ed2-4b49-b71c-33c3503fb0d6,voicemail,2024-09-10 18:20:22,2024-09-10 20:01:50,6088,,+16320214027,+15058939961,TWR-37207,WiFi_calling,,187.6569,partial,0,2024-09-10
0721ee49-1bd3-4832-a5d7-8912e60e8789,24eb370f-0fa8-4e4f-b6cd-7cc287bd1469,sms_mo,2023-01-15 03:20:18,2023-01-15 03:20:18,,,+14015830099,+12179948714,TWR-26561,5G_NSA,,0.0,rated,0,2023-01-15
de3e9eaf-91e3-4c6c-ba30-11079d8495e2,0480ade7-4105-4316-8b02-daeb8ebbbb5c,voicemail,2024-01-18 18:06:39,2024-01-18 19:24:21,4662,,+16755184517,+14933942720,TWR-68192,5G,,185.6248,rated,0,2024-01-18
4b7ba213-905c-4ba3-9a89-083859c7a2c7,6d0fd557-1b92-4aa2-bd5b-ae6f91bbc5aa,voice_mo,2022-09-07 04:55:30,2022-09-07 06:55:19,7189,,+15567474846,+12806293781,TWR-60209,3G,,62.9415,rated,0,2022-09-07
a800464d-d080-45b7-b9fc-854e36ac2e09,458db7c6-acc7-4b4f-9849-28ab26c9415d,roaming_data,2024-11-24 13:07:11,2024-11-25 01:54:09,46018,1721.055,+16251406321,,TWR-63516,5G_NSA,US,1648.7965,rated,0,2024-11-24
d137a3d1-1fec-4479-aeb7-c055912510a1,0f91fad7-30c7-4819-8d6d-04851f5a6135,sms_mt,2023-02-27 19:08:15,2023-02-27 19:08:15,,,+13507117931,+16160351025,TWR-44207,5G,,0.0,rated,0,2023-02-27
2c0a4216-b974-4b43-bc53-b86e1dec90aa,5343ffb0-3bf0-4378-bd5b-6cea3ae162e0,sms_mo,2022-11-02 05:02:01,2022-11-02 05:02:01,,,+19979072518,+16467670996,TWR-24390,3G,,0.0,rated,0,2022-11-02
67df1c4a-c4d4-4a2d-8aa2-7e53b2d51a6d,1a8c7ecc-e798-44d3-a936-8b4acf2e06f2,voice_mo,2023-09-07 22:53:05,2023-09-07 23:27:03,2038,,+16236056711,+13634589218,TWR-35962,LTE,,82.2215,rated,0,2023-09-07
04034415-e049-48c1-a3e5-e107fb221882,bf27a886-9ad6-40ec-b516-d749b5fa178c,roaming_data,2023-07-18 00:37:59,2023-07-18 05:35:07,17828,1496.156,+14650315001,,TWR-84306,3G,FR,647.7174,rated,0,2023-07-18
044ca94a-3f58-4ff8-8342-7e232c1805a5,e9db60a1-e0a1-4496-b6a3-4adb732999fb,voice_mt,2023-03-06 07:28:17,2023-03-06 07:41:40,803,,+15490217758,+15709082744,TWR-70566,WiFi_calling,,23.6133,rated,0,2023-03-06
6c4e6df6-cba6-4356-8690-c55a110a76eb,8afec3a0-4212-4b8b-bb52-21d2e52177a3,roaming_voice,2024-05-27 10:55:28,2024-05-27 12:34:07,5919,,+13080728133,+13993233264,TWR-65760,5G,MX,199.9662,rated,0,2024-05-27
e06d7cf8-bc5a-46a8-b145-068703ac9dd7,8dd9753b-f86a-44be-97b1-a8b6a985e67f,voicemail,2024-01-09 00:36:09,2024-01-09 02:27:06,6657,,+15099932277,+12036289370,TWR-48126,4G,,32.214,rated,0,2024-01-09
614ddb60-ceb6-4772-9ef4-ad7beb3dee96,5cc5d358-0b28-4434-bd40-4d32438b81a7,voice_mt,2022-09-11 03:16:10,2022-09-11 03:36:17,1207,,+14884699121,+14600599747,TWR-66481,5G,,46.4393,rated,0,2022-09-11
57c51601-6537-4032-9fb1-ad1c5d219ab8,52ccc0d5-f114-425b-b898-e18d7595aa74,voice_mt,2022-10-05 06:11:26,2022-10-05 06:41:12,1786,,+12139931064,+19625014951,TWR-51468,WiFi_calling,,19.4286,rated,0,2022-10-05
8a65df25-1cc5-4b58-91d8-b64bec8c726b,490b6213-e365-47e1-8872-995a3b0044c6,sms_mt,2023-06-08 22:45:56,2023-06-08 22:45:56,,,+17143397419,+14042870437,TWR-59906,LTE,,0.0,rated,0,2023-06-08
baa28777-f374-420b-9e86-1fd995f5f397,539e6789-b3ca-4dc8-a3e3-7a32adee2a63,sms_mt,2023-07-05 10:54:38,2023-07-05 10:54:38,,,+14650658186,+14027019550,TWR-56568,WiFi_calling,,0.0,rated,0,2023-07-05
1ce5a02a-a9fa-4b94-aa05-674299237331,2428b022-9112-489b-9f2c-14f072350a33,roaming_voice,2023-10-12 05:55:32,2023-10-12 06:26:44,1872,,+12710825502,+19558480230,TWR-20592,5G,US,67.7867,rated,0,2023-10-12
0005a033-a26f-4ded-92ee-b039641d1182,6e83d005-9beb-443c-91e8-31f7b50f1111,sms_mt,2022-05-24 12:47:34,2022-05-24 12:47:34,,,+14454022405,+18010186916,TWR-35333,3G,,0.0,rated,0,2022-05-24
f6579295-102f-4433-955b-e06ec1e28490,8def7998-25dd-4075-b173-c6c0a7c5d208,sms_mo,2023-11-29 01:37:05,2023-11-29 01:37:05,,,+13210904409,+17244480757,TWR-30895,5G_NSA,,0.0,unrated,0,2023-11-29
8e93d175-a853-45be-8546-4f98b41a3f45,085c1943-9328-4630-94ef-4c6539ac39c3,roaming_data,2023-01-04 14:26:46,2023-01-04 15:59:06,5540,754.767,+19719465521,,TWR-32437,3G,FR,92.127,rated,0,2023-01-04
74857232-7e3a-48f8-8e5e-c54b8139fc42,07d577b0-7ae6-4207-b55d-7856ba5b168f,roaming_voice,2022-04-01 18:16:03,2022-04-01 18:45:14,1751,,+19861569994,+12295160865,TWR-22145,5G_NSA,BR,55.7146,rated,0,2022-04-01
c08c0746-8a44-480f-b80a-81ba6cacc0f7,06b67a97-b722-4ef9-b73d-154eaeaeabbd,voice_mo,2022-03-13 10:41:14,2022-03-13 11:59:30,4696,,+13487477067,+18862558711,TWR-30895,5G,,114.0092,unrated,0,2022-03-13
b72633a2-80a9-4d80-b998-182d16dd8286,36a65df3-5d7f-406b-8d74-a802d98c7287,voice_mt,2024-08-09 02:14:39,2024-08-09 04:06:40,6721,,+13022481275,+19563253795,TWR-62961,4G,,108.2776,rated,0,2024-08-09
d5558d61-7cc0-4e8d-bed8-2c80468ac118,95d3230c-92a8-4089-a4ca-829a4287c89d,sms_mo,2022-08-28 06:30:06,2022-08-28 06:30:06,,,+18707416032,+17370881416,TWR-21508,5G,,0.0,error,0,2022-08-28
5b94f56e-af73-4420-8813-125145da4326,6ca35174-72c2-41c4-a1ed-d7b4cb2ceffe,roaming_data,2024-06-22 08:43:41,2024-06-22 19:31:11,38850,2682.414,+15973633748,,TWR-99635,3G,GB,157.867,rated,0,2024-06-22
0f9bf34a-d8a1-426e-9618-c88d55a636e4,526a6be4-39aa-45de-87d5-18799da06f07,voice_mt,2024-06-15 07:18:15,2024-06-15 08:07:24,2949,,+16236755174,+16172932358,TWR-36144,5G,,79.4909,rated,0,2024-06-15
83411530-e167-4c18-9250-1f4389aa085d,1e9f3c83-6bb5-44fe-9ab3-50621dcb52ae,sms_mt,2023-06-15 08:08:10,2023-06-15 08:08:10,,,+13421996351,+17849902533,TWR-28731,5G,,0.0,rated,0,2023-06-15
21ea33ce-428e-4204-a38e-ac64ac6d8c50,891e05e6-bc49-4ce9-a35c-a6c32f4cb0bd,roaming_data,2022-07-25 21:29:52,2022-07-25 22:01:32,1900,6768.018,+13936592841,,TWR-42562,4G,JP,35.9616,rated,0,2022-07-25
a2aa8cbb-c671-4882-8b80-c88f85fe5e59,31ec7abb-b079-4f8e-8b71-8d07c8994b99,voice_mo,2022-09-13 18:38:40,2022-09-13 18:39:42,62,,+14919319220,+15792171157,TWR-23860,WiFi_calling,,2.8106,rated,0,2022-09-13
bc63728f-f514-4026-b2e9-8d3d02f5a189,244a7d62-eb20-4c10-a884-bc4c2716f851,sms_mo,2023-10-01 04:27:08,2023-10-01 04:27:08,,,+17357701562,+15920661428,TWR-14927,5G_NSA,,0.0,unrated,0,2023-10-01
38f642cd-3cd4-4402-9b07-40a241c0aa8b,4d9b8cbf-8125-4699-9440-94d6674f7656,roaming_voice,2024-01-15 07:00:08,2024-01-15 08:57:03,7015,,+15720432455,+12282086936,TWR-62961,WiFi_calling,MX,208.9579,rated,0,2024-01-15
d66be15f-6a92-432e-85e9-6e3d5e47f58d,879fceea-4132-456c-a4e1-1b47198d0236,voice_mo,2022-06-05 05:29:30,2022-06-05 05:32:30,180,,+13498349351,+15804405817,TWR-40180,LTE,,7.2477,rated,0,2022-06-05
17ef9262-0170-4559-b7ed-011e8141dd16,1e50e3e4-69a0-479a-b43b-3f5d658fd536,roaming_voice,2024-03-30 11:00:44,2024-03-30 12:29:51,5347,,+14317043657,+14328889631,TWR-79299,3G,FR,242.6696,rated,0,2024-03-30
e4ebc686-7d20-4418-a9aa-89e62224c2be,3dcc5488-ae45-49cd-b1e5-82053afa637e,data_session,2022-06-07 23:59:42,2022-06-08 07:22:00,26538,2863.498,+19195299105,,TWR-43761,5G,,1294.6501,rated,0,2022-06-07
be68b783-e52f-4f5f-92b9-52e8ea2dc6cc,b5ccd1c6-60d1-4375-baa1-7bf52094c8fb,data_session,2023-04-10 22:10:00,2023-04-11 17:58:43,71323,3256.364,+18912385056,,TWR-40658,5G_NSA,,2594.3865,rated,0,2023-04-10
3c20587b-0057-4aa4-b141-0314e80437c7,10709baa-3686-4f8e-8b28-2516966c98fa,voicemail,2023-04-05 07:28:15,2023-04-05 08:11:12,2577,,+14507167556,+15878252374,TWR-33435,3G,,125.7404,rated,0,2023-04-05
559e5ddb-c622-4277-b794-61e7aab677ca,bd57a560-0b95-40a7-a2c7-446ba0c3fca6,voice_mt,2024-01-13 23:09:47,2024-01-14 00:31:41,4914,,+13050496880,+19701992096,TWR-20502,4G,,168.05,rated,0,2024-01-13
97c158e9-a2f3-4505-a574-c2ace0066a9b,9a3dc3a6-6d6a-4171-99a6-d6779c557b20,voicemail,2022-03-18 23:26:13,2022-03-19 00:13:26,2833,,+14543254775,+13199772238,TWR-81495,3G,,47.5865,rated,0,2022-03-18
67fb1245-3413-43f5-9838-c64552cc879e,5968ac41-3e48-49ae-a1ce-5615e5db0763,sms_mt,2022-12-23 22:13:55,2022-12-23 22:13:55,,,+14805082019,+18040636901,TWR-64272,WiFi_calling,,0.0,rated,0,2022-12-23
60d8c97c-60e1-42ef-a0b9-66cccaa87832,a76ebf51-beb9-4f82-abcd-93e9e5eba3b7,sms_mt,2023-06-14 17:17:51,2023-06-14 17:17:51,,,+18609848292,+16100132048,TWR-97164,LTE,,0.0,rated,0,2023-06-14
141263d5-6fee-4d2a-8f82-c07cc98f9cf9,d6fe1c1e-b93c-4f5e-a118-7a4a0525a3b1,data_session,2023-02-01 14:24:10,2023-02-02 10:54:22,73812,2399.084,+16250017275,,TWR-58889,WiFi_calling,,3215.5434,rated,0,2023-02-01
85b3bb34-24ca-4667-bbde-0354a1b38b1e,3932fe48-f70b-4a2a-9481-8517dfe7f9f6,data_session,2022-12-05 09:24:12,2022-12-06 04:21:46,68254,359.403,+17526090245,,TWR-54139,5G,,515.7382,rated,0,2022-12-05
0a94e023-5035-44d3-aef9-8f47482f0b3d,03a90656-d2b5-459b-bd24-cb3ab49c3159,roaming_voice,2024-03-18 09:21:52,2024-03-18 10:10:20,2908,,+16402740324,+16444611440,TWR-55269,4G,IN,5.6199,rated,0,2024-03-18
ec433278-c91a-460a-b3e0-9714ffd91c82,b63072b5-61dd-443e-a8b5-800360e59db6,sms_mt,2024-02-01 08:04:01,2024-02-01 08:04:01,,,+16302407665,+18571360039,TWR-86767,5G,,0.0,rated,0,2024-02-01
22236b29-9aac-4f63-8f40-fd71b404e638,575861a6-f7b3-4d13-b556-edbe8d47924f,sms_mo,2024-09-11 10:26:54,2024-09-11 10:26:54,,,+15229801730,+13099217227,TWR-31077,3G,,0.0,partial,0,2024-09-11
91ac5002-03e7-4de2-a557-895fc403d345,c3cff820-ab7b-4542-8dcd-fb958e392276,data_session,2024-01-06 08:37:56,2024-01-07 06:09:39,77503,2676.987,+19096634807,,TWR-43663,3G,,2763.4894,rated,0,2024-01-06
579779c0-5e19-42f7-bddf-f4d9993451f3,5741b754-a253-4d5e-bc73-1aa05a046176,voice_mo,2023-12-10 11:57:46,2023-12-10 13:53:27,6941,,+14338084413,+13862935660,TWR-75422,4G,,52.3457,rated,0,2023-12-10
ea2ce1c0-aded-400c-9d40-eff74086eab0,db2f1a2a-3ebc-484f-80ce-7979ced1f225,voice_mo,2022-10-03 10:08:37,2022-10-03 10:10:38,121,,+13789368069,+12573270429,TWR-83526,LTE,,5.5981,rated,0,2022-10-03
945c0015-8764-4f5d-a62c-bcd0699f328d,ead771bb-2032-429d-bd8b-7cfc4c1835de,roaming_voice,2023-07-29 11:01:58,2023-07-29 11:16:42,884,,+14958167534,+16292318483,TWR-56374,WiFi_calling,MX,23.2326,rated,0,2023-07-29
1b4ae290-fabf-46be-984c-ab33d7e1d0fe,e69ea138-c6d0-4214-9dfa-21f0c4e3b5be,voice_mt,2023-12-14 00:15:20,2023-12-14 01:03:01,2861,,+17735456458,+14817171173,TWR-96136,5G_NSA,,74.6922,rated,0,2023-12-14
6d70c462-d9b8-44b5-9c5a-f282cb5ac8e1,c7b52376-6924-42fd-836c-4634908766d9,voice_mt,2023-01-16 19:17:47,2023-01-16 19:18:21,34,,+15891704083,+15493449084,TWR-70647,5G,,1.0175,rated,0,2023-01-16
248ebbc6-be17-434b-8771-e4ad516ba736,b2ace032-9593-4842-bd49-0877ce19f8c4,sms_mo,2022-01-31 14:31:10,2022-01-31 14:31:10,,,+19234605656,+15245325325,TWR-89365,WiFi_calling,,0.0,unrated,0,2022-01-31
1546c157-506d-4dce-a7f5-cb4d53f59f4e,8009adb4-6ffc-4767-8e76-31b786b6bac2,sms_mo,2023-07-08 13:28:53,2023-07-08 13:28:53,,,+15373645180,+13847382937,TWR-28830,4G,,0.0,rated,0,2023-07-08
bb51e1ab-7475-4a66-beb6-30d6466e0df7,dad63193-43c1-4261-8bca-f226460be8a0,sms_mo,2022-04-14 11:24:29,2022-04-14 11:24:29,,,+15074874049,+14792128277,TWR-75422,LTE,,0.0,rated,0,2022-04-14
4311aea0-40d5-4e8a-9dc2-ce82e2f450f0,bbf03ee4-8dbf-484b-a9e7-dc5144716eea,voicemail,2024-01-25 11:20:48,2024-01-25 11:28:16,448,,+19048714236,+19450577157,TWR-57517,4G,,9.7308,rated,0,2024-01-25
006282c1-ccd5-4c7d-a474-068713e0aef1,57878b5c-6df4-43c7-8693-bc7193f6ce1a,sms_mt,2023-12-17 12:37:04,2023-12-17 12:37:04,,,+17077037498,+13677614218,TWR-52021,WiFi_calling,,0.0,rated,0,2023-12-17
b47a5e83-733b-4032-beba-e422c7723ccf,490d24af-5581-468d-8b29-15870f8fb44e,voicemail,2023-10-08 06:23:23,2023-10-08 07:40:31,4628,,+19766722023,+15217249211,TWR-64272,3G,,137.0797,rated,0,2023-10-08
c7e4ec64-4503-485b-a2fe-5540bbd8c12c,d26aa422-fcb9-48a1-ac04-f095f06c35b7,roaming_data,2023-11-22 10:13:19,2023-11-22 12:17:49,7470,2967.562,+12103067595,,TWR-70487,4G,IN,37.0672,rated,0,2023-11-22
cb618b6a-a2bc-423f-87bf-21f83f9af20d,6186b9ba-b727-49f5-9ac5-b2d0ddba564c,data_session,2022-04-10 13:53:23,2022-04-11 11:59:30,79567,4706.473,+14584136028,,TWR-79574,5G_NSA,,3131.4639,error,0,2022-04-10
653cf6aa-de9b-44a3-b63b-c5cc7ffd22f9,90bc02f9-07dd-4ff0-b28c-31a5f83b74a7,data_session,2022-05-05 06:57:50,2022-05-05 08:24:39,5209,930.828,+18657914831,,TWR-33462,3G,,216.7605,rated,0,2022-05-05
00f4e145-3faf-4e91-bcb6-3cb804514a0a,8efc3e0c-c06c-409a-af08-f3b0eac38eb4,sms_mo,2024-10-21 14:43:10,2024-10-21 14:43:10,,,+12696145490,+14536097489,TWR-48718,5G,,0.0,rated,0,2024-10-21
e5606a52-cd50-42a7-b214-0c72064df664,96024851-f57d-48b5-a70b-34284741ee8d,roaming_data,2022-06-21 04:35:44,2022-06-22 04:12:16,84992,1394.605,+19347664288,,TWR-60870,LTE,MX,2835.4971,error,0,2022-06-21
1784e8bd-e1fd-4e01-8333-81e832c2c914,c500b93d-32ca-4984-b368-0cf6eb44adc2,sms_mo,2024-10-31 22:08:12,2024-10-31 22:08:12,,,+18877211764,+15775887871,TWR-33071,3G,,0.0,unrated,0,2024-10-31
2980662f-9608-4490-b071-867e0bf17f82,76b216c0-b900-4d40-adba-58bd97e87d03,roaming_data,2023-12-05 07:16:00,2023-12-05 23:40:22,59062,2169.028,+13617787803,,TWR-97532,4G,MX,1344.359,rated,0,2023-12-05
e460bad0-541d-47cb-a7ab-dd922082269d,7204670c-94ea-4495-8429-281763530c19,voice_mt,2022-09-17 13:45:19,2022-09-17 15:03:43,4704,,+17244990274,+15153682226,TWR-54151,WiFi_calling,,30.7581,unrated,0,2022-09-17
a3345fa4-bde2-44e2-b571-3a8496e443d3,230a1dcd-2721-4097-aab5-c313913882c8,voicemail,2024-04-14 10:03:57,2024-04-14 10:52:51,2934,,+13141750137,+15661406749,TWR-68192,4G,,75.5209,rated,0,2024-04-14
14181967-f4b1-488e-ae69-c07224ed6d2d,6b3fd329-9340-4da4-9ecf-82418f0b9bb0,roaming_voice,2022-07-24 00:13:10,2022-07-24 00:28:14,904,,+14240198837,+14379246288,TWR-96273,LTE,,41.7923,rated,0,2022-07-24
907660e1-076e-422b-b9a4-ff3af6ec6e6f,c0260afc-881d-4d47-863a-365ced2b87a2,roaming_voice,2024-08-23 20:27:52,2024-08-23 21:22:10,3258,,+16090395098,+19854268728,TWR-42562,5G_NSA,,116.5715,rated,0,2024-08-23
b9072ede-c168-4a9b-8348-471a6754b870,4fad9e4f-0372-48d2-a053-eb15027893b7,voice_mt,2022-03-24 19:40:42,2022-03-24 21:38:42,7080,,+15624344624,+19203557141,TWR-80599,5G_NSA,,72.2737,rated,0,2022-03-24
451fe868-db41-47d7-bbf9-b6b1bfb821f5,97ba4af8-8659-413b-9c39-dbbd60dd244b,data_session,2023-07-05 23:16:52,2023-07-06 01:40:51,8639,2336.171,+15332790408,,TWR-79893,5G,,231.6394,rated,0,2023-07-05
621ce721-c4e9-49c5-ad66-19b0a59b8ecb,110d361a-72fd-469d-a6e8-4da9c5e0261d,voice_mt,2022-04-29 17:51:14,2022-04-29 18:54:27,3793,,+19026469980,+19247543781,TWR-30895,LTE,,60.8654,unrated,0,2022-04-29
6ee7f2a1-2992-43d4-ba93-88b63f3678d6,caf66c0e-254c-4b40-afc2-924a910bc615,voice_mo,2023-11-01 02:07:14,2023-11-01 03:40:51,5617,,+16586628628,+16512307138,TWR-92839,WiFi_calling,,254.8485,partial,0,2023-11-01
abf5ace7-c1c8-4c2d-89e5-c83c9b2579aa,174b1602-bc87-4022-a809-c7b3a7a78277,voice_mo,2022-08-11 11:18:54,2022-08-11 13:01:23,6149,,+14964678601,+16485716161,TWR-59946,3G,,129.2446,unrated,0,2022-08-11
2e5ade2e-573d-4a04-a035-d1e5f54fe7b3,b2da643a-3cee-409b-a9d8-98b5731196dc,sms_mt,2023-05-14 07:31:35,2023-05-14 07:31:35,,,+19088391263,+17337418917,TWR-20874,LTE,,0.0,rated,0,2023-05-14
0d061a5f-7ef0-46d9-bf90-0b1db361e51c,05ccac57-3f7f-4063-a34f-f930c3f62946,sms_mo,2024-01-04 16:21:38,2024-01-04 16:21:38,,,+13691040923,+17804339561,TWR-51147,3G,,0.0,rated,0,2024-01-04
12e2d23a-a2e2-462e-ab26-697f0a0bc133,83aed610-f3d9-4c11-a0ba-f7db5b988904,sms_mt,2024-08-18 21:49:48,2024-08-18 21:49:48,,,+19569941626,+12116902067,TWR-33462,5G,,0.0,rated,0,2024-08-18
0876eae6-545d-4661-9fe2-fea118e8678a,6242bd87-d22e-4eab-a389-388b86b3ae99,roaming_data,2024-02-05 18:21:18,2024-02-06 15:37:04,76546,2475.945,+16729513106,,TWR-34373,3G,MX,2186.7133,rated,0,2024-02-05
b9e6bf9d-a47b-4887-b4ed-3ebcb6e086c9,50afb37c-dbf5-4ad2-8b1a-13ac11d83937,roaming_data,2024-12-15 06:10:57,2024-12-16 00:09:18,64701,1312.842,+12106851888,,TWR-40658,LTE,FR,2070.6494,unrated,0,2024-12-15
e1a662ee-8aad-4e04-aa2a-0d0d303c1f6d,4d9b8cbf-8125-4699-9440-94d6674f7656,roaming_voice,2022-06-12 18:01:49,2022-06-12 18:17:46,957,,+15798802348,+12999438650,TWR-54228,WiFi_calling,IN,22.7788,rated,0,2022-06-12
06f55c35-a866-4fd7-bb40-20fc9165faf4,066e425b-31bb-4e08-b717-a58c41dcf08e,roaming_voice,2022-06-12 02:43:40,2022-06-12 04:30:50,6430,,+14191596750,+16874740438,TWR-89365,WiFi_calling,GB,167.9623,partial,0,2022-06-12
3223bc80-04ef-438e-bd0f-66bbe4fbf04b,70f98024-6bb3-4af3-a78d-fe2f8e37f465,voice_mt,2024-04-23 03:47:45,2024-04-23 04:42:58,3313,,+18230840543,+18631491950,TWR-64272,5G_NSA,,19.0977,rated,0,2024-04-23
b93ba3f2-9be4-48d4-8511-f98f658eafb4,02021fe1-f7a6-4690-beef-e48eb294ca81,voice_mo,2023-10-29 15:05:28,2023-10-29 15:31:11,1543,,+13239959544,+18231292719,TWR-51825,5G,,20.8993,rated,0,2023-10-29
eb3b591a-08ed-482e-a285-8aee1ff1125e,5a79f347-a42a-46d5-ac67-2bdc4e31c4cf,roaming_voice,2023-03-03 16:59:03,2023-03-03 17:11:42,759,,+15566269497,+12633662664,TWR-60273,3G,BR,9.755,rated,0,2023-03-03
2b507d02-00ad-4da7-a57a-3aeb07d3ca2c,e1fc7f48-d38e-4a87-b6f2-89642374fb24,voice_mt,2024-01-02 15:33:51,2024-01-02 16:33:02,3551,,+13009328020,+16709897959,TWR-17261,LTE,,167.6765,rated,0,2024-01-02
fb2ee9b2-c8f3-45ea-a479-08611f7e6a68,631f012d-c53e-48c9-bf1f-2f67aa6f6012,data_session,2022-08-13 11:14:20,2022-08-14 07:38:06,73426,1375.279,+15129073414,,TWR-92839,5G,,1740.6251,rated,0,2022-08-13
6f50e23c-49b0-47d4-8cb4-b248a8bcf002,cfd41a3d-5133-49ae-b955-da10665becb9,sms_mo,2024-04-09 06:33:14,2024-04-09 06:33:14,,,+17284178140,+19420405805,TWR-37713,WiFi_calling,,0.0,rated,0,2024-04-09
458dfbff-cf76-45a6-8136-d46c11aa674a,526a6be4-39aa-45de-87d5-18799da06f07,sms_mo,2024-05-17 03:41:37,2024-05-17 03:41:37,,,+19467318854,+14421012133,TWR-78603,LTE,,0.0,unrated,0,2024-05-17
23a453bd-479f-4195-a6ea-6312e15ed3a5,a0f43618-65e3-40cb-91a4-427f923b7b6c,voicemail,2024-10-27 20:49:11,2024-10-27 22:16:05,5214,,+18400653130,+19108400184,TWR-67385,LTE,,173.2948,rated,0,2024-10-27
c2b8edab-a8c0-4028-b1f6-c3ce63a17bbf,a7e1e0c4-16f6-477b-8874-94ce0ef4ac18,sms_mo,2023-12-09 00:44:29,2023-12-09 00:44:29,,,+14219497281,+13026335484,TWR-67425,5G,,0.0,rated,0,2023-12-09
55be40c0-a154-481d-8dc1-30a76244f794,9eac9629-9081-404b-a98b-d1b6e319e119,data_session,2024-08-26 15:44:40,2024-08-27 14:05:40,80460,1294.438,+13184484686,,TWR-39628,4G,,3837.6994,partial,0,2024-08-26
54be117f-14c3-49d7-8fb7-ca18c8556742,e2a5beba-662b-4ddd-a083-464f13e1b5b6,sms_mo,2024-01-10 09:32:55,2024-01-10 09:32:55,,,+12731611329,+15693658452,TWR-59410,5G,,0.0,rated,0,2024-01-10
2f29ae27-2573-4f3a-86c5-9f382306c49f,1df01f4d-3e15-47a7-ad14-b1e70e40142d,roaming_data,2024-10-16 04:41:53,2024-10-16 11:18:53,23820,4583.506,+13086284497,,TWR-96136,4G,US,328.0827,rated,0,2024-10-16
86f0bb8a-1895-4a83-bb4f-c5acdde370cb,1df01f4d-3e15-47a7-ad14-b1e70e40142d,data_session,2023-10-23 02:44:28,2023-10-23 13:16:57,37949,895.049,+17475964055,,TWR-98381,3G,,765.6795,error,0,2023-10-23
8a0906aa-9ab9-4953-afcb-01cda2cc2081,080b0691-782e-4791-9430-fe40b04f8ecf,sms_mo,2023-09-08 16:58:48,2023-09-08 16:58:48,,,+16337076879,+16406331880,TWR-68192,5G_NSA,,0.0,rated,0,2023-09-08
a1ad7c99-e3fd-4dd1-94f5-0ca1bc981cc1,0c634216-e8a2-4f35-9e2d-af6ca955cf3a,sms_mt,2022-10-12 05:50:06,2022-10-12 05:50:06,,,+19353938816,+17643109643,TWR-75697,3G,,0.0,rated,0,2022-10-12
828a230c-4e4d-4a6e-b327-db556fd75582,43d39d50-6d26-4247-9e16-ec6325ba73f7,voice_mo,2023-03-09 05:15:03,2023-03-09 07:09:46,6883,,+13228622534,+14378353202,TWR-47000,LTE,,272.2453,rated,0,2023-03-09
4d9ae86b-432f-4e54-b709-a3e57c0c5cc7,cabca326-8949-4a89-8c68-4e969a5b7859,roaming_data,2023-01-16 00:43:39,2023-01-16 06:39:12,21333,335.856,+19624342104,,TWR-60209,LTE,DE,375.0547,rated,0,2023-01-16
68cb7b37-3893-4ef3-b409-beb38d735dc1,72412fff-6f16-42ae-a487-6e54b3b1419f,sms_mt,2023-01-19 18:26:55,2023-01-19 18:26:55,,,+13014649301,+14660326745,TWR-62950,WiFi_calling,,0.0,error,0,2023-01-19
b2014f9b-459f-4a93-b5c3-cd4deabd0fe2,6aaf3aee-c424-409b-b0ad-0a4f59dc4039,data_session,2023-12-12 18:23:09,2023-12-13 05:24:28,39679,4372.431,+15284082539,,TWR-91089,3G,,695.0117,error,0,2023-12-12
a7fb40b7-f989-49f4-9da0-f984d0e3a82f,9b33ed62-6843-4ef2-b423-352d9e2c5eb6,voice_mo,2024-09-10 00:34:41,2024-09-10 02:26:55,6734,,+15964795263,+15008643486,TWR-20502,5G,,65.8966,rated,0,2024-09-10
7bd3ddeb-32ca-4c60-8261-864cd824745d,f9e729a8-6629-4249-81c2-8f55da8d3a45,sms_mo,2022-09-29 09:54:23,2022-09-29 09:54:23,,,+15215326737,+15536235732,TWR-29718,5G,,0.0,rated,0,2022-09-29
eb1a97b3-9168-47d6-bee2-01c2dcaa6b89,c45eb793-cfae-4b76-abe6-f0bfd861ca64,sms_mo,2023-12-08 18:59:11,2023-12-08 18:59:11,,,+15454591082,+18396990950,TWR-26682,LTE,,0.0,rated,0,2023-12-08
8868e4e4-68cd-4bae-ab3c-faae0313bbc5,a8074237-b6be-4d22-b42d-46324e899afb,data_session,2022-04-02 01:45:02,2022-04-02 10:29:47,31485,5130.769,+18229518324,,TWR-68192,LTE,,684.3103,rated,0,2022-04-02
0d6e9512-b861-4920-a4d8-c9c896771b50,e8c6e2c9-a03e-42b3-8e09-29441ebabe21,voicemail,2022-09-08 18:56:12,2022-09-08 19:36:28,2416,,+15276003203,+14449084034,TWR-48846,5G,,45.0501,rated,0,2022-09-08
ce5e1d1b-e5fd-4682-9014-47fb43e585e1,a28419ea-cffc-4dc7-8b9a-fc33bf4372ad,voice_mo,2023-04-27 19:42:55,2023-04-27 21:07:24,5069,,+14574186954,+13188422289,TWR-16249,4G,,121.2356,rated,0,2023-04-27
f3aaa598-ad25-4488-b62d-9feb25324b65,90b4526e-8c51-4cae-9549-5488e9f30c01,sms_mo,2022-12-08 17:38:44,2022-12-08 17:38:44,,,+18614948627,+12156631256,TWR-32499,LTE,,0.0,rated,0,2022-12-08
a6353e70-7c2f-445e-9353-9bf14a638565,68aea490-a574-4660-9610-07f36263702e,data_session,2023-12-01 17:41:07,2023-12-02 06:29:35,46108,5215.468,+16481165135,,TWR-64619,4G,,1721.2102,rated,0,2023-12-01
1b6cc2b3-700d-448f-a2ed-c2d375803432,06618acf-f937-4672-bd81-16bf76b0d1de,roaming_data,2022-06-01 06:17:43,2022-06-02 00:12:10,64467,6308.901,+12232961814,,TWR-29718,4G,US,2710.1817,rated,0,2022-06-01
1edfb857-187d-4af3-bb25-b2cb337556f5,b5604606-d6c4-4d9f-baf8-ddf71324c169,voice_mt,2023-11-29 08:52:37,2023-11-29 10:20:27,5270,,+12254425336,+12863312402,TWR-89365,LTE,,84.1475,rated,0,2023-11-29
5a62f866-00e9-4316-bbd4-e76df55a648a,6d0fd557-1b92-4aa2-bd5b-ae6f91bbc5aa,roaming_data,2022-09-24 11:41:49,2022-09-24 20:06:41,30292,6989.216,+18642634737,,TWR-78603,5G_NSA,IN,1213.2795,rated,0,2022-09-24
07fcb515-74e1-41cb-933b-b89dbe71282a,af741349-a5b3-4b2a-b7b1-779edc34a7ed,voice_mt,2024-04-09 09:05:40,2024-04-09 10:39:20,5620,,+16752672719,+14264624974,TWR-25363,LTE,,135.1431,rated,0,2024-04-09
5dd2247e-d044-4611-9a41-fc6f98f0894f,c8323f70-8d43-474e-9872-e2a0d80ff415,roaming_voice,2024-09-25 18:44:43,2024-09-25 18:59:40,897,,+19228764523,+18551102797,TWR-26301,3G,,11.8137,rated,0,2024-09-25
68b98b9a-80f9-48f9-ac21-25beae4b37f5,f845fff1-822f-4470-ac21-dcba84f9f0c8,voice_mo,2024-04-20 07:18:35,2024-04-20 07:57:39,2344,,+17014759502,+18449995528,TWR-21775,WiFi_calling,,90.2032,rated,0,2024-04-20
87bac92d-84f6-4915-896c-4d34c9b9d860,f4622296-957f-463e-bf1f-6ddc3526fb21,voice_mo,2024-01-30 06:44:53,2024-01-30 07:21:43,2210,,+19102254594,+16898522569,TWR-38652,5G,,9.8621,rated,0,2024-01-30
c1a43a4a-d3a5-408b-967a-c8b595095711,ab66e531-232f-4dcc-b712-2518ae2c2c3d,voice_mo,2023-08-15 09:53:22,2023-08-15 10:27:37,2055,,+19917019445,+15902364179,TWR-63723,4G,,98.8991,rated,0,2023-08-15
ef56f3de-7fcd-4624-8af9-bf4aac820ab2,cdb52ff2-f767-43de-9861-1124c6a35bbd,data_session,2022-04-29 01:58:32,2022-04-29 13:36:52,41900,3317.328,+14779034903,,TWR-51825,5G_NSA,,665.0199,rated,0,2022-04-29
df99da51-8c56-4fc4-820d-fce030357858,893c46ff-5f20-4821-a0b6-073b244088f5,sms_mo,2022-05-16 04:13:53,2022-05-16 04:13:53,,,+13871106443,+19731919150,TWR-40174,4G,,0.0,rated,0,2022-05-16
29c8ce60-2fc0-4def-8381-ebf7c0ad0778,288dc4af-b2c7-4ea3-aff0-7bac07d5b21a,sms_mo,2024-12-14 16:50:51,2024-12-14 16:50:51,,,+12178010272,+13905230202,TWR-19132,5G_NSA,,0.0,rated,0,2024-12-14
15f0e9ad-b663-4e50-8159-4e2578352024,6bda6631-bbc3-4b50-a07c-1085156b1fcf,voicemail,2022-11-10 05:24:47,2022-11-10 06:42:19,4652,,+18302712138,+17319572861,TWR-23860,LTE,,205.1966,rated,0,2022-11-10
039995a3-aa7f-45ca-a049-39ab32df55d5,2f860232-0818-4610-ad9e-85cb2b16f42b,sms_mt,2024-11-30 16:19:21,2024-11-30 16:19:21,,,+12146745363,+17210525382,TWR-65195,4G,,0.0,rated,0,2024-11-30
ca0431a3-e6da-414f-9fbf-e01d61a05513,a28f0190-71d0-47ba-8a8b-fd7063d243d7,roaming_voice,2023-04-01 15:21:30,2023-04-01 15:39:30,1080,,+12996579641,+13328987734,TWR-90375,LTE,BR,13.0996,rated,0,2023-04-01
9571253f-9312-4dc4-8092-60961af471f0,7e6e12a7-0a9c-4403-9a18-90def9de5680,voice_mt,2023-03-29 06:33:17,2023-03-29 08:17:23,6246,,+19495571931,+17783700254,TWR-21348,LTE,,245.675,rated,0,2023-03-29
a5502553-7372-4a3b-9012-15be535d2b44,c78a3aae-8fe2-40c8-bf6d-f21d2464acc6,sms_mo,2023-07-15 16:44:18,2023-07-15 16:44:18,,,+18843718702,+14539873651,TWR-87123,5G,,0.0,rated,0,2023-07-15
507a95b2-b3e1-4bb2-8662-014696cb3453,f7acb9f4-c7fb-4607-b99c-66016e0d5217,sms_mt,2022-09-14 02:42:58,2022-09-14 02:42:58,,,+18632707320,+14083526887,TWR-99635,5G_NSA,,0.0,rated,0,2022-09-14
5b5b9199-77ca-4453-a074-83b6a3529c44,02d41c0a-4baf-4805-9d7c-3f217ada85e7,voice_mo,2022-03-30 21:57:25,2022-03-30 23:21:54,5069,,+13944748156,+14618289579,TWR-37864,4G,,11.7808,rated,0,2022-03-30
f192bda5-cfb6-4673-b90b-36508f66491f,0ddf8be3-0e35-44ff-ba9c-0ed70d7066d7,sms_mo,2023-12-09 17:17:49,2023-12-09 17:17:49,,,+18548869435,+13253835980,,LTE,,0.0,rated,0,2023-12-09
f1f92ee5-2e99-4953-9e36-fa683b05a87d,7de1b8eb-7049-4cfa-ae37-50ee7516ebd5,voice_mt,2023-09-01 17:30:00,2023-09-01 17:47:08,1028,,+12099504926,+17869785037,TWR-72092,5G_NSA,,41.3222,rated,0,2023-09-01
ec44ef9a-7a67-4fed-8f5a-e32d68caf449,fdeabda7-704e-4cfd-bb3a-8c061c6021c5,sms_mt,2024-02-01 21:19:13,2024-02-01 21:19:13,,,+13887388972,+16284234767,TWR-58889,5G_NSA,,0.0,rated,0,2024-02-01
74c5bcc5-b7dc-481b-92b7-105a8ee7a95f,c9949aff-d5ce-4c0c-b50e-951e7e07ec14,roaming_data,2024-03-24 01:53:37,2024-03-24 22:35:02,74485,1448.645,+14955566693,,TWR-59670,4G,BR,196.3357,rated,0,2024-03-24
34c5e49f-7e67-417a-ab21-52d3aa9cc4a2,a8b1908c-480a-4241-8329-49700a9e1a0b,voice_mt,2023-11-07 19:03:14,2023-11-07 20:30:09,5215,,+14083679516,+19711387751,TWR-43663,5G_NSA,,34.5424,rated,0,2023-11-07
39e74536-56ff-409e-af0a-cb693c114e0d,1116fc4d-08d5-4356-851f-599775fa9882,voice_mo,2024-06-17 02:48:01,2024-06-17 04:33:03,6302,,+12192887086,+12878693003,TWR-16726,WiFi_calling,,222.5781,rated,0,2024-06-17
e1670f26-d357-46f9-8e49-2366f73f9666,e69961cc-f815-401d-a554-87aff3f50c29,voicemail,2024-04-08 00:03:15,2024-04-08 01:57:43,6868,,+12286775750,+16608546156,TWR-64922,WiFi_calling,,169.0027,rated,0,2024-04-08
99a2636b-5feb-4bab-bc15-10c3a9655a91,7de1b8eb-7049-4cfa-ae37-50ee7516ebd5,voicemail,2024-06-08 02:34:55,2024-06-08 03:45:39,4244,,+12653780004,+12347501933,TWR-88042,5G,,31.0123,rated,0,2024-06-08
40a412c5-9e28-4a20-bfc4-076939192740,6316eedb-5e9a-47f6-a438-023012fdf39d,roaming_voice,2024-08-18 08:09:37,2024-08-18 09:07:44,3487,,+16811519609,+14664998678,TWR-97532,LTE,IN,148.8049,rated,0,2024-08-18
2550233b-9506-41bc-ae6d-e7e678c9e480,5b7196d5-a867-4b01-8c11-5ee4c5596e36,data_session,2022-04-18 17:31:15,2022-04-19 03:45:47,36872,986.617,+16722232006,,TWR-97396,3G,,552.3744,rated,0,2022-04-18
c9c3b0d4-acf3-4025-a3a1-5e6bf7487164,523d535e-bb10-442a-ac6a-60ad583ab735,roaming_data,2022-06-15 12:41:03,2022-06-16 06:53:15,65532,2466.561,+13094664384,,TWR-56568,4G,JP,718.65,rated,0,2022-06-15
f17ad834-c727-4c4d-9988-87399f1932b7,ef101019-c332-4114-8ce0-565628a2f03b,voice_mt,2024-11-02 18:03:52,2024-11-02 18:06:41,169,,+16735443512,+12349942123,TWR-93894,5G,,4.7897,rated,0,2024-11-02
44369bcc-eee5-463b-9a4c-161ac882b173,948500ce-ee5a-42aa-b015-188e57bcc1aa,roaming_voice,2022-03-04 21:32:34,2022-03-04 21:41:56,562,,+13096244268,+12088911280,TWR-33753,4G,BR,7.7999,error,0,2022-03-04
42b6ce94-3d64-488c-8ce5-dfb5f107639a,9fb42366-0801-4c22-93fc-7e35ad137c7a,voice_mo,2024-09-13 10:11:51,2024-09-13 10:30:49,1138,,+12414311076,+15562280967,TWR-90922,5G,,17.1666,rated,0,2024-09-13
95ce2059-1724-4884-8dfb-ccdb24c25f5e,77f89d09-cb9b-4bfd-bcda-4dd4883675d2,voice_mo,2022-11-18 04:41:17,2022-11-18 05:20:23,2346,,+18991982774,+12534457815,TWR-38288,5G_NSA,,25.491,rated,0,2022-11-18
1406b83e-deef-4598-80ea-cb9e37a27218,a0756194-e090-4695-982d-70ebbddac8ac,voicemail,2022-06-17 22:13:30,2022-06-17 22:25:58,748,,+15585548322,+15196664139,TWR-25560,4G,,6.394,unrated,0,2022-06-17
672efcdf-e2bf-4b4b-aa98-f77aa37783ec,79d7739c-9fee-4c3c-b4f8-8559ed4ad19b,sms_mo,2024-02-21 08:36:40,2024-02-21 08:36:40,,,+17810376388,+16054080350,TWR-20502,4G,,0.0,rated,0,2024-02-21
7458059a-4e0d-482d-8717-482a07ee589c,afcdd462-8af8-4a05-b329-5b5fe2a5283e,sms_mo,2024-11-20 10:16:59,2024-11-20 10:16:59,,,+12300249155,+14506415411,TWR-97433,5G,,0.0,unrated,0,2024-11-20
7d04379f-4115-4c5d-9f59-13bb91202e26,bcd8fd66-1932-4685-9e6a-18214a8ae27a,roaming_data,2022-12-20 11:09:16,2022-12-20 20:58:24,35348,7062.823,+15369862489,,TWR-14857,4G,US,1122.7993,rated,0,2022-12-20
6bb7183a-5fd7-4d61-b99a-1bbea149d758,00ad5705-c43e-4bb7-b543-60ff41917aad,roaming_voice,2024-01-07 20:13:47,2024-01-07 21:22:04,4097,,+15378608297,+13831493213,TWR-16726,5G,US,121.5875,rated,0,2024-01-07
61c38576-cf74-4607-bcc8-6b336614fef6,6ce7690d-d366-4428-8aea-870c3cda9556,sms_mo,2022-01-10 23:11:18,2022-01-10 23:11:18,,,+16632955279,+12034318159,TWR-10565,WiFi_calling,,0.0,rated,0,2022-01-10
5df29109-92f2-4b11-bc64-8070d25ec3b1,47bd61dd-eb97-4da5-9b88-dadf9daa8dd5,roaming_voice,2022-01-20 09:16:16,2022-01-20 10:38:08,4912,,+19854401811,+19219547455,TWR-50718,WiFi_calling,MX,113.8683,rated,0,2022-01-20
cda7bf82-644f-42ae-8a59-82a77bf1be89,c537e567-fb66-4c1a-adc1-fdef9b456c45,roaming_voice,2022-01-29 07:27:28,2022-01-29 08:40:13,4365,,+16532542408,+18160204106,TWR-99693,3G,BR,52.4494,rated,0,2022-01-29
4c9e5b6c-303f-4cee-9b08-afe37bd7a3ce,73f4e79d-5005-42b5-9651-f13daae19a23,voicemail,2024-06-26 09:47:25,2024-06-26 11:41:18,6833,,+12126408616,+14369275339,TWR-13054,WiFi_calling,,217.2007,unrated,0,2024-06-26
fc8e662d-d913-4fcf-b27d-0f34500c476a,6bf46144-50c6-421b-875d-b98e8f1543de,sms_mt,2023-11-02 20:59:45,2023-11-02 20:59:45,,,+15879945681,+13208831120,TWR-20502,5G_NSA,,0.0,rated,0,2023-11-02
f710dec0-6377-431c-a944-e48d3d46da95,19d515b9-80df-4186-a522-101fcd0ce992,voice_mo,2024-11-24 07:22:33,2024-11-24 07:38:24,951,,+13601163234,+18833498951,TWR-97433,3G,,47.182,rated,0,2024-11-24
0f9de110-3c38-428a-9897-38e88211c72b,cf8b21dc-ed04-4954-812a-637aa1252fd7,voice_mt,2024-02-25 06:44:07,2024-02-25 08:04:31,4824,,+16403733926,+13071240043,TWR-98898,5G_NSA,,32.637,rated,0,2024-02-25
0daeae0d-ea27-46c8-8767-13d19adbe7a0,9ab7c1d1-9cdd-45b4-a4e8-7bb84f8c9fc5,voice_mt,2024-05-11 05:17:45,2024-05-11 07:03:09,6324,,+14239838271,+13198933506,TWR-62242,4G,,36.2444,rated,0,2024-05-11
36075353-2fe7-4708-bfa0-76bf235df0e3,9f14f64e-3251-403d-a42d-6b4e83d8eca3,voicemail,2024-07-14 19:23:41,2024-07-14 19:47:17,1416,,+12382264894,+14350498488,TWR-55269,LTE,,15.2897,rated,0,2024-07-14
20533a75-4061-43f7-bfc9-ea0a7f3ebe73,36f2604b-c113-4412-b776-c7b344a0dc1d,voicemail,2023-11-29 23:12:14,2023-11-30 00:37:01,5087,,+19888048074,+16833897992,TWR-10742,5G_NSA,,42.0314,rated,0,2023-11-29
6cfad454-1d3f-4ba7-856c-635ed46113db,913140a4-0b09-4f63-b568-bff618bcd6ee,voicemail,2024-08-27 18:04:13,2024-08-27 18:50:12,2759,,+16653811991,+13718860755,TWR-35962,5G,,90.2897,rated,0,2024-08-27
97122b60-15b8-4a2a-bc46-e208204cd3ae,48486488-8a0e-4f50-9046-b458a01623bc,sms_mt,2022-01-05 23:06:43,2022-01-05 23:06:43,,,+16721979304,+15373855163,TWR-28830,LTE,,0.0,rated,0,2022-01-05
30b042e2-e252-4ffa-b777-c185cd624ccb,88c02fb2-54a2-4a82-94d0-69119f53c21a,voice_mt,2023-12-30 09:32:18,2023-12-30 10:32:48,3630,,+12217753878,+19656771646,TWR-63127,5G_NSA,,10.851,rated,0,2023-12-30
2cfdff87-8aac-4dfa-a378-405b211c4100,faacebfc-3771-435d-bd00-28037d3215ba,sms_mt,2023-01-25 03:10:21,2023-01-25 03:10:21,,,+15153851953,+15056227904,TWR-56861,WiFi_calling,,0.0,rated,0,2023-01-25
7980e0de-3352-424f-b0a2-7a179d5bfe0a,f9d9dc52-eb72-4359-9ce5-b2528adb3d47,voice_mt,2022-10-12 22:01:20,2022-10-12 22:35:28,2048,,+19380708282,+15843140675,TWR-89696,LTE,,42.1427,rated,0,2022-10-10
f6cca8b2-f13c-4241-b177-214e2e5ebd2d,9bdd1b7f-4369-4301-af22-6af460224ccf,voice_mo,2024-08-22 09:01:14,2024-08-22 09:14:20,786,,+16114108559,+12095820089,TWR-72534,LTE,,30.4067,rated,0,2024-08-22
90a9e980-b5e6-4ca1-8dd1-404691007a77,fc4f7b93-4d92-458e-acf2-f5879c584ce2,voice_mt,2023-04-25 02:53:01,2023-04-25 04:46:09,6788,,+18455805506,+13911629976,TWR-51147,5G,,175.8066,rated,0,2023-04-25
642b24c6-4122-46ff-beb2-b8070cecbccf,66b5eada-aee2-4a75-abbf-9cfe79adf797,roaming_data,2023-03-13 00:54:11,2023-03-13 20:47:49,71618,357.856,+12192913200,,TWR-17261,5G,CA,2118.8423,rated,0,2023-03-13
de06f992-5129-4858-aa27-05bf81273948,5968ac41-3e48-49ae-a1ce-5615e5db0763,roaming_voice,2024-04-17 02:24:08,2024-04-17 02:40:32,984,,+17786736730,+18927858231,TWR-99759,LTE,GB,10.6421,rated,0,2024-04-17
0749e65e-d4f0-49f8-8750-af3a6b6bfef8,dce74408-dd1c-4052-b697-016c9359efd6,voice_mo,2023-03-08 03:49:07,2023-03-08 04:42:34,3207,,+13189087029,+13122924238,TWR-59410,5G,,118.412,unrated,0,2023-03-08
0ecb787a-ee1e-4a21-8efa-460fa23f6de3,af741349-a5b3-4b2a-b7b1-779edc34a7ed,voice_mo,2023-07-18 11:54:49,2023-07-18 12:42:04,2835,,+13093715544,+17701839775,TWR-10565,LTE,,56.3371,rated,0,2023-07-18
7bd77d83-76cc-49af-941d-80ca5ae82468,0871c33b-9009-41e7-a968-ff7da762de04,voicemail,2023-03-13 13:38:09,2023-03-13 14:53:33,4524,,+15330341488,+15926958623,TWR-99635,4G,,181.0543,rated,0,2023-03-13
47182d37-41ba-4bb8-ae86-7f36c76c6494,cae68545-aa0b-488c-8b9a-6e8d0cf17302,data_session,2022-08-21 03:26:09,2022-08-21 06:51:36,12327,5989.735,+19065007579,,TWR-13054,3G,,147.586,rated,0,2022-08-21
0e187d2e-5b03-4a8d-89bb-7b866fd3f099,9c30e956-c302-44ee-95c6-9abd63c1f26e,data_session,2022-01-13 12:32:02,2022-01-14 06:16:53,63891,2212.77,+16946036960,,TWR-33281,LTE,,1086.4703,rated,0,2022-01-13
b4f19290-0bad-4858-8a17-ccfa773a8cd7,0d36e66a-5cba-4c3b-a6b2-d14e975c85cf,sms_mt,2022-04-15 02:18:24,2022-04-15 02:18:24,,,+17594280022,+15637923498,TWR-96581,4G,,0.0,rated,0,2022-04-15
3baa2d46-344b-4b4f-903b-8613b7db39c4,d8ee3290-f2c0-4696-90a0-df51c219e801,voice_mo,2022-09-14 22:27:54,2022-09-14 22:32:01,247,,+13997644551,+12827835836,TWR-38288,WiFi_calling,,5.9529,rated,0,2022-09-14
b354363a-2ccd-4a7e-af7d-3df81a204c79,8f8b8831-ddbc-4270-993f-419c2fa049f4,roaming_data,2022-12-11 11:09:57,2022-12-11 20:24:58,33301,2976.39,+19843380818,,TWR-43663,5G_NSA,,1481.7308,rated,0,2022-12-11
8f98465c-59b0-4b83-abc4-e66d25ca17c5,1b23c1c7-c4c9-4333-bb1b-9de325846dcb,voicemail,2024-11-09 15:40:21,2024-11-09 17:33:45,6804,,+14189998747,+12509120488,TWR-97532,3G,,65.5055,rated,0,2024-11-09
fbdb47df-174e-41d6-9f7c-cd4bc47f94c4,631f012d-c53e-48c9-bf1f-2f67aa6f6012,data_session,2022-04-28 07:54:36,2022-04-29 06:19:46,80710,2388.281,+15486169677,,TWR-33281,5G,,2606.1329,rated,0,2022-04-28
97018708-2e6b-47f0-9fcc-a0c7b7c54610,428424dc-acb8-47e0-a3f7-fa22cb38a4ec,sms_mt,2023-02-02 19:46:48,2023-02-02 19:46:48,,,+15421587785,+16216176748,TWR-26301,WiFi_calling,,0.0,rated,0,2023-02-02
d311afa1-891b-4899-8ec8-a0bb265cc5f4,45e9f732-d66c-41a9-9e5e-016259bd9683,voicemail,2022-02-16 12:11:16,2022-02-16 12:31:29,1213,,+14555651348,+17929728120,TWR-97396,WiFi_calling,,51.0128,unrated,0,2022-02-16
264aaabb-de96-4cd9-b46d-d479b09c85ae,f926aab3-c048-4300-bf0a-640187d09966,voice_mt,2022-04-16 23:48:14,2022-04-17 00:26:41,2307,,+18546185830,+12572840152,TWR-83526,5G_NSA,,88.6994,rated,0,2022-04-16
2b8aa4da-8f2b-4632-9573-3a825e54862c,ffecc204-ae65-4cb4-b65f-c92ff5798d03,roaming_data,2022-07-05 15:12:27,2022-07-06 08:14:55,61348,7333.579,+16665410555,,TWR-30895,LTE,US,445.934,rated,0,2022-07-05
878acf03-508a-4652-bd83-989368956699,b5604606-d6c4-4d9f-baf8-ddf71324c169,sms_mt,2024-09-21 07:00:37,2024-09-21 07:00:37,,,+18652794237,+13190035532,TWR-45310,3G,,0.0,rated,0,2024-09-21
bde6cb4a-a2e7-4043-9a13-f9bbf0cd52d2,d8ef4750-420f-407a-be92-dfeed721989d,voice_mo,2022-07-16 23:33:17,2022-07-16 23:34:54,97,,+14360894080,+15535616201,TWR-59906,5G_NSA,,4.3947,rated,0,2022-07-16
30b197e3-8811-4e10-a1c8-065aa687d291,2428b022-9112-489b-9f2c-14f072350a33,sms_mt,2022-09-21 09:32:38,2022-09-21 09:32:38,,,+14991837811,+13045319791,TWR-63652,5G_NSA,,0.0,rated,0,2022-09-21
5e0b38bb-5e1b-4733-b7c6-89fa5015c78a,1d437385-e2ec-4736-8009-e627d4e02164,roaming_voice,2024-03-10 22:43:18,2024-03-11 00:43:13,7195,,+15156503735,+16288981849,TWR-25560,4G,GB,46.8037,rated,0,2024-03-10
f669aae0-866b-4975-98df-ec8ea8f43ab7,e8c6e2c9-a03e-42b3-8e09-29441ebabe21,voice_mo,2022-12-02 10:43:50,2022-12-02 11:42:18,3508,,+14656988717,+15551728566,TWR-96273,5G_NSA,,162.5466,rated,0,2022-12-02
65896e39-b54c-406f-8568-58eb661f87dc,10cf9342-2a73-4ec1-8b9c-1651fed28d1f,sms_mo,2023-06-21 00:09:53,2023-06-21 00:09:53,,,+19989744881,+16095240263,TWR-79299,5G_NSA,,0.0,rated,0,2023-06-21
76e50895-288e-4999-aed1-3907848b4c03,3284e564-71ac-4d86-968a-3e6b9b0b2880,roaming_voice,2023-06-26 15:24:01,2023-06-26 16:17:52,3231,,+13283294575,+15329749150,TWR-62351,5G_NSA,US,161.0855,rated,0,2023-06-26
7e4c827c-a625-40c7-a82f-ec08dac74750,695e4388-1e90-4625-a206-4a284158248b,sms_mo,2024-03-19 22:37:32,2024-03-19 22:37:32,,,+15258474565,+15899450864,TWR-56568,5G,,0.0,rated,0,2024-03-19
e7fd35c7-cf4d-4d9a-832b-e94398c46f4d,68a9d391-5242-463e-a2b7-30c8271f8e6d,sms_mo,2022-03-02 01:14:49,2022-03-02 01:14:49,,,+17780788168,+12913074857,TWR-63127,3G,,0.0,rated,0,2022-02-28
6cdba2f7-efe5-493a-a1c4-e0db28fcf695,e9db60a1-e0a1-4496-b6a3-4adb732999fb,data_session,2022-08-22 13:39:27,2022-08-22 22:54:40,33313,6384.443,+15573852720,,TWR-91778,WiFi_calling,,1254.8036,rated,0,2022-08-22
0202a928-85bc-4199-b005-3f997fa3ddfc,3d2d8707-ecef-4fa0-ae91-1b1493b6b859,sms_mt,2022-06-08 00:55:47,2022-06-08 00:55:47,,,+16457934989,+18604379894,TWR-52021,5G_NSA,,0.0,rated,0,2022-06-08
e7639cad-c91d-4673-a5dc-0e2fd98989ad,8d4c45ce-8bb1-4367-8717-06657ab2a657,data_session,2022-09-02 14:29:33,2022-09-03 05:29:40,54007,2457.0,+16279806817,,TWR-14857,5G,,1325.6422,rated,0,2022-09-02
b555f0f0-f8f2-481f-acb9-0f02c64573c0,35055d81-5a12-461b-9660-8c6041688bdb,sms_mt,2024-05-05 13:49:12,2024-05-05 13:49:12,,,+12022595656,+12898478344,TWR-21274,5G,,0.0,rated,0,2024-05-05
7370896f-7c37-4aab-b71f-5ee77aa02810,fdeabda7-704e-4cfd-bb3a-8c061c6021c5,voicemail,2024-09-27 14:12:50,2024-09-27 15:48:30,5740,,+12485086793,+14161074032,TWR-26301,3G,,265.2986,rated,0,2024-09-27
83d08228-d685-4700-92a9-6a596814df79,bd002137-1d98-4ed0-90ec-9f4e343c84af,roaming_voice,2024-03-27 01:27:32,2024-03-27 02:55:14,5262,,+12141092729,+13792520783,TWR-70647,LTE,US,129.2696,unrated,0,2024-03-27
7d7fae6f-cd48-49bc-8092-df682a88a2de,ebe6fd34-c538-415a-abb0-3311956ca10c,roaming_data,2022-12-29 15:08:04,2022-12-30 05:53:08,53104,4205.741,+19088372878,,TWR-40180,5G_NSA,IN,94.775,rated,0,2022-12-29
492eee23-75a8-43d5-bcfc-2cc8d930902d,fe0ce899-f214-4eca-894d-61872a14ab09,roaming_voice,2023-03-31 06:09:07,2023-03-31 06:28:04,1137,,+16104634643,+15825551074,TWR-99635,4G,JP,55.7297,rated,0,2023-03-31
0e997343-ec2b-4a5c-8091-db0fc37d15a2,5fbbdbdd-56bb-4f40-9f57-2e1d2ee95387,roaming_voice,2023-04-02 17:44:48,2023-04-02 19:09:26,5078,,+18109852436,+19184945422,TWR-36144,4G,,170.9546,rated,0,2023-04-02
b28d77a0-8f6a-4013-8536-65a3d3fcdabf,174b1602-bc87-4022-a809-c7b3a7a78277,voice_mt,2024-02-11 22:20:58,2024-02-11 22:53:12,1934,,+14731268136,+18794438826,TWR-75948,3G,,24.7971,rated,0,2024-02-11
0c8dd861-7bf5-4998-bef3-1b2a532be06f,44fb75ee-f887-451c-90cb-cfb8817a0dd9,sms_mo,2023-08-20 09:57:37,2023-08-20 09:57:37,,,+17784684904,+13042204460,TWR-11461,3G,,0.0,rated,0,2023-08-20
5355d7d7-126c-4b9b-a580-46439a83d2f9,bd57a560-0b95-40a7-a2c7-446ba0c3fca6,roaming_data,2022-05-24 03:07:23,2022-05-24 08:11:00,18217,4784.649,+19771431050,,TWR-48408,WiFi_calling,BR,452.174,rated,0,2022-05-19
5f4443fe-8fb0-437f-b789-b94f0f903a88,ead771bb-2032-429d-bd8b-7cfc4c1835de,roaming_data,2024-01-14 03:15:24,2024-01-14 22:22:33,68829,3130.424,+19330407210,,TWR-25560,4G,GB,1464.5241,rated,0,2024-01-14
0a3c369c-0d2f-4c74-b944-f375bef8f996,d2794ce9-b02c-401d-8a25-f1dbff1ff9ab,sms_mt,2023-09-26 20:52:32,2023-09-26 20:52:32,,,+13592158033,+16891479713,TWR-48126,5G_NSA,,0.0,unrated,0,2023-09-26
bf4086e2-ec62-4a53-9ff1-31d9c818b481,cdaaeb94-3054-4adb-be86-9a919e504598,data_session,2023-09-12 01:45:18,2023-09-12 14:27:52,45754,688.737,+14981280481,,TWR-48718,LTE,,1077.6489,rated,0,2023-09-12
c43d7a14-84ed-4a96-83ff-c71358ecea4d,b1d1233f-f0c4-412c-90ba-55c8ccd5a895,sms_mo,2024-04-24 14:31:51,2024-04-24 14:31:51,,,+18833849506,+13789735669,TWR-88569,5G,,0.0,rated,0,2024-04-24
480d54f5-725a-4bb4-9d43-a6f28e5596c5,90a5d490-a611-45cc-819e-09554a403180,data_session,2023-05-13 10:46:29,2023-05-14 10:05:48,83959,5225.879,+14134250052,,TWR-48126,3G,,1489.9629,rated,0,2023-05-13
916d0a4a-6ddc-436a-98b4-33fbe4f703a6,b2dc7630-26e3-4b98-86b8-ba121ee14481,data_session,2022-09-08 20:41:31,2022-09-08 23:12:37,9066,192.622,+19684706403,,TWR-74130,4G,,207.1136,unrated,0,2022-09-08
a6da14f6-b27a-4b2f-b4fb-e6daba425c93,aed4617e-ab8c-432c-9936-0a772e95e64f,roaming_voice,2023-03-30 02:52:11,2023-03-30 03:55:33,3802,,+16580824914,+12199151986,TWR-78603,5G_NSA,FR,122.0498,rated,0,2023-03-30
af8cd539-7ad5-4401-8c9f-b61b4ce99bc1,1399d47a-677b-4e20-93ff-d5205c07e7a4,roaming_data,2023-09-28 17:35:09,2023-09-29 13:19:53,71084,5787.502,+19038878675,,TWR-39628,4G,CA,2801.174,rated,0,2023-09-28
523e4a40-7708-4082-a7eb-48975dcb750d,86b07369-fab5-4238-9fd1-01ae7b668cd2,roaming_data,2024-07-27 18:28:14,2024-07-28 18:19:59,85905,4922.36,+13973331602,,TWR-17261,4G,US,374.7649,rated,0,2024-07-27
9269faf5-c0ed-475c-9078-57cfd468dd10,e075650c-ffc0-4b18-a95e-cc73a8ce7c43,voicemail,2023-12-11 19:05:10,2023-12-11 19:51:10,2760,,+14540898324,+12301611239,TWR-58624,5G_NSA,,66.6984,rated,0,2023-12-11
96ca0339-e904-4514-9467-7b286d8e9e46,72412fff-6f16-42ae-a487-6e54b3b1419f,roaming_voice,2023-09-15 19:30:02,2023-09-15 19:34:13,251,,+19155028425,+13574023548,TWR-89203,3G,,5.3761,rated,0,2023-09-15
6c397e11-6bb1-460e-a6eb-dd8dd1d4742e,b2d1fa1f-42ce-4f47-a4d2-dd26b7c12005,data_session,2023-02-10 12:17:38,2023-02-11 02:36:38,51540,6023.856,+19526006379,,TWR-93942,5G_NSA,,2431.3846,rated,0,2023-02-10
a8b15287-fe35-41e5-a80a-dbddff10c248,c06d31e4-9127-4f37-b28f-a015297769cb,data_session,2023-09-06 08:46:05,2023-09-06 10:11:09,5104,3979.53,+19267230790,,TWR-22646,5G,,241.2407,rated,0,2023-09-06
9b19de00-458a-465e-9e45-42068c74f335,d8ef4750-420f-407a-be92-dfeed721989d,sms_mt,2024-01-03 08:04:32,2024-01-03 08:04:32,,,+15503417023,+14319833217,TWR-37207,LTE,,0.0,rated,0,2024-01-03
4efb6156-e9d6-4b86-ace8-a667e1a52215,0c598a49-dee9-4eb8-9122-ce8544665c92,sms_mo,2023-09-13 02:06:45,2023-09-13 02:06:45,,,+12415924527,+16498074194,TWR-10742,LTE,,0.0,rated,0,2023-09-13
e50fe5f4-bc9e-4e47-80f5-04dce1fd950f,43e1cd07-4888-42a8-96de-178b5f889961,data_session,2024-05-07 15:52:29,2024-05-07 18:48:32,10563,7674.751,+12110410667,,TWR-59410,5G,,119.3395,rated,0,2024-05-07
2a88b0a3-82bd-43ff-a54b-705f149354dd,60de4fb9-0fc5-4629-8369-5ad0c2cc31d0,data_session,2023-08-29 01:05:52,2023-08-29 19:29:32,66220,2690.378,+12404864402,,TWR-75954,3G,,2966.4889,rated,0,2023-08-29
81f19cce-0af6-4a2c-8d36-3edff7c3cf87,b269d5b0-f2bf-48f3-8421-df27ee692a1d,sms_mo,2024-10-13 11:05:04,2024-10-13 11:05:04,,,+19334038800,+14221419229,TWR-62961,4G,,0.0,rated,0,2024-10-13
8c83ce7f-3253-45a7-8987-912c1e55a945,2faa9b87-6f2f-45eb-8a2a-ac2e59677ec1,sms_mt,2024-03-08 11:49:07,2024-03-08 11:49:07,,,+17738477711,+13201795675,TWR-91089,WiFi_calling,,0.0,rated,0,2024-03-08
7fbee460-513d-4022-aba2-66205813f6cd,a6150e53-f876-42e0-86e0-4c6d285d6408,voice_mo,2024-10-21 05:05:32,2024-10-21 06:54:00,6508,,+12638953096,+19846381497,TWR-30895,WiFi_calling,,214.8922,error,0,2024-10-21
a9e6b2af-887f-4e5e-bb7f-8f35e8253970,e29f9150-2c96-4ebb-88cc-a294175bbc4f,roaming_data,2024-11-30 00:34:37,2024-11-30 13:31:15,46598,7444.418,+14167940902,,TWR-99439,LTE,DE,1815.6546,rated,0,2024-11-30
0168c691-013b-4280-8fdb-5ccc6c6016f6,551b38b0-cbcc-4a07-a732-f27b6e4635b1,voicemail,2023-03-08 09:14:34,2023-03-08 10:14:57,3623,,+16958596717,+14938088184,TWR-93894,LTE,,109.3534,rated,0,2023-03-08
f2f38581-a243-4cce-ae39-4917f975314f,03fcdb1a-6069-4330-96e2-7131f8f5c9af,sms_mt,2023-11-15 22:02:03,2023-11-15 22:02:03,,,+12941581882,+13241691256,TWR-32499,5G_NSA,,0.0,rated,0,2023-11-15
c0d65e16-1fb3-4e01-8795-c66dcc4045f9,ba95fd96-25db-41d8-aeff-07bf2d4fb3bf,voice_mo,2023-12-16 00:38:26,2023-12-16 01:45:10,4004,,+19131330233,+13481914142,TWR-43663,3G,,13.0798,rated,0,2023-12-16
c690dfb0-e851-4be4-bc70-b70899e5e566,de3d6236-3db8-46d8-8e4f-17ab164d540e,voice_mo,2022-08-17 10:25:42,2022-08-17 11:43:35,4673,,+16607329641,+15415886948,TWR-20874,LTE,,80.8363,rated,0,2022-08-17
678ce96e-be73-45d0-bf21-0fba476ad443,722ec9d0-5dc8-4c1a-820f-9824d3d9175c,sms_mt,2022-07-17 11:47:30,2022-07-17 11:47:30,,,+12494769265,+19723892706,TWR-62310,3G,,0.0,rated,0,2022-07-17
f8553ea2-9869-41a6-b6ba-1d632ae022ff,5e1fb5fc-4a0f-444d-9fd6-01bf8deaddbd,roaming_data,2023-11-27 01:27:14,2023-11-27 05:47:39,15625,1654.564,+13616518753,,TWR-63723,LTE,US,667.4313,rated,0,2023-11-18
ad79f6be-3d26-4167-ba33-3766b0621414,518ec484-4c63-414a-b213-f7d502b4b50b,roaming_data,2023-11-06 22:24:45,2023-11-07 18:37:26,72761,5282.834,+13237468362,,TWR-33435,LTE,BR,1104.1768,rated,0,2023-11-06
a73a10db-bd58-42f5-bf13-43454b54b6f5,2faa9b87-6f2f-45eb-8a2a-ac2e59677ec1,data_session,2023-11-17 21:28:47,2023-11-18 00:42:20,11613,2804.825,+16730709270,,TWR-80599,LTE,,575.6607,error,0,2023-11-17
0cdf5af1-3a71-48d1-a456-75554b12919f,2ec623e4-f096-4495-9f61-924f5c4be5b4,sms_mo,2022-05-28 00:37:31,2022-05-28 00:37:31,,,+16845697517,+18442214762,TWR-62961,LTE,,0.0,rated,0,2022-05-28
3b27b3eb-96eb-4f96-8965-a23743078215,631f012d-c53e-48c9-bf1f-2f67aa6f6012,sms_mo,2022-03-02 02:19:36,2022-03-02 02:19:36,,,+16660403216,+17780515707,TWR-96546,5G,,0.0,rated,0,2022-03-02
f372a051-daff-415b-84a4-af49803f6247,e9cb0902-d239-4bec-9198-0cdc1d0c4f5d,voice_mt,2023-03-10 03:06:20,2023-03-10 04:04:41,3501,,+12397591963,+12423024883,TWR-91089,5G,,22.3543,rated,0,2023-03-10
66075d81-6429-4d37-acee-4c84bd6e428d,f9e729a8-6629-4249-81c2-8f55da8d3a45,roaming_voice,2024-09-17 18:56:42,2024-09-17 20:49:32,6770,,+14321113721,+15711177095,TWR-59946,4G,US,60.1266,rated,0,2024-09-17
9f36e4ce-91dd-46b1-a291-1594aab70d10,37ed0713-fecc-4627-877d-2f969ca67df8,sms_mt,2023-02-24 23:52:57,2023-02-24 23:52:57,,,+12223336390,+16165450218,TWR-79893,WiFi_calling,,0.0,rated,0,2023-02-24
30b67c13-0726-409c-9eeb-5d6981007382,63f8913e-f39d-4121-8557-2e053a58211f,sms_mt,2023-03-18 15:30:24,2023-03-18 15:30:24,,,+13529918086,+13124479361,TWR-48793,5G,,0.0,rated,0,2023-03-18
01bbb51f-a39e-411e-bbac-12c39152b138,0a85281a-17db-4532-8232-696b2a1083f6,voicemail,2023-04-16 17:46:53,2023-04-16 17:49:05,132,,+13746085533,+13336020115,TWR-92839,5G,,3.8775,rated,0,2023-04-16
f51df6ae-210f-4900-a79d-f24c8e6c32cf,af9df37f-c38c-4ad0-bb95-d53d5f1a44fb,voicemail,2023-09-20 02:26:38,2023-09-20 03:03:43,2225,,+15174731225,+17289097377,TWR-98909,5G_NSA,,40.4488,rated,0,2023-09-20
34f616b1-5e49-4182-87c0-be5693cc51f7,e044bda0-f62f-4cdf-b77f-c0512bbb7c51,voice_mt,2023-08-25 07:31:57,2023-08-25 07:55:03,1386,,+17865931869,+15419399279,TWR-27464,LTE,,66.1759,rated,0,2023-08-25
9399d81f-c0d7-4de8-acc1-083cf82c7067,575861a6-f7b3-4d13-b556-edbe8d47924f,roaming_data,2024-09-22 14:35:20,2024-09-23 13:58:06,84166,3269.917,+16557092814,,TWR-95764,5G,US,3031.9173,rated,0,2024-09-22
c5a371af-e578-43fb-916b-ea7c20db462d,d3978667-ba86-4e28-a9b7-2f247841785a,voice_mt,2022-11-18 08:00:05,2022-11-18 08:14:48,883,,+15727808796,+16063582981,TWR-89696,WiFi_calling,,23.2552,error,0,2022-11-18
c8eb55f5-79ef-4317-9acd-099b7733646f,c9c59b30-c0ef-4f63-87b3-ae5073e7f61e,voice_mt,2022-11-18 16:32:32,2022-11-18 17:36:05,3813,,+15292451196,+19500980813,TWR-75697,5G_NSA,,64.0135,rated,0,2022-11-18
b408286a-903a-46b4-8943-fc38772362e9,40a2bdea-3a5c-4edb-9add-629887191eb4,voice_mt,2023-01-28 09:05:13,2023-01-28 10:29:54,5081,,+12960032492,+13102543117,TWR-88599,5G,,99.2704,partial,0,2023-01-28
cf466a36-91e9-4d25-884d-29c15c650a42,497d9e74-31f6-472e-9e1b-dcda7f33ca28,sms_mt,2023-10-15 04:00:39,2023-10-15 04:00:39,,,+17629894129,+19035966608,TWR-59410,LTE,,0.0,rated,0,2023-10-15
bff4ae40-b5af-45cb-868c-fef922d4bd98,b95d6e83-0f5d-4bdc-9768-489c6d977a40,roaming_voice,2022-12-30 22:35:14,2022-12-30 23:29:32,3258,,+18584781459,+19033531828,TWR-88599,5G,JP,133.832,rated,0,2022-12-30
d5ba7554-901e-4cdc-8730-0aadec857df3,2aef305f-292b-4e2b-871b-75a4f6b11b49,roaming_data,2024-02-04 03:14:31,2024-02-04 20:29:38,62107,5105.295,+16321831919,,TWR-44207,5G_NSA,CA,2306.3959,unrated,0,2024-02-04
621eda08-5987-44cc-906e-e5690bd82397,7aa3bfff-bc6f-43ff-9aff-cc46acdffa55,data_session,2024-08-14 01:46:57,2024-08-14 10:26:07,31150,7430.576,+18897530035,,TWR-19132,LTE,,190.4105,rated,0,2024-08-14
3bf1ca82-26f0-461a-a3ce-82e562460935,adbc3f23-1413-43c8-bf5e-58e1f254991e,sms_mt,2023-09-05 05:39:59,2023-09-05 05:39:59,,,+13199203367,+16528072676,TWR-14857,4G,,0.0,rated,0,2023-09-05
31110b31-7b51-452f-afbf-732dae450e05,f9842d9f-d261-4766-81cc-29332a9504a1,voicemail,2022-11-13 23:57:42,2022-11-14 01:20:22,4960,,+14011636362,+12472321173,TWR-59906,4G,,186.3323,rated,0,2022-11-13
1bf7eaff-49f7-4e4e-abe1-a3335cb8cd19,c179e67a-5014-4ec2-b153-ccc63676107c,roaming_voice,2024-09-13 09:49:53,2024-09-13 11:36:37,6404,,+18719327290,+12300881242,TWR-32824,5G_NSA,JP,152.0756,rated,0,2024-09-13
496c63f3-04b6-46d5-b576-bd6578e94c2b,c43cec77-ca9c-4b24-808e-d7b05899b369,voice_mt,2024-09-26 09:32:53,2024-09-26 09:43:14,621,,+12908464745,+12340657113,TWR-22646,5G,,21.6795,rated,0,2024-09-26
690ab883-d165-4034-bbfc-fbf4ee450ab5,68a9d391-5242-463e-a2b7-30c8271f8e6d,sms_mo,2024-05-20 00:31:42,2024-05-20 00:31:42,,,+13064352288,+13432753037,TWR-67425,3G,,0.0,partial,0,2024-05-20
a3938265-499a-4aa0-b7a5-f2b06298eebd,ac7542a3-10fc-4cae-be76-e8854453d5e0,sms_mt,2024-09-04 21:07:28,2024-09-04 21:07:28,,,+16641435992,+12219111721,TWR-80040,5G,,0.0,rated,0,2024-09-04
ef652b01-9f47-402c-a7a0-01da185f2606,615ce6b1-5926-4fa9-a23c-a64223022e0a,voicemail,2022-05-27 07:36:31,2022-05-27 08:11:53,2122,,+19264626460,+17175082538,TWR-34373,4G,,20.5116,rated,0,2022-05-27
3a638303-83c9-4d43-8d0d-77155fa32b13,f6c35958-f3b0-452d-bd50-5aa523043fef,sms_mo,2022-12-02 21:22:48,2022-12-02 21:22:48,,,+15141911270,+18890590713,TWR-99439,WiFi_calling,,0.0,rated,0,2022-12-02
9b7aba71-e391-4a31-8ff5-dfab88b7ea3c,d7c1f35b-87ce-45ad-8091-22177ebf2a80,roaming_data,2023-12-19 16:48:12,2023-12-20 04:57:54,43782,2974.825,+16143642744,,TWR-78603,3G,CA,180.8807,rated,0,2023-12-19
c5886691-7ae5-4db9-98dd-92807a3d9ccc,caf6391a-79f9-46f8-9920-37ad12115deb,data_session,2023-07-12 01:02:34,2023-07-12 13:02:27,43193,7656.296,+16007703592,,TWR-59946,5G_NSA,,242.0248,rated,0,2023-07-12
d87cd1d1-8c35-4af9-a92b-4d3a39963432,a3100d2a-b8c4-4110-8e65-24a37d665c00,voice_mt,2024-07-30 05:41:20,2024-07-30 06:00:58,1178,,+15144208285,+12775201132,TWR-59906,WiFi_calling,,39.7844,rated,0,2024-07-30
20b8154e-2943-4074-b4cd-0ca4be3f71c0,1ce74e07-56ef-4532-abe7-4bd9fec96847,roaming_data,2023-01-05 06:20:14,2023-01-05 13:14:22,24848,94.177,+15449715663,,TWR-62950,5G,,243.5752,rated,0,2023-01-05
049c5051-d152-4d8c-8304-4dd38dfa8d7a,1034303e-92d6-4371-9a7a-844ed8b930e3,data_session,2024-01-28 15:35:12,2024-01-29 08:28:19,60787,5006.096,+12687963320,,TWR-98381,WiFi_calling,,1294.9984,rated,0,2024-01-28
540b5e49-8915-4be2-941b-92f010a331e2,0712685c-6d53-4fa5-b17d-ee7c958ec77f,roaming_voice,2024-02-26 15:19:19,2024-02-26 17:03:44,6265,,+19222603016,+17440514153,TWR-27160,3G,JP,137.2429,rated,0,2024-02-26
3fce5f84-09b3-4789-947b-d2bee9de945c,02ca1739-e6ac-46b3-8f6b-75d9fd9f525f,voicemail,2023-07-24 23:36:24,2023-07-25 01:00:12,5028,,+18063498920,+12392112102,TWR-98909,5G,,207.525,rated,0,2023-07-24
c518356a-e47d-4850-a7b1-3f0061ba7d3a,5343ffb0-3bf0-4378-bd5b-6cea3ae162e0,sms_mt,2023-06-04 22:32:58,2023-06-04 22:32:58,,,+13618774992,+15604064962,TWR-47711,LTE,,0.0,rated,0,2023-06-04
2be3f98c-6641-4ff6-9135-03b14067836e,eacfdb8a-fdc6-4857-92fa-e28943a03cf4,roaming_voice,2024-01-11 00:15:00,2024-01-11 00:33:01,1081,,+13013419643,+19260620794,TWR-54151,LTE,MX,49.2784,rated,0,2024-01-11
4021db0d-2029-491c-a343-453a0e7a7da9,d9a472ce-b38a-4acf-bc69-a76d5993c02b,roaming_data,2024-02-17 05:11:20,2024-02-17 20:38:02,55602,2522.363,+13003654678,,TWR-70487,5G_NSA,DE,1227.1811,rated,0,2024-02-17
59fb4484-8173-4ade-ab30-1f82059fc4a5,9ce243d9-a541-42ab-aa9f-7ceec453baa8,sms_mt,2024-05-28 01:29:26,2024-05-28 01:29:26,,,+16210874566,+16327850141,TWR-64272,4G,,0.0,rated,0,2024-05-28
01b77a60-4376-46a8-a763-05947e91909b,a060de40-0ac1-4407-9657-76856a8d1318,roaming_data,2023-05-02 02:42:30,2023-05-02 07:25:36,16986,5213.362,+17739319076,,TWR-19132,3G,,704.8992,rated,0,2023-05-02
2b08cfcb-4605-43fa-9aa6-0365d1a69b16,c8798701-47ce-430d-aafc-28eae14489d8,sms_mo,2023-04-01 01:38:50,2023-04-01 01:38:50,,,+16809481969,+12038951028,TWR-51147,5G_NSA,,0.0,rated,0,2023-04-01
d36209c2-da7a-4d2e-97cd-1c4689e4b24d,6b0d1044-9004-4621-aa37-5e6157966a32,roaming_voice,2023-11-04 20:44:22,2023-11-04 20:51:09,407,,+19134629871,+12345530656,TWR-10742,5G,IN,14.1861,rated,0,2023-11-04
c7610a05-791e-4077-be94-b6e0ec050146,f2a67b29-9945-4050-8464-68f42b9b4ccb,roaming_voice,2022-05-15 05:51:06,2022-05-15 07:09:34,4708,,+16329721955,+12785860903,TWR-99759,5G_NSA,US,221.2449,rated,0,2022-05-15
96b224d4-c7b9-49ca-9cc0-ae3029913d96,95d3230c-92a8-4089-a4ca-829a4287c89d,sms_mt,2024-10-11 20:41:35,2024-10-11 20:41:35,,,+13544181859,+13465525277,TWR-81495,4G,,0.0,rated,0,2024-10-11
0e30ea61-ea9b-41fa-834a-56bc3cdb08ac,36a65df3-5d7f-406b-8d74-a802d98c7287,data_session,2024-05-14 05:40:15,2024-05-14 21:54:18,58443,5669.545,+18777789927,,TWR-20637,WiFi_calling,,1436.6483,rated,0,2024-05-14
282d0dc8-2aab-4a58-bfdd-688b6e3f0904,1b74931b-f732-40ef-918c-33761b375dff,voice_mt,2022-01-05 08:50:27,2022-01-05 09:17:12,1605,,+14903682450,+18369577849,TWR-21775,5G_NSA,,67.1264,rated,0,2022-01-05
f9d0047d-edfa-4b1a-b0c0-fc86698a15fa,fad9570a-4c6e-48c7-8bd3-5a3e5849b575,voice_mo,2022-04-08 12:34:21,2022-04-08 13:55:00,4839,,+15258051428,+12590649405,TWR-81495,LTE,,91.8635,rated,0,2022-04-08
7dd132ef-6c33-461f-aadd-900e54e3cf26,98304725-3e41-406b-a8c3-c92559528515,roaming_data,2022-07-12 17:18:41,2022-07-12 23:40:20,22899,5695.027,+18796621691,,TWR-65732,4G,,449.0431,rated,0,2022-07-12
66b3a4fd-afdb-42fa-80b1-3774d9930bcc,92c82402-c05f-443c-99ca-86cb9a584cd6,voice_mo,2022-10-26 23:30:47,2022-10-27 01:05:10,5663,,+12819086096,+14802960125,TWR-35907,5G_NSA,,19.1238,rated,0,2022-10-26
102100a3-02e4-40c8-9e83-4db48febe5d1,3222212b-e69c-4293-85dd-08913682db42,voice_mt,2024-11-22 05:54:08,2024-11-22 06:41:15,2827,,+17740750264,+14298206576,TWR-70647,LTE,,65.9497,rated,0,2024-11-22
1a4a3cb5-dad8-4f58-8473-215a678966d3,5b00d7c0-50c0-4cc1-92a6-373d74c04330,sms_mt,2024-12-23 01:49:04,2024-12-23 01:49:04,,,+15907327886,+15406424915,TWR-29959,3G,,0.0,rated,0,2024-12-23
4ae1e9df-3dbe-4ac0-b0ae-89cb25cdabb1,0c65cb99-47c6-4629-bcc0-5f507e6f66f3,sms_mt,2024-11-13 12:32:03,2024-11-13 12:32:03,,,+12644510114,+12466883863,TWR-33284,WiFi_calling,,0.0,rated,0,2024-11-13
d8c5e0c5-04da-4c9b-8496-dba048482f5c,32c3ecf8-ce50-4701-a565-3f767cb38eab,voicemail,2024-05-30 03:34:21,2024-05-30 05:07:05,5564,,+17200769935,+14448433985,TWR-70487,3G,,159.794,rated,0,2024-05-30
c2bb03a8-35a3-42b8-941d-efd4b6b69adf,67ad1178-94cd-4fbb-bf37-0f0c2942b576,data_session,2024-10-04 17:02:59,2024-10-04 22:44:19,20480,7034.513,+17585410019,,TWR-54151,LTE,,618.4047,rated,0,2024-10-04
be29ceef-fa47-4d68-bd34-321639b0ff66,ef101019-c332-4114-8ce0-565628a2f03b,voice_mt,2024-01-12 03:02:17,2024-01-12 04:17:30,4513,,+14121774718,+19180460216,TWR-54151,LTE,,222.2589,rated,0,2024-01-12
1abd839b-e158-4200-991f-e903c815f5c2,e355d845-85ce-446c-b127-038e6c2c0436,voice_mt,2023-09-29 17:46:06,2023-09-29 17:49:59,233,,+12977923955,+17974910211,TWR-15590,4G,,2.0906,rated,0,2023-09-29
0c5c785b-9b30-4358-b05f-773000df2880,40bc126c-12d7-4ef0-9af9-90ac36324ce5,voice_mt,2024-08-17 11:32:25,2024-08-17 12:54:02,4897,,+13392167410,+18861909458,TWR-33281,WiFi_calling,,27.6831,unrated,0,2024-08-17
8cc8f516-6325-46d4-9a35-c6e6f9e1b417,e771ddaa-bcff-4298-aa2b-581fb9f41e97,roaming_voice,2024-05-31 08:26:16,2024-05-31 09:35:31,4155,,+13277903835,+18066143505,TWR-54408,4G,JP,162.6118,rated,0,2024-05-31
ad86c478-6393-4202-b23f-71ea3ca03c58,0f7b4f70-d531-444c-b731-3a9409d1f1ba,voice_mo,2024-03-26 08:35:33,2024-03-26 09:09:50,2057,,+17038885561,+16932884244,TWR-43761,5G_NSA,,41.5813,error,0,2024-03-26
424b03f9-6d39-4f02-95fe-db9af4bc4caf,1b9e3f87-4d86-4d6b-8372-bfc24ca7083e,roaming_voice,2022-10-21 16:40:20,2022-10-21 17:54:41,4461,,+19068628530,+18507447189,TWR-63127,3G,US,98.0377,rated,0,2022-10-21
e42509d2-f8a8-4a9d-b3b1-d19c99d28181,dc173425-7bdd-4f02-bc01-5311e7a1bb33,sms_mo,2023-08-30 16:36:47,2023-08-30 16:36:47,,,+17898740094,+18127534365,TWR-15590,5G,,0.0,rated,0,2023-08-30
9e373b07-39c8-4ff8-a9c0-10a4c68943df,c2ef4df6-b591-4a35-8a51-99640066319a,voice_mo,2023-10-28 09:08:38,2023-10-28 09:09:47,69,,+15588756716,+13247970764,TWR-59784,5G,,0.8529,rated,0,2023-10-28
ee78ad8b-ed04-4615-a5a3-dff4b01dcaf0,92c82402-c05f-443c-99ca-86cb9a584cd6,roaming_data,2024-03-01 05:48:41,2024-03-02 00:34:07,67526,7880.078,+12935496067,,TWR-37713,LTE,IN,138.0301,rated,0,2024-03-01
78a6308c-c8bb-41bd-9f66-11120e70db74,10709baa-3686-4f8e-8b28-2516966c98fa,data_session,2023-03-31 10:34:10,2023-03-31 13:16:34,9744,6921.465,+12072288780,,TWR-51825,5G_NSA,,74.6873,rated,0,2023-03-31
6df4fda4-7aed-412b-a6f0-b645f53bd4c3,b44cec04-4330-4d3b-b0de-0e4401d3977d,roaming_data,2023-05-11 21:18:48,2023-05-12 13:59:49,60061,5571.378,+12389022851,,TWR-33462,LTE,JP,349.7997,rated,0,2023-05-11
a1b23501-bb9b-4024-806d-6daf34da3a26,a4ba2881-eb3e-4cd2-975c-56ecf2f4d6ae,voicemail,2022-04-01 22:31:20,2022-04-01 22:32:12,52,,+19205077944,+16053398534,TWR-90085,3G,,1.4557,rated,0,2022-04-01
f9c37120-280a-4df1-83f0-56b0e33a8b2d,0a7441bb-d724-4278-b895-9336320d37bd,sms_mo,2024-05-08 14:05:14,2024-05-08 14:05:14,,,+15966829217,+14519400371,TWR-60585,WiFi_calling,,0.0,rated,0,2024-05-08
1a67e58a-f06c-497f-a76d-19080e3e2d51,d9127b32-a8f1-4445-9702-133bce158319,voice_mt,2023-06-07 21:43:16,2023-06-07 21:51:34,498,,+12107489854,+12601126566,TWR-48793,LTE,,9.104,rated,0,2023-06-07
a8f6c198-6510-445a-b9f7-e3cff12317e0,40bc126c-12d7-4ef0-9af9-90ac36324ce5,roaming_data,2022-04-22 05:25:20,2022-04-22 22:06:11,60051,1271.128,+16338856171,,TWR-99693,WiFi_calling,DE,713.7876,rated,0,2022-04-22
8cac6779-a612-4619-8b77-3638317f5162,5b7196d5-a867-4b01-8c11-5ee4c5596e36,roaming_voice,2022-04-09 00:55:00,2022-04-09 02:16:16,4876,,+18991920283,+18803580455,TWR-67896,5G,,198.0314,rated,0,2022-04-09
963d519f-eb12-4b0d-b47f-14978c464371,89e3b790-a19b-4fe7-9bfb-3eb88978925d,sms_mo,2023-12-29 23:58:07,2023-12-29 23:58:07,,,+17042326234,+14567977532,TWR-67425,LTE,,0.0,rated,0,2023-12-29
54c40dba-56a0-40fa-ac90-89a0f76c7909,18b49daa-f2e4-443b-825f-96ad93c0e6bb,roaming_voice,2022-08-12 00:35:58,2022-08-12 01:36:22,3624,,+15607816711,+17206292704,TWR-45310,4G,GB,177.4197,rated,0,2022-08-12
244d4c00-4c8f-4ea7-8f9b-84f83f45433c,913140a4-0b09-4f63-b568-bff618bcd6ee,roaming_voice,2023-04-23 22:17:10,2023-04-23 23:24:36,4046,,+19667050728,+13462470952,TWR-90085,5G_NSA,FR,196.3738,rated,0,2023-04-23
b91340a6-acb3-48e0-80ae-938fa15645b6,bdaab436-0709-4d7a-9bc1-6ee0a8b9662a,voice_mo,2023-09-14 23:07:25,2023-09-15 00:22:42,4517,,+14324395368,+18415307495,TWR-17316,WiFi_calling,,186.9253,partial,0,2023-09-14
3fa0d75b-80ae-4028-83c6-66cd7c7a7bbb,7bf33d7c-e999-4f31-9096-397fe348d431,data_session,2023-08-12 01:04:44,2023-08-12 16:07:49,54185,5077.15,+14805263037,,TWR-13054,WiFi_calling,,859.0828,rated,0,2023-08-12
0b7e45b0-e7e3-4777-8131-e5a7c058ebeb,0ed83dc5-1471-4374-bd32-f520668bfea6,roaming_voice,2024-07-20 22:15:54,2024-07-20 22:19:18,204,,+16824083835,+19560392872,TWR-80040,4G,FR,2.1506,rated,0,2024-07-20
55f6d012-cbd2-4468-b747-37f4757646ec,e2efdad6-418f-4b1f-b232-f9705d5f46d4,roaming_voice,2024-06-02 13:01:29,2024-06-02 13:21:48,1219,,+12020539558,+12307386278,TWR-83526,3G,IN,14.5499,rated,0,2024-06-02
31201c63-bc7e-4522-8377-5021a1a7cf5d,31608d87-a705-4a56-a7ae-e086e03d41c8,voice_mo,2022-10-27 22:24:14,2022-10-27 22:42:18,1084,,+15124048806,+16394539915,TWR-63516,5G_NSA,,24.805,unrated,0,2022-10-27
fc1024f4-fb03-44d2-8090-008c7512d4a0,40bc126c-12d7-4ef0-9af9-90ac36324ce5,voice_mt,2024-08-04 14:56:33,2024-08-04 15:27:15,1842,,+18062481362,+12862758545,TWR-70487,3G,,47.3682,rated,0,2024-08-04
954aedae-3b44-4af1-8dd1-e90ae803efb5,b13034a5-8f24-424c-a1a9-05152bdaf25b,voicemail,2024-05-20 12:36:21,2024-05-20 14:04:59,5318,,+19080857361,+16705926888,TWR-75422,WiFi_calling,,51.5561,rated,0,2024-05-20
7720a320-9e57-41d3-ae87-2bed6526723e,053a8223-31b4-4b47-ae9b-0a70efbd0b97,sms_mt,2024-09-04 10:06:12,2024-09-04 10:06:12,,,+14865323834,+18757754281,TWR-43763,WiFi_calling,,0.0,rated,0,2024-09-04
61432d82-1103-4a9b-898b-bd16415bce45,36510fd5-63f3-4978-b70b-2c45bf83f4a1,voice_mo,2023-02-09 09:59:25,2023-02-09 10:06:27,422,,+19312015024,+15625167923,,4G,,12.8628,rated,0,2023-02-09
5e911d1d-fa10-4e3c-99fc-65c096878f30,114aca75-7aae-4be9-9794-8ba8b2151fc4,voice_mo,2022-08-13 05:13:01,2022-08-13 05:57:04,2643,,+18742707755,+19122349584,TWR-56568,4G,,33.0899,rated,0,2022-08-13
fc35b431-35c0-4565-ae26-8cd5b1fc3221,c762ccda-7051-4195-b4fc-539bf72d7424,voicemail,2024-02-07 09:00:18,2024-02-07 10:27:08,5210,,+15472500163,+16132086500,TWR-75422,WiFi_calling,,74.4053,unrated,0,2024-02-07
8e5f6f2b-5b42-45e6-84bf-b3db892c4954,aed4617e-ab8c-432c-9936-0a772e95e64f,sms_mo,2023-06-11 19:44:31,2023-06-11 19:44:31,,,+19948775230,+13025617191,TWR-62242,5G_NSA,,0.0,rated,0,2023-06-11
b2976f8e-6a88-49fe-8203-3d688a9b519b,57eec35f-17a6-49d4-a85f-db9759136a57,sms_mt,2023-07-19 11:14:23,2023-07-19 11:14:23,,,+19784324109,+19588243057,TWR-62242,4G,,0.0,unrated,0,2023-07-19
3612fd16-f0e8-4235-bc89-a7bf12e646e2,83aed610-f3d9-4c11-a0ba-f7db5b988904,roaming_data,2024-11-14 05:07:18,2024-11-14 13:29:13,30115,4317.66,+18095105289,,TWR-51825,5G_NSA,MX,410.1572,rated,0,2024-11-14
c67e339d-9d04-4c57-bfdd-bade744925d9,258859b6-2fe7-4976-aef5-765d11751bb2,voice_mo,2022-06-23 03:22:11,2022-06-23 04:28:32,3981,,+16464597341,+19091025565,TWR-60209,LTE,,82.4216,rated,0,2022-06-23
cd2d9834-3747-4675-9e1e-5b4b60025e2b,93d66b9a-fde3-4158-8cf2-da62680764aa,sms_mt,2022-10-29 04:26:09,2022-10-29 04:26:09,,,+18916206824,+18724977358,TWR-79574,WiFi_calling,,0.0,rated,0,2022-10-29
27a7a0fa-cad0-4692-8626-2a51cb478732,a8d029a7-b3ff-44c1-8b55-8331e2562b50,data_session,2023-07-16 06:16:54,2023-07-17 00:15:30,64716,4888.615,+13607557594,,TWR-21274,5G,,1215.4271,rated,0,2023-07-16
a24030d8-24c6-4cfe-8e38-f2268f75843d,b269d5b0-f2bf-48f3-8421-df27ee692a1d,roaming_voice,2024-03-19 08:12:00,2024-03-19 08:40:38,1718,,+15394644977,+13644368129,TWR-78603,4G,FR,15.0643,rated,0,2024-03-19
a7d7c65e-cb3d-4118-a7f6-43e2a0b8ef50,af95c51b-3db0-4f3b-9684-4ffe6bab2a83,sms_mo,2024-01-01 23:16:44,2024-01-01 23:16:44,,,+17948967067,+19774849904,TWR-70487,5G_NSA,,0.0,rated,0,2024-01-01
9515d03b-c49c-4ccf-8fba-de1b53b47f0e,a182465a-60da-460f-8467-f492e92f407e,voice_mo,2023-03-09 13:56:30,2023-03-09 15:20:45,5055,,+18611847332,+12311121254,TWR-98898,4G,,136.7101,rated,0,2023-03-09
c457decf-fc9a-4f9f-8755-f42f07d68a8f,421c349c-fec0-46b5-a4e2-4dced6664bda,data_session,2024-01-12 17:13:39,2024-01-13 09:24:39,58260,2882.412,+13419993611,,TWR-56861,3G,,1515.8039,rated,0,2024-01-12
dd997a84-41c4-4663-9ecc-103cfcddac41,2cf731ad-c352-4a0a-a0bc-15fad1797934,roaming_voice,2024-12-09 00:09:29,2024-12-09 01:45:30,5761,,+17392416628,+17543571857,TWR-33435,5G,MX,141.4463,rated,0,2024-12-09
09449698-5dda-4e5c-8645-4dc69db1f15f,76616106-660f-4a8d-b3dd-1ae6e1752353,voice_mt,2023-08-21 11:43:37,2023-08-21 12:41:32,3475,,+19012864882,+12611311978,TWR-83526,LTE,,79.0773,rated,0,2023-08-21
cc25cb5a-61e1-457c-8ec4-5eae489dae90,4bbf6e93-cd6d-457d-933d-2eead6e6c2f7,roaming_voice,2023-02-28 02:09:50,2023-02-28 03:58:12,6502,,+17091718634,+13399522279,TWR-20874,5G,GB,101.0531,rated,0,2023-02-28
e662dc61-0216-4782-99be-2ff5f4c31ed5,649d3df5-cb0a-4b00-9e7d-773ffd6417ae,voice_mo,2024-11-26 01:41:58,2024-11-26 02:49:10,4032,,+18720755278,+18404959079,TWR-67678,5G_NSA,,156.9543,rated,0,2024-11-26
558ac40e-0e3a-4a73-9e88-7d528d1147ae,57eec35f-17a6-49d4-a85f-db9759136a57,voice_mt,2022-01-01 05:17:31,2022-01-01 05:43:01,1530,,+15481967292,+14996422960,TWR-64922,5G,,46.4868,unrated,0,2022-01-01
fd77cf27-68d4-4943-834e-67b1fe807666,dd1e5698-705f-47a5-9cf5-4b2acf0cc9df,voice_mo,2022-12-10 06:50:05,2022-12-10 06:53:34,209,,+14651555140,+13410964771,TWR-51825,5G_NSA,,6.0731,rated,0,2022-12-10
6fb44de6-0aa9-4d3b-bb2c-b4dc79170cbb,c8798701-47ce-430d-aafc-28eae14489d8,voicemail,2023-05-03 22:55:02,2023-05-03 23:05:43,641,,+14451016624,+18070309956,TWR-40658,WiFi_calling,,23.0412,rated,0,2023-05-03
da920197-d490-44f5-b0e0-8492d2c18314,a289cd21-27ee-43a6-b908-74843b30902a,roaming_voice,2023-06-11 03:15:00,2023-06-11 04:16:31,3691,,+15405015780,+13427751132,TWR-51468,WiFi_calling,DE,101.6442,rated,0,2023-06-11
f3d5fd90-f19e-433f-a97e-9f5c293109d4,f05a0eea-5ebb-4597-bb32-081f9191353f,data_session,2023-01-11 11:26:11,2023-01-11 16:37:24,18673,6127.706,+17278421896,,TWR-11461,5G,,168.214,rated,0,2023-01-11
a102c8c5-fc9a-4f4f-bbb7-d649ee24864b,25e9db86-f6f9-480b-be4c-2692033ccee2,sms_mt,2022-08-21 18:37:36,2022-08-21 18:37:36,,,+13883992116,+16642875410,TWR-63723,LTE,,0.0,rated,0,2022-08-21
820da41b-52d3-4e59-bc2a-858b06ac05c7,07ad1e5e-861f-4f5c-a025-967284176cc6,data_session,2023-01-12 16:31:46,2023-01-13 06:49:27,51461,7695.853,+12180726569,,TWR-78603,3G,,1344.2542,rated,0,2023-01-12
4ebddce7-509c-4631-8ae3-cc7290785eee,77bcfbe9-4eea-4fe6-b4be-f258baf13a05,sms_mo,2023-01-21 14:58:23,2023-01-21 14:58:23,,,+18591740577,+18713153423,TWR-23860,5G_NSA,,0.0,rated,0,2023-01-21
a158af15-e1b9-45c6-b3ff-8d2092502d80,182373d8-d576-4953-a721-5752ee7c7d48,roaming_voice,2022-10-06 16:14:21,2022-10-06 16:34:23,1202,,+15194703703,+16448276491,TWR-89696,WiFi_calling,US,18.9347,rated,0,2022-10-06
a864c9e1-b065-4359-9dbe-7a42a1abe125,b2d1fa1f-42ce-4f47-a4d2-dd26b7c12005,voice_mt,2023-08-15 20:38:24,2023-08-15 21:54:32,4568,,+12505372652,+16018911477,TWR-65732,WiFi_calling,,210.7917,rated,0,2023-08-15
acfa586f-a989-467b-87c1-1f55ef198a92,464c9712-fdc8-40df-9c0b-f56b6e208034,data_session,2023-10-05 20:40:37,2023-10-06 11:52:27,54710,7437.675,+15454743689,,TWR-33753,WiFi_calling,,2068.1392,rated,0,2023-10-05
6a4d3d3d-6c73-42f5-a1bf-3fd5caf49a0b,2ba3f1e5-1bd0-45ed-bb20-8c52d2f645cf,sms_mo,2023-03-24 21:42:34,2023-03-24 21:42:34,,,+18868347477,+18298901859,TWR-47711,4G,,0.0,rated,0,2023-03-24
a18c6bbe-3aed-462f-8c85-a5be879c0a3c,62ac2672-9c7e-447f-a8c5-df7e64ba458e,roaming_data,2024-05-29 09:06:45,2024-05-29 17:21:19,29674,788.488,+18599083581,,TWR-62961,WiFi_calling,BR,713.3688,rated,0,2024-05-29
5c46f823-7184-4f51-bdd4-61dbbe03e58e,90b56269-68eb-4254-8799-6f02c5fb8ebb,roaming_data,2024-10-26 05:01:06,2024-10-26 22:47:43,63997,1774.412,+16081981736,,TWR-93942,WiFi_calling,IN,242.9768,rated,0,2024-10-26
3d0ffb9e-6eb0-4472-82a3-1580b018f313,62a70bb1-6861-4b22-b3fb-d43ba8b4bd6a,sms_mo,2022-05-02 23:29:38,2022-05-02 23:29:38,,,+13002563823,+12005625602,TWR-11461,LTE,,0.0,rated,0,2022-05-02
0b6349dd-7a69-4222-9deb-5e51b27c9cac,2d47597d-d964-4017-9f04-12ba64c451f6,voice_mo,2022-03-14 14:40:41,2022-03-14 16:27:35,6414,,+13292561265,+13150004443,TWR-11461,4G,,101.687,rated,0,2022-03-14
20c54475-6579-4d7d-b698-592e697e11df,5573ac00-6d07-4996-a747-b776cec037c0,data_session,2022-07-15 04:17:37,2022-07-15 08:09:52,13935,5186.117,+15121483132,,TWR-56861,5G,,550.2252,rated,0,2022-07-15
05298235-4efc-4262-adbd-03e20ebda0a0,08e4c108-4048-4eec-b3a6-1c9f9ab86675,roaming_data,2023-09-20 18:33:38,2023-09-21 17:42:40,83342,5541.077,+13020558751,,TWR-14927,3G,US,690.3587,error,0,2023-09-20
11375cc2-9f39-4965-8966-032fb73f22f7,6186a91e-07e7-446b-b559-027b3d26b793,roaming_data,2024-09-26 17:45:49,2024-09-27 15:49:41,79432,2752.378,+12159203884,,TWR-91089,3G,GB,1665.7523,rated,0,2024-09-26
3a50a7fc-03b0-4d20-bf10-fdb8e7bfd539,8009adb4-6ffc-4767-8e76-31b786b6bac2,voice_mt,2022-10-28 00:18:12,2022-10-28 01:06:21,2889,,+18875831395,+17033016798,TWR-33435,3G,,106.7663,rated,0,2022-10-28
7c4bb3ce-ecbf-4d40-841f-e5f477e8dfae,9963eff4-7062-4a2b-b495-a41ba9c94233,roaming_data,2022-07-23 18:34:30,2022-07-24 11:38:19,61429,6556.721,+17362871709,,TWR-75422,3G,GB,1918.2217,rated,0,2022-07-23
c393de37-e956-4e6b-959e-96ff6fe84baf,e1079377-2293-4f24-8612-8ff2e863f11e,voice_mt,2023-08-22 03:47:49,2023-08-22 05:08:56,4867,,+17706103010,+13005837272,TWR-71477,5G,,239.4779,rated,0,2023-08-22
45fe0585-4058-446f-91e5-725d967d9fff,00d6e6c1-eb68-48c1-92d0-10bba89691a1,sms_mt,2024-09-09 19:30:11,2024-09-09 19:30:11,,,+13084791681,+17355561858,TWR-54151,WiFi_calling,,0.0,rated,0,2024-09-09
263657e0-5a2f-48c9-9b89-6ae98c7712db,f905d4a9-a60b-4783-87e1-b3ff4c9191bc,roaming_voice,2022-07-31 09:08:05,2022-07-31 10:47:56,5991,,+13097608240,+16682766658,TWR-83131,3G,IN,135.5648,rated,0,2022-07-31
9177ca83-8766-43c2-b9f7-32951e4c6f1d,4b8ae5bc-ce69-4a51-9300-b131117e03d5,roaming_voice,2023-02-26 03:25:56,2023-02-26 04:34:12,4096,,+13932849234,+17536214040,TWR-89203,4G,JP,99.0935,rated,0,2023-02-26
43e9703a-bb0d-49f6-a54b-728ca19e2c77,05cb6546-05b4-430a-a9f8-2fd52aea4ee1,voice_mt,2024-09-19 06:33:18,2024-09-19 07:02:52,1774,,+17471207234,+18068537377,TWR-75948,5G,,75.4439,rated,0,2024-09-19
82bd4f04-9282-487a-8c65-24a56e11a4e7,3f167142-0834-46b7-be39-b3e94f8e2c2c,roaming_voice,2023-01-12 19:56:45,2023-01-12 21:23:08,5183,,+18093621411,+17708235267,,3G,IN,185.2875,rated,0,2023-01-12
2c331e01-287d-4045-8cee-c8a54b8cf329,9000e141-c50a-4f54-a57d-0e09aac3e0d3,sms_mt,2024-02-21 16:08:08,2024-02-21 16:08:08,,,+19550987830,+12140084998,TWR-97532,5G,,0.0,rated,0,2024-02-21
99dfe124-a8ab-4abf-9a82-b8e468735be8,e348ee52-dcf4-4d78-b3e8-65439913cdc3,roaming_data,2022-12-05 17:59:55,2022-12-06 06:31:59,45124,6758.931,+19388811264,,TWR-43761,WiFi_calling,BR,301.2981,unrated,0,2022-12-05
eca88f01-f64a-43d0-9e9f-67b003c185cc,78ced725-cc10-4c7f-8059-57c48cdec97c,sms_mo,2024-10-24 07:48:50,2024-10-24 07:48:50,,,+17241657776,+12363400655,TWR-66481,4G,,0.0,rated,0,2024-10-24
b6662b96-8a49-4748-906b-933c25c3f54a,64d5d3d1-5547-4de9-9b27-ddd2e0a152af,sms_mo,2023-02-18 18:47:48,2023-02-18 18:47:48,,,+13817045202,+19320669328,TWR-14857,3G,,0.0,rated,0,2023-02-18
4a4f0501-24a7-4668-a55f-a156e4767c43,a53b9543-008f-4307-bec7-1fab1ba755c7,voice_mt,2024-12-03 04:36:11,2024-12-03 04:54:10,1079,,+15872596050,+18757375203,TWR-64619,4G,,17.5083,rated,0,2024-12-03
f9c1bc74-35da-4723-b518-1a2dde1f27b8,5fe94a53-4f47-4da3-89fb-1695e1766151,roaming_data,2024-01-20 20:02:50,2024-01-20 20:13:44,654,6700.958,+19982885208,,TWR-33284,4G,GB,18.57,rated,0,2024-01-20
c469288a-f4e5-46fe-96f4-f9c44bd62a97,0ed83dc5-1471-4374-bd32-f520668bfea6,roaming_voice,2022-03-05 21:01:49,2022-03-05 22:17:13,4524,,+15559914754,+14151427070,TWR-62242,5G_NSA,,221.2235,rated,0,2022-03-05
2df006a0-f9d3-451a-9c30-bb1a021548f3,caf66c0e-254c-4b40-afc2-924a910bc615,voice_mt,2022-07-28 23:23:46,2022-07-28 23:48:19,1473,,+16114876483,+13430853613,TWR-59946,3G,,50.8733,rated,0,2022-07-28
eed73a8b-eae5-4aec-9c0f-4601db6ca094,c097d7bf-ec09-4595-a68c-ad95ecfb9f47,roaming_voice,2024-11-13 19:20:16,2024-11-13 19:53:45,2009,,+18480586553,+12905288290,TWR-23860,4G,IN,71.7134,rated,0,2024-11-13
513317d0-8596-41ce-a065-3c150fefce00,bd002137-1d98-4ed0-90ec-9f4e343c84af,sms_mt,2023-03-20 12:05:06,2023-03-20 12:05:06,,,+18859054127,+18929608800,TWR-80033,LTE,,0.0,rated,0,2023-03-20
cdefd89b-0579-4bf9-a451-017ff0d878c2,ba652573-14b4-4d70-b88b-7bdab6808843,sms_mo,2023-03-05 01:07:58,2023-03-05 01:07:58,,,+14648332862,+17822120031,TWR-36318,4G,,0.0,rated,0,2023-03-05
15e30910-9a66-44c7-8d2b-6bbbd2fafe1f,d95c2bf2-7e0a-497f-a9d8-30bf7ae1c95b,sms_mt,2024-11-30 04:58:44,2024-11-30 04:58:44,,,+15994730265,+19580889011,TWR-78603,WiFi_calling,,0.0,error,0,2024-11-30
1d621a75-d7ab-4d12-abb4-192263994ff0,604a5f89-d078-4999-9cd8-86a4f7cd153e,sms_mo,2023-05-13 23:40:04,2023-05-13 23:40:04,,,+13876529162,+17347051135,TWR-62242,WiFi_calling,,0.0,rated,1,2023-05-13
3fa83547-5b60-4a17-ac82-85e81a470b28,13fb9bdc-536a-44e2-b742-8c5c4ff459f4,voice_mo,2023-04-13 16:53:23,2023-04-13 16:56:34,191,,+17610178247,+13764998412,TWR-40658,WiFi_calling,,1.9666,rated,0,2023-04-13
25ab7df1-2abf-443f-9ebd-9cb1bf407d07,45a7c7c4-c587-449f-969d-af2eb62cca1c,roaming_data,2023-06-18 08:13:03,2023-06-18 16:31:36,29913,6123.705,+12134247565,,TWR-16726,4G,,677.8636,rated,0,2023-06-18
da64fc5f-c1d5-4a9e-a8aa-1f6aed321c42,b4fb254f-bbf0-42a4-b1c3-a4e3f0653768,voice_mt,2024-08-10 17:56:11,2024-08-10 18:09:17,786,,+17505406575,+16438004942,TWR-72534,LTE,,19.0539,error,0,2024-08-10
e326f777-9b12-4705-b94a-8d9ba2a24b9b,a28f0190-71d0-47ba-8a8b-fd7063d243d7,voicemail,2023-10-26 03:36:34,2023-10-26 05:06:49,5415,,+12241439652,+19337710658,TWR-26682,WiFi_calling,,242.5612,rated,0,2023-10-26
b410c7df-7a8f-483e-8759-7567e632dbd6,26d403a6-5073-45d4-9d9b-c63721a4c484,voice_mt,2024-12-27 05:56:43,2024-12-27 06:01:13,270,,+18284317942,+19939847586,TWR-74130,WiFi_calling,,6.8288,rated,0,2024-12-27
b87c9e4f-81ac-473b-bdc1-93df326648e7,fa59ce8b-c5df-433c-84aa-1a0d8a22e544,data_session,2023-03-10 19:22:01,2023-03-11 16:37:39,76538,5015.475,+17811272159,,TWR-34373,5G,,3154.216,rated,0,2023-03-10
40ceea33-011f-4d2f-a076-8ef189f2f126,a50a4027-5c52-4508-96c6-65a4c6c21931,data_session,2023-12-15 19:51:35,2023-12-16 11:01:29,54594,1372.626,+13208206660,,TWR-60585,5G_NSA,,1239.5524,rated,0,2023-12-15
e74ac05b-f6ce-4e12-a6aa-fd669e0c4e85,cfd41a3d-5133-49ae-b955-da10665becb9,roaming_data,2024-02-15 19:15:41,2024-02-16 10:03:01,53240,2065.06,+12659198661,,TWR-31077,4G,FR,2308.3819,error,0,2024-02-15
c03cdc44-f8bb-41ee-8fdf-efa0761234c2,a6150e53-f876-42e0-86e0-4c6d285d6408,roaming_data,2022-01-11 00:03:26,2022-01-11 01:57:14,6828,4012.641,+13593757759,,TWR-10742,5G_NSA,JP,48.4283,rated,0,2022-01-11
7a523ff6-8204-45bd-a85d-b5c402a473f4,60a755fb-8945-4a6f-9454-6579aae42732,data_session,2024-10-20 12:55:08,2024-10-21 04:19:44,55476,3448.341,+19542848085,,TWR-91089,5G_NSA,,2452.1615,rated,0,2024-10-20
6915874c-c622-45d6-baa8-5073de367fec,486c7ba6-7a4b-4af4-a895-8c1ddd4c8a10,roaming_voice,2022-05-13 10:55:15,2022-05-13 12:50:46,6931,,+13598825910,+16639226550,TWR-27801,4G,BR,332.7647,rated,0,2022-05-13
15deae0e-2077-48dc-bf74-2ff6022ac7ff,12a3251f-182f-4bfb-b1be-c1d7c72afdd1,sms_mt,2022-07-07 02:12:48,2022-07-07 02:12:48,,,+16501342349,+15178717826,TWR-40174,5G_NSA,,0.0,rated,0,2022-07-07
098ac130-65a9-4f52-bd6b-173348da0cc2,5c23ec16-7019-4682-9100-369b0e19ee88,sms_mt,2023-04-20 12:09:22,2023-04-20 12:09:22,,,+13342027591,+17958090179,TWR-90922,5G,,0.0,rated,0,2023-04-20
d0c72449-18cd-4de1-a226-2a5f95d201cc,a461b3a6-a908-49cd-8404-0e77f3d87ee4,voice_mt,2022-11-25 10:01:07,2022-11-25 11:28:15,5228,,+19950197360,+16760445696,TWR-66481,WiFi_calling,,43.1062,rated,0,2022-11-25
e850138b-8b79-4dce-af4f-03a60c880bfb,c820edf8-bb0c-492b-9950-e5e1da24f01f,data_session,2022-04-26 11:56:42,2022-04-26 21:19:39,33777,5287.157,+18878936445,,TWR-43582,5G,,169.7016,rated,0,2022-04-26
993427f2-05f5-4e1e-a613-7a2a11679318,fc406fa0-13e5-4e78-824d-5805ba42d481,roaming_voice,2024-01-28 21:41:27,2024-01-28 23:26:28,6301,,+19702816155,+12274536348,TWR-55269,LTE,,90.3973,rated,0,2024-01-28
c83e982b-e8e8-42e9-acef-5d28181c2168,57eec35f-17a6-49d4-a85f-db9759136a57,voicemail,2024-04-01 10:22:57,2024-04-01 12:20:09,7032,,+15518933109,+12318804358,TWR-35333,4G,,279.2268,rated,0,2024-04-01
713a29b6-5ae4-46ea-a92c-b5265c077a72,c3f22389-bd91-47df-9973-a0be7d0b833e,sms_mo,2024-11-21 06:33:28,2024-11-21 06:33:28,,,+17703069092,+12745216589,,WiFi_calling,,0.0,error,0,2024-11-21
eef2b5fe-552d-4495-ab5b-13f38a8f848d,a8b1908c-480a-4241-8329-49700a9e1a0b,voice_mo,2024-05-15 18:31:37,2024-05-15 20:22:04,6627,,+14227874092,+15462091937,TWR-48408,3G,,236.8295,rated,0,2024-05-15
cfc82ae5-d928-4084-b55b-be32276a347a,780e3e0c-27d9-4eeb-98d1-aa39f0d49aa2,roaming_data,2024-03-10 03:23:50,2024-03-10 21:12:18,64108,1013.427,+15689214653,,TWR-64619,3G,DE,1529.6279,rated,0,2024-03-10
70fede47-0ce7-4cda-81e5-844be810c928,6fc6ef77-499d-47ed-ac22-fec4182cdc7d,roaming_voice,2022-02-06 21:14:57,2022-02-06 22:47:32,5555,,+17109178594,+12206632082,TWR-83131,4G,BR,136.8845,rated,0,2022-02-06
a1d54fbf-710e-48be-b1a7-32cef2236deb,ced4396d-7f8b-46af-b508-13d3702ceb53,data_session,2023-10-08 09:52:24,2023-10-09 04:00:35,65291,7469.197,+15901547202,,TWR-26926,5G_NSA,,1084.7886,rated,0,2023-10-08
18288831-e346-4318-b781-b7d71f2bfbfd,6e32bfb7-2ee9-47b8-ab7d-850ba54c88b5,voice_mo,2022-08-16 17:03:54,2022-08-16 17:16:38,764,,+19883533523,+13135954828,TWR-22646,5G,,15.4937,rated,0,2022-08-16
77b49360-c0bb-4daa-8f1a-a9c4f6ba1c01,4989c494-39a9-480b-8491-12f4716cd1a6,data_session,2022-06-19 16:55:01,2022-06-20 01:45:32,31831,559.192,+17279566287,,TWR-63652,LTE,,788.0416,rated,0,2022-06-19
508150bd-13cb-4f18-a619-73defe5a5970,891e05e6-bc49-4ce9-a35c-a6c32f4cb0bd,voice_mo,2022-06-06 22:03:34,2022-06-06 23:16:05,4351,,+13109161434,+16109010191,TWR-97433,3G,,153.5001,rated,0,2022-06-06
4cd311d4-cf91-49e5-a80a-4015a26758d0,9cb6f557-fc1d-41e3-9155-d0397decd462,voice_mo,2023-04-08 06:14:12,2023-04-08 06:37:28,1396,,+18133882778,+15605898281,TWR-95764,4G,,,rated,0,2023-04-08
284d656a-5d9b-49e7-a9de-25f238c23fe4,14e681d8-0119-496a-a406-c2740cb6f126,sms_mo,2022-05-06 03:59:52,2022-05-06 03:59:52,,,+16995531151,+12545872092,TWR-10742,4G,,0.0,rated,0,2022-05-06
5fa112b3-166f-4b65-ab0c-8a4b41645b16,8aedb146-25e6-4459-8fb4-2d8e0b7a3c66,roaming_data,2023-10-06 05:59:34,2023-10-06 21:44:05,56671,4553.694,+18528670589,,TWR-55269,LTE,BR,1431.2848,rated,0,2023-10-06
d967007f-264e-4e79-8e55-d847b56490b1,b1d1233f-f0c4-412c-90ba-55c8ccd5a895,voice_mt,2024-09-13 10:59:09,2024-09-13 11:10:11,662,,+17448157677,+17139100441,TWR-26561,5G_NSA,,11.0442,rated,0,2024-09-13
17f77768-3b77-46b3-892c-0a902466e7ff,780e3e0c-27d9-4eeb-98d1-aa39f0d49aa2,voice_mt,2022-11-30 09:58:54,2022-11-30 10:58:06,3552,,+19367200494,+15140769749,TWR-75697,5G_NSA,,20.8541,rated,0,2022-11-30
e4580829-71bf-4742-9061-66491c16f1a3,78f9aabb-0095-47ba-bf21-c5b11b19f6fe,sms_mt,2022-12-23 11:51:34,2022-12-23 11:51:34,,,+14782987458,+13749742293,TWR-27464,5G,,0.0,error,0,2022-12-23
913ef4a1-918c-4070-8047-49caff5bd87a,420811c7-771d-475b-87ba-50c3f1401481,sms_mo,2023-03-22 17:00:40,2023-03-22 17:00:40,,,+13124107823,+13949655087,TWR-68192,5G_NSA,,0.0,rated,0,2023-03-22
afc536c4-6722-4799-84b4-50c387d74ecb,e075650c-ffc0-4b18-a95e-cc73a8ce7c43,voice_mt,2022-12-23 08:53:07,2022-12-23 10:02:58,4191,,+19231196498,+14384771316,TWR-21274,4G,,143.8808,unrated,0,2022-12-23
6256870e-a24d-47c3-80e0-bb7c8c8ec347,f3133f91-f960-4dd8-8da3-5adc5e8d2fbf,sms_mt,2023-07-29 01:34:05,2023-07-29 01:34:05,,,+19690446737,+14096922948,TWR-38353,3G,,0.0,rated,0,2023-07-29
d59b054a-4986-45a1-b641-42d9f3ed1cff,aade0f61-a3db-4d38-b703-30921847f6bc,roaming_voice,2023-06-26 19:23:46,2023-06-26 20:59:25,5739,,+14779305291,+16602257971,TWR-42731,LTE,FR,152.9233,rated,0,2023-06-26
68de0161-5410-4492-adb0-9abc7d2efb08,45a367d0-30e4-4b42-abf4-9e69e1241ff4,roaming_voice,2022-08-25 10:13:24,2022-08-25 11:21:19,4075,,+12008305652,+17035807801,TWR-21775,5G,DE,112.0238,unrated,0,2022-08-25
94c7f059-7de2-4ee0-a040-6a8491cf3044,d1d01d30-d2ea-4f94-a136-8fd1f794e7c4,voice_mt,2024-12-30 08:23:39,2024-12-30 10:04:32,6053,,+15089918234,+17543451177,TWR-70647,WiFi_calling,,80.8619,rated,0,2024-12-30
63782a12-fd7e-44c4-86a1-c3309a3235ae,c3d11258-009e-4950-8c71-ce116e99f6eb,sms_mt,2022-04-24 11:26:43,2022-04-24 11:26:43,,,+15703833420,+14207039706,TWR-74130,WiFi_calling,,0.0,rated,0,2022-04-24
c80fbc7a-765c-41fc-b920-f7fb7946f671,3a69d4fd-dbf3-4ef1-b71c-9eb44f96cfea,voice_mt,2024-12-13 07:55:39,2024-12-13 08:05:20,581,,+19937042972,+19187702802,TWR-30895,WiFi_calling,,2.5581,rated,0,2024-12-13
9faf4ce9-497b-45e4-9b5c-ff17f1a8b45b,8dd9753b-f86a-44be-97b1-a8b6a985e67f,data_session,2023-06-15 20:24:55,2023-06-15 21:18:22,3207,1850.131,+12923348826,,TWR-35962,LTE,,67.8963,rated,0,2023-06-15
657b8c3a-c8a5-4d45-a692-13177284f655,1d39d1c2-edc9-4d9b-856d-bcccd3962879,roaming_voice,2023-01-09 01:11:06,2023-01-09 02:29:00,4674,,+18337832351,+16449919351,TWR-38288,5G_NSA,MX,198.4118,rated,0,2023-01-09
9e3a2662-8ce6-4960-b11a-261bdbd65864,36331cf4-71c4-4c5e-9918-23f39e38dcfd,roaming_voice,2023-09-06 14:15:19,2023-09-06 14:42:05,1606,,+19261460928,+16552745204,TWR-33753,5G,IN,15.6955,rated,0,2023-09-06
5b880e26-9f1a-413a-bbbe-cc641504c090,40c98dc8-80d9-4bf6-9706-4b89045a7c6f,sms_mo,2024-03-30 06:24:38,2024-03-30 06:24:38,,,+19046280668,+13031944162,TWR-60209,WiFi_calling,,0.0,rated,0,2024-03-30
acbbd956-5755-42ae-ae77-3059bf862cae,57878b5c-6df4-43c7-8693-bc7193f6ce1a,data_session,2024-08-02 02:51:52,2024-08-03 00:31:00,77948,5347.646,+15768652670,,TWR-42562,3G,,2446.4582,rated,0,2024-08-02
0fb61d39-9b0f-4450-b66c-9992f1638243,e833e90f-bda4-4897-95f4-ac3a26ab5942,voicemail,2024-01-27 08:13:08,2024-01-27 09:32:54,4786,,+14928822505,+12125478655,TWR-55269,WiFi_calling,,,rated,0,2024-01-27
29e73a5a-3342-4b0c-a93d-7a643118505c,1bce3d28-4087-4679-9022-1b20a25d73ea,voicemail,2024-01-04 19:45:00,2024-01-04 20:12:53,1673,,+13759661075,+16052156834,TWR-10565,5G_NSA,,13.9051,rated,0,2024-01-04
f66e351b-678b-4891-9c64-ea3504183cc3,68cc558f-ab88-4b0d-80c1-2354cbcc75ba,sms_mt,2022-04-14 18:29:31,2022-04-14 18:29:31,,,+15263958056,+19103316301,TWR-53214,5G_NSA,,0.0,rated,0,2022-04-14
f5729a8e-44bb-486e-a8bd-f127e3019fd6,50b2c97a-234e-4492-9d81-9c54ac6a1f67,voice_mt,2022-11-07 04:48:09,2022-11-07 05:51:50,3821,,+15301915500,+15491753270,TWR-70566,5G_NSA,,182.2983,rated,0,2022-11-07
9a17c67a-49bf-4bd6-aaef-0f57f09d2fd5,a0f43618-65e3-40cb-91a4-427f923b7b6c,sms_mo,2023-08-12 02:05:27,2023-08-12 02:05:27,,,+18782575020,+17620736639,TWR-71477,5G,,0.0,rated,0,2023-08-12
7b03d78c-ba8a-4e6a-92b1-78c0b4232db9,f0cb285c-99c1-4c3f-b5eb-1adce8916b42,data_session,2023-10-16 09:31:10,2023-10-16 17:04:17,27187,6627.434,+12018356367,,TWR-44207,WiFi_calling,,709.0236,rated,0,2023-10-16
e0389680-5f9a-4b8a-a73f-1fb3b7dcb7e0,bcc97f4b-bbbf-49d1-945e-41f706b2c88a,sms_mt,2022-08-18 22:14:07,2022-08-18 22:14:07,,,+18629763085,+19915277879,TWR-36707,4G,,0.0,rated,0,2022-08-18
1c299cc0-6f8a-4d93-a964-a5e2926de77e,52ccc0d5-f114-425b-b898-e18d7595aa74,sms_mo,2022-03-01 10:27:22,2022-03-01 10:27:22,,,+17500767442,+17667764542,TWR-37207,LTE,,0.0,rated,0,2022-03-01
7144139e-41e0-4757-8ad4-1183e5997b3d,d203fed8-5ea3-494e-b200-a28da0c42577,voice_mt,2022-03-05 18:22:25,2022-03-05 19:06:38,2653,,+18003703270,+16996377448,TWR-97396,5G_NSA,,18.4459,rated,0,2022-03-05
1602ac66-ca41-41ba-983c-30c9b514175c,f8612531-e12f-4af6-ae44-b7692199081b,voicemail,2022-09-07 13:09:02,2022-09-07 13:49:00,2398,,+18176224441,+13551073412,TWR-32437,3G,,115.0293,error,0,2022-09-07
6c1bd222-8eb4-4443-9ae2-0ba2c02e4e27,fb362ee4-10b5-452d-b275-bc96c5529d90,roaming_voice,2022-06-04 21:42:40,2022-06-04 21:50:48,488,,+19342154808,+13945329686,TWR-10742,4G,CA,18.5111,rated,0,2022-06-04
5e1d6e08-6440-44ff-9774-f083f44b2a86,6d0fd557-1b92-4aa2-bd5b-ae6f91bbc5aa,voicemail,2022-05-21 12:55:13,2022-05-21 13:03:26,493,,+15346188378,+16128855437,TWR-62242,WiFi_calling,,5.9588,rated,0,2022-05-21
ab439a65-0dbb-410e-9db5-1309bcf74d6f,f936189a-c5a2-41eb-9cad-5ba500b94d4e,sms_mo,2023-11-29 20:02:34,2023-11-29 20:02:34,,,+13475529355,+17939357360,TWR-95764,3G,,0.0,rated,0,2023-11-29
ae7e976d-3c70-45dd-8f1d-8118b9114f3a,838b92e0-f368-4c77-b8ad-9abde76fae13,voicemail,2023-05-14 18:49:14,2023-05-14 20:11:25,4931,,+15658893921,+19059006726,TWR-30895,WiFi_calling,,197.2485,rated,0,2023-05-14
404912d0-0388-4792-940e-2445bbb28625,0480ade7-4105-4316-8b02-daeb8ebbbb5c,data_session,2023-03-17 03:11:12,2023-03-17 12:18:01,32809,5529.98,+17495637543,,TWR-59906,4G,,1126.7589,partial,0,2023-03-17
edc617d0-c339-4033-9764-5c729f86c291,05767920-04be-4187-96be-5fd8f15ce43b,roaming_data,2022-02-19 17:51:58,2022-02-19 19:17:05,5107,5773.99,+14859863722,,TWR-62772,3G,IN,214.9778,rated,0,2022-02-19
2114f50c-12c7-44c9-acea-a159ee2ace92,f9d9f5e5-0062-43c6-a3ff-aaeb61ca05ff,sms_mt,2024-11-01 03:57:34,2024-11-01 03:57:34,,,+16054688279,+17358379748,TWR-65195,4G,,0.0,rated,0,2024-11-01
39af5bf7-7d04-4aa1-9e94-3073e22da517,a8b1908c-480a-4241-8329-49700a9e1a0b,sms_mt,2022-10-02 03:07:12,2022-10-02 03:07:12,,,+13139703729,+17084739112,TWR-57409,4G,,0.0,rated,0,2022-10-02
2c051ee2-a22c-4d0d-9b2f-37448ba1804d,f7118a62-ea7a-4d8e-a7b9-14c611d59b03,sms_mo,2022-02-13 05:51:56,2022-02-13 05:51:56,,,+15729106055,+13356398815,TWR-58889,5G_NSA,,0.0,rated,0,2022-02-13
28de710f-ccb3-4454-8786-c36005f99085,d1989638-debe-4f93-a5bb-0f4c0211f766,voice_mt,2024-10-22 06:51:08,2024-10-22 08:06:55,4547,,+19177757701,+13806402581,TWR-19488,4G,,49.1068,rated,0,2024-10-22
4f55634f-9519-434d-88dc-d925a27eb202,80827bdf-d904-449c-add3-86fd3b821478,voice_mo,2024-07-24 07:05:58,2024-07-24 08:02:48,3410,,+12512013380,+19028872517,TWR-35962,LTE,,118.6078,rated,0,2024-07-24
abd95992-3534-4f84-87d0-f39de5fa0cf3,9cb6f557-fc1d-41e3-9155-d0397decd462,data_session,2023-11-04 18:41:02,2023-11-05 10:32:52,57110,4973.3,+17876087465,,TWR-88569,WiFi_calling,,1396.1549,rated,0,2023-11-04
e2973606-15ca-4050-9485-3b4535262f86,ce39e10d-46fb-40f3-b9aa-88099a6e1d6c,sms_mo,2023-05-15 22:12:21,2023-05-15 22:12:21,,,+17204513226,+17658566597,TWR-39628,LTE,,0.0,error,0,2023-05-15
00330b99-30b7-4a49-85e6-6c787c60a4ca,93c8a914-8529-49fb-aa58-cf60e746bff0,data_session,2022-10-31 18:12:56,2022-11-01 09:03:16,53420,4909.019,+15623739547,,TWR-32499,5G,,2561.4673,rated,0,2022-10-31
1959eb1f-c462-4145-acd7-28f016087ea5,94c3ce78-5df7-4904-8439-1eb5ab524ea5,roaming_data,2024-07-01 03:17:42,2024-07-02 01:05:39,78477,657.762,+18257259038,,TWR-50607,4G,CA,2077.7626,rated,0,2024-07-01
9a86f55b-134e-4d2e-8062-bf91230a099e,685b2a2c-77d5-4432-9b15-86c9065fccef,sms_mt,2024-05-13 11:59:55,2024-05-13 11:59:55,,,+19354589881,+14232234422,TWR-60209,WiFi_calling,,0.0,unrated,0,2024-05-13
fa3217be-de47-4ef3-bff3-3f8429e7180d,fedc0425-9e22-4b72-8474-b70446229f14,voice_mt,2024-02-01 01:35:44,2024-02-01 03:26:01,6617,,+12625982566,+19547110430,TWR-97532,5G,,304.7691,rated,0,2024-02-01
e35ba299-1131-4f3d-ba48-a14d21f25712,7de1b8eb-7049-4cfa-ae37-50ee7516ebd5,voice_mo,2024-02-10 00:21:43,2024-02-10 01:04:04,2541,,+19053355662,+13901114742,TWR-89203,4G,,57.3205,rated,0,2024-02-10
92e09520-4e91-4736-9b2b-d904b2dc3a82,c8323f70-8d43-474e-9872-e2a0d80ff415,voice_mt,2023-07-03 14:24:14,2023-07-03 16:19:42,6928,,+12414274644,+13973154380,TWR-67678,5G,,288.6567,rated,0,2023-07-03
34c48b02-13e2-4a8e-9315-229a1e2fa806,61c93252-8ab7-409c-a087-13dbc8fde032,voice_mt,2023-02-24 10:00:20,2023-02-24 10:38:06,2266,,+15738520773,+13808263712,TWR-15590,5G_NSA,,63.829,rated,0,2023-02-24
5f4cf9ba-77a9-485f-8d3d-c9bb3eb40e3a,34e17e95-93ba-418b-b55e-cd6ad402d1a6,roaming_data,2023-05-06 03:52:30,2023-05-06 23:40:52,71302,161.668,+19238336697,,TWR-63516,3G,IN,2884.3509,rated,0,2023-05-06
434e540d-e0cc-4ffe-b2aa-53b27630b590,887cedb7-e47e-4a02-849e-72be2ed59dfc,voicemail,2022-01-17 14:33:18,2022-01-17 15:09:13,2155,,+18694828393,+14019808841,TWR-59018,LTE,,31.2586,error,0,2022-01-17
42c4dc29-8794-4ba1-8b64-a15e4544d4c4,98304725-3e41-406b-a8c3-c92559528515,voice_mt,2024-01-30 05:37:02,2024-01-30 05:59:29,1347,,+16313299375,+18020898852,TWR-91778,LTE,,51.3046,error,0,2024-01-30
48c24a3f-cd6b-4959-90af-db1f3bf6bb80,0a7441bb-d724-4278-b895-9336320d37bd,voice_mo,2022-01-22 08:30:21,2022-01-22 10:28:20,7079,,+12101062012,+16667918825,TWR-99439,WiFi_calling,,144.1929,error,0,2022-01-22
6bc73d7f-67e2-4a4a-960c-23e055574692,12363d09-943d-43ed-a2be-765c753c883f,roaming_data,2024-02-28 23:15:20,2024-02-29 16:31:18,62158,2020.441,+13249710811,,TWR-16249,3G,,199.5642,error,0,2024-02-28
e70411f2-2656-48c7-9820-49d22e57a4a6,f905d4a9-a60b-4783-87e1-b3ff4c9191bc,voice_mo,2023-05-26 21:25:18,2023-05-26 23:08:35,6197,,+15878774387,+13275396479,TWR-36318,5G_NSA,,264.0789,rated,0,2023-05-26
fcaee86c-4659-4ae7-a2b7-9811b10eaa0b,ee27ef7d-eefe-4bef-a56e-05e4365f1f71,data_session,2024-12-13 17:01:13,2024-12-14 05:05:50,43477,2852.556,+15198688538,,TWR-72409,4G,,130.5539,error,0,2024-12-13
2028c529-034a-4593-99a7-1bd631bf5db3,4d6e9135-85b8-461f-b76a-9f870fcc5cad,voicemail,2022-12-03 02:21:48,2022-12-03 04:02:05,6017,,+17116235805,+16898611962,TWR-27801,WiFi_calling,,86.9521,rated,0,2022-12-03
239df237-3a7d-4479-92ff-158f7b3c63b2,244a7d62-eb20-4c10-a884-bc4c2716f851,roaming_voice,2022-01-10 06:13:58,2022-01-10 06:52:47,2329,,+17695121239,+15267176848,TWR-87123,3G,JP,98.5083,rated,0,2022-01-10
fca6db52-8c30-447f-87ee-cd3a8c8b0585,d9a472ce-b38a-4acf-bc69-a76d5993c02b,data_session,2023-05-09 04:02:45,2023-05-09 17:01:36,46731,323.385,+12384466533,,TWR-33071,5G_NSA,,1513.015,rated,0,2023-05-09
f2be04b5-0e1a-4c7b-8c2f-4b93c77298d2,ef1ffe8b-90e9-469c-bfa3-0594049b40a7,voicemail,2023-05-28 17:18:58,2023-05-28 17:34:33,935,,+13453518323,+14299297554,TWR-30895,4G,,46.5345,rated,0,2023-05-28
dd11eefa-1065-41f3-862e-314ea213da7d,661c3d53-e41e-42d9-bcdf-2117ff74dd75,sms_mo,2022-11-23 02:40:43,2022-11-23 02:40:43,,,+13991743240,+13297097086,TWR-40658,3G,,0.0,rated,0,2022-11-23
d5df312c-eddf-41da-b827-6df4bf6dbc04,e69ea138-c6d0-4214-9dfa-21f0c4e3b5be,voicemail,2022-08-24 22:55:11,2022-08-24 23:23:18,1687,,+14352790656,+12663459300,TWR-32824,LTE,,57.8417,unrated,0,2022-08-24
18f69092-b66d-4820-9de0-77e81ae6e831,cd573bbc-bdaa-44f4-b1be-00e8d978645c,sms_mt,2024-11-29 01:12:38,2024-11-29 01:12:38,,,+17371727389,+17719762620,TWR-65760,LTE,,0.0,rated,0,2024-11-29
85d31ab4-5c68-490a-81a1-8eeb6004b403,0fa27a89-6c18-4f7b-b456-3ed24f1e60dc,voice_mo,2022-05-03 17:24:56,2022-05-03 19:19:31,6875,,+16536634029,+13958634000,TWR-83526,WiFi_calling,,35.8139,rated,0,2022-05-03
3dd570a6-e612-4db7-a9d6-da41457f3810,fa817573-c3f4-4966-8925-9dce9ab7d8a7,voicemail,2022-09-06 01:45:01,2022-09-06 02:40:21,3320,,+14193065977,+18302459634,TWR-98381,4G,,5.2772,rated,0,2022-09-06
38bbaa54-3343-4b8c-8f9f-9ebcffcd7d9a,25582508-08f5-49bf-8b30-9231448c4469,voice_mo,2022-06-25 07:17:15,2022-06-25 07:59:40,2545,,+14850171069,+15725816878,TWR-67425,5G_NSA,,41.8942,unrated,0,2022-06-25
42281c2d-103f-4799-ba20-76b7092bf714,94664e58-d7f1-4dde-b855-a9392422f857,voice_mo,2022-03-18 11:43:08,2022-03-18 12:35:25,3137,,+17802521648,+16577452591,TWR-65195,4G,,17.1829,rated,0,2022-03-18
0f7a41c5-c321-4fa2-a00a-139ec555e8d2,fe0b161c-d25d-48f7-9199-b19ba34d1fa4,roaming_data,2022-10-08 11:54:35,2022-10-09 10:05:59,79884,4837.204,+17616937889,,TWR-84306,5G_NSA,CA,3686.4574,rated,0,2022-10-08
61e9ae7d-23a2-442e-ae4a-252e1a6720aa,ea14cdfc-2617-4518-8bcf-cfa5e0d0c6cb,voice_mo,2023-02-05 00:29:34,2023-02-05 02:00:13,5439,,+19814452241,+13416713550,TWR-91778,LTE,,94.0035,rated,0,2023-02-05
5fa39af8-a6cf-40f0-897b-8a3ffce3b091,1ef2d552-59e8-44f2-8b37-c185b46255a3,voice_mo,2024-06-13 14:00:25,2024-06-13 14:45:16,2691,,+16246063890,+15728802894,TWR-42562,3G,,25.1014,rated,0,2024-06-13
256f62e8-de91-4c2b-8698-6b7dbacb9686,948d4425-d3d0-43c8-8066-b51eafd662ab,roaming_voice,2023-08-26 17:11:38,2023-08-26 18:41:10,5372,,+19955436222,+14233702216,TWR-65195,4G,FR,233.6541,rated,0,2023-08-26
19cc79dc-cbd3-4043-bf9a-d9fa37a2a2b4,f8cabbfe-7043-45a5-af2a-25cf2f66cc45,roaming_voice,2022-10-08 00:02:49,2022-10-08 00:22:27,1178,,+17607238280,+12809312283,TWR-72534,WiFi_calling,MX,28.965,partial,0,2022-10-08
5bd6e795-57f3-4eb7-978e-34435c6641da,490d8318-e5e5-4dc8-b737-2dcc7693a52d,sms_mt,2023-07-03 23:33:08,2023-07-03 23:33:08,,,+19632565291,+15707578444,TWR-17316,5G,,0.0,rated,0,2023-07-03
5d1b1363-e5a0-4b93-81d6-723cbd0d42e0,5e522efc-e649-4550-a73a-9f8c37baad89,voicemail,2022-06-24 05:38:18,2022-06-24 05:53:30,912,,+18643979696,+15501070056,TWR-72092,WiFi_calling,,10.5635,rated,0,2022-06-24
97c760c9-d187-4267-bf1c-0d236d3971ae,d6444829-712d-44db-93a1-abe2269e87e1,voice_mo,2022-04-01 16:24:14,2022-04-01 17:37:42,4408,,+14622902450,+14666249994,TWR-98898,WiFi_calling,,198.7941,rated,0,2022-04-01
ed5a707e-0d70-4683-98f5-f99d7a54b231,168cd9f8-745b-41fc-bb9b-f24e1d1b2f3b,voicemail,2024-09-01 22:49:03,2024-09-01 23:32:07,2584,,+13717561311,+13868632536,TWR-70566,WiFi_calling,,82.5032,rated,0,2024-09-01
1e0a7d44-bc35-497b-9c14-891a7b4e664d,3fc64d6f-ff54-4441-8405-82ea9464c5db,voicemail,2022-05-14 18:30:36,2022-05-14 19:48:13,4657,,+19809706146,+12883102564,TWR-68061,5G,,56.3117,rated,0,2022-05-14
834e5dc9-5a89-46cc-b4c3-f1ca3f582cc4,7cce595f-7993-468b-98c3-deef4ce045e5,roaming_data,2022-11-17 16:02:28,2022-11-18 01:53:47,35479,3546.171,+16878547329,,TWR-37864,LTE,CA,720.3181,rated,0,2022-11-17
696aac50-d0d3-472a-a3b2-cdf42cd4bf5b,246ba02a-7afa-4010-85aa-2d7e2293e3dc,roaming_voice,2023-12-25 22:01:55,2023-12-25 22:12:08,613,,+17320106889,+13814037381,TWR-89696,5G,GB,16.0148,error,0,2023-12-25
6bad08a9-64d5-47a2-9250-583071951fd1,5a79f347-a42a-46d5-ac67-2bdc4e31c4cf,sms_mt,2022-05-25 22:32:04,2022-05-25 22:32:04,,,+17114489642,+19657029247,TWR-64619,LTE,,0.0,rated,0,2022-05-25
4a643c46-e698-417e-9865-2dd251d98093,39ad47c8-8b41-406d-8d44-92218d1fe14a,sms_mt,2022-05-28 23:52:30,2022-05-28 23:52:30,,,+14377321496,+18779346627,TWR-99439,3G,,,rated,0,2022-05-28
88c68d66-5841-48a2-8db2-82b00038fb0e,a2e21980-aafd-40e7-a3d3-e52a9f6c147d,voice_mt,2023-06-16 20:14:00,2023-06-16 22:07:40,6820,,+14833859662,+14830623159,TWR-65732,WiFi_calling,,75.4262,rated,0,2023-06-16
7c864e6c-0df4-45da-bc2d-5b6b09c3c5f0,3d340c1b-027c-4436-ae65-420574cca66a,voice_mo,2024-09-07 08:20:51,2024-09-07 08:33:28,757,,+16863577905,+19752382871,TWR-35962,WiFi_calling,,11.1803,rated,0,2024-09-07
f6bea3b9-167b-4556-9c99-003df729d95d,47e84fdb-6d0d-433c-a290-9742b45554b9,sms_mt,2022-08-25 02:49:28,2022-08-25 02:49:28,,,+12399658868,+18342752512,TWR-48408,WiFi_calling,,0.0,rated,0,2022-08-25
95ea9c34-cd40-48ad-b19f-01b113d28283,bf5740b3-57f6-482a-bb88-5244dd8f434f,data_session,2022-04-30 11:38:46,2022-05-01 06:12:28,66822,953.217,+16687610868,,TWR-29959,5G,,2258.1005,unrated,0,2022-04-30
2753cc52-07a1-47f8-a26b-3dcabcf17fbd,948d4425-d3d0-43c8-8066-b51eafd662ab,sms_mo,2023-11-02 03:36:24,2023-11-02 03:36:24,,,+14704401735,+15070052387,TWR-33435,4G,,0.0,rated,0,2023-11-02
dc5b50fe-6b52-48cc-94fa-2e41aa0f6975,3e3fa0a1-1bdb-4fdd-a145-e54cff27a5a4,sms_mo,2022-11-23 00:02:24,2022-11-23 00:02:24,,,+12466102159,+17075532658,TWR-56861,5G_NSA,,0.0,unrated,0,2022-11-23
6497607f-0e3d-437b-b9d6-90741706c7f6,a3100d2a-b8c4-4110-8e65-24a37d665c00,voicemail,2023-10-11 23:21:49,2023-10-11 23:24:25,156,,+15295286640,+15666268826,TWR-63516,4G,,1.7078,unrated,0,2023-10-11
ab7c0de6-2311-4136-afaf-47b6df8635da,0c65cb99-47c6-4629-bcc0-5f507e6f66f3,voicemail,2024-06-20 06:43:52,2024-06-20 07:58:33,4481,,+17533845128,+14973450115,TWR-39628,LTE,,163.1645,rated,0,2024-06-20
274d7e14-b65e-4a52-99dc-1fa4a1669033,faacebfc-3771-435d-bd00-28037d3215ba,roaming_voice,2023-04-24 17:31:20,2023-04-24 18:04:52,2012,,+16579303241,+14495160290,TWR-48718,3G,BR,24.2499,rated,0,2023-04-24
dfda69e3-5cca-46b7-8fa6-32dfe06b1a28,57eec35f-17a6-49d4-a85f-db9759136a57,data_session,2022-01-24 02:04:40,2022-01-24 18:28:50,59050,2225.845,+18670625198,,TWR-56374,LTE,,207.4519,error,0,2022-01-24
88de8560-df29-46ea-a482-685ddcdc911f,00a0fbe9-7f97-476e-94d8-3627788882fe,voice_mo,2022-03-09 13:37:33,2022-03-09 15:27:23,6590,,+15984006594,+16795664166,TWR-50718,4G,,107.8097,rated,0,2022-03-09
7f6a90d3-3515-40e4-af0e-ce7f286a6d3e,78654647-1a43-4529-8e5c-3ec901daf293,roaming_voice,2022-03-19 22:24:08,2022-03-19 23:55:14,5466,,+19907096331,+13191557112,TWR-97164,5G,IN,216.9877,rated,1,2022-03-19
4d61ffdf-af75-41e6-8f25-2b85bbb4c83a,575861a6-f7b3-4d13-b556-edbe8d47924f,roaming_voice,2023-10-27 19:32:05,2023-10-27 21:08:53,5808,,+13919742621,+16451612753,TWR-79574,LTE,IN,42.7764,rated,0,2023-10-27
c021248d-99ee-4cb2-b6c9-51d40375b9a7,b2ace032-9593-4842-bd49-0877ce19f8c4,voice_mt,2022-05-24 09:07:29,2022-05-24 09:12:02,273,,+15862418202,+15249762731,TWR-19132,5G_NSA,,12.7088,rated,0,2022-05-14
c74b0b61-1fbe-4267-92a6-f9be9b2fd4b1,0ed83dc5-1471-4374-bd32-f520668bfea6,voice_mo,2022-06-11 01:36:57,2022-06-11 03:15:33,5916,,+18227795558,+18959340459,TWR-25560,5G,,153.5777,rated,0,2022-06-11
729c58f4-5c8f-4ca7-beab-17b898637318,65a26c8c-56ed-4388-92f4-5389bf428f43,roaming_voice,2024-03-18 16:58:08,2024-03-18 18:40:45,6157,,+12855683116,+13672455023,TWR-40174,LTE,GB,175.8837,rated,0,2024-03-18
784465ef-bdd6-4a1e-8e4e-97759cb12a25,e1fc7f48-d38e-4a87-b6f2-89642374fb24,voicemail,2023-07-29 07:50:59,2023-07-29 09:41:46,6647,,+14170232552,+17216741996,TWR-27160,5G_NSA,,217.6502,rated,0,2023-07-29
8665271f-c1f2-4a68-b3f7-4a85ca85553a,f7118a62-ea7a-4d8e-a7b9-14c611d59b03,data_session,2022-09-30 10:13:30,2022-09-30 13:29:40,11770,6583.384,+18366427246,,TWR-98381,4G,,309.9523,rated,0,2022-09-30
ff77fb78-c7a7-4667-b380-67ea68008e18,0c2bd4c6-af16-4db9-b1fc-cf0f7da0cdf1,voice_mt,2024-01-05 00:45:28,2024-01-05 01:06:09,1241,,+18807499074,+13402601373,TWR-89365,5G_NSA,,10.6658,rated,0,2024-01-05
07b4dba7-9c6f-448c-946b-2ea4bd299513,30bc8ed4-4fbd-4c89-8825-abd10a486bc4,roaming_voice,2024-10-06 10:03:52,2024-10-06 11:01:05,3433,,+15286207230,+13590216749,TWR-59946,3G,CA,69.863,rated,0,2024-10-06
bd427988-2cb3-42dc-b86b-8fc76235707c,3cb2a0bc-a4a3-4373-98be-f64f57d74ed9,sms_mo,2023-09-06 05:59:12,2023-09-06 05:59:12,,,+17957327534,+19713194085,TWR-33462,4G,,0.0,partial,0,2023-09-06
5c37ff35-51a1-477e-8f77-3fc7c19d2fe3,d9127b32-a8f1-4445-9702-133bce158319,voice_mt,2024-02-17 22:52:49,2024-02-18 00:14:04,4875,,+17916355133,+15868435065,TWR-67678,5G,,72.7558,rated,0,2024-02-17
9d96db86-354f-462c-b0ac-d90ee48d80db,4bbf6e93-cd6d-457d-933d-2eead6e6c2f7,data_session,2023-08-17 13:43:59,2023-08-17 20:55:54,25915,267.193,+15828762772,,TWR-10998,4G,,101.4285,rated,0,2023-08-17
ba204142-d874-490e-8788-2227d4917d86,26c33270-09d8-4fa5-bb9b-2cb631247f2f,roaming_voice,2023-02-06 11:03:26,2023-02-06 11:29:13,1547,,+13538865945,+14977665813,TWR-60209,LTE,MX,18.4555,rated,0,2023-02-06
4811828f-63d5-406c-8193-fdd9ef5fe099,6186a91e-07e7-446b-b559-027b3d26b793,sms_mo,2023-10-27 17:25:42,2023-10-27 17:25:42,,,+16355353928,+19705569119,TWR-23860,5G,,0.0,rated,0,2023-10-27
55d4a390-fd3e-4589-8363-7aa07b95eb2d,b086cc28-e1d6-4bc1-88c3-889d9293f536,roaming_voice,2023-03-18 13:21:38,2023-03-18 14:38:30,4612,,+18899402372,+17853030791,TWR-44207,3G,DE,149.7033,rated,0,2023-03-18
92823110-1c28-4ef1-aea9-e7e5c1bf36ab,70d09d38-9c2b-4865-b849-fd6e1c616e84,data_session,2024-02-20 08:27:39,2024-02-21 03:50:27,69768,96.886,+19940176665,,TWR-89365,LTE,,1765.8178,rated,0,2024-02-20
471667cc-91d5-43d2-8493-79a50c25144e,ee6c654e-ba37-418f-96fe-b7c4e8989c8f,roaming_voice,2023-03-13 08:17:03,2023-03-13 09:15:13,3490,,+13693465296,+18027903955,TWR-20592,5G_NSA,,87.5965,rated,0,2023-03-13
db113d2e-aab2-4d49-9930-1e165bfd2f17,ee204676-e61f-401a-9d7a-01e771e9a364,sms_mt,2022-09-22 07:21:06,2022-09-22 07:21:06,,,+17050371898,+14091699093,TWR-80033,5G,,0.0,rated,0,2022-09-22
03a0287e-2fef-45df-b993-0f828029d32f,a182465a-60da-460f-8467-f492e92f407e,roaming_voice,2022-07-31 04:31:23,2022-07-31 04:51:59,1236,,+18421770562,+16990781840,TWR-48126,WiFi_calling,GB,27.0651,rated,0,2022-07-31
d999e3d0-78e4-495f-9984-aa3ea54c42f6,31608d87-a705-4a56-a7ae-e086e03d41c8,sms_mo,2022-03-29 06:12:21,2022-03-29 06:12:21,,,+14826207380,+19236960944,TWR-38353,5G,,0.0,rated,0,2022-03-29
3b6ba0e8-0e94-4307-9ed2-ddde5198fa61,45e9f732-d66c-41a9-9e5e-016259bd9683,roaming_voice,2024-01-16 22:01:41,2024-01-16 22:58:45,3424,,+17800009037,+13522861463,TWR-42731,5G_NSA,US,90.7168,rated,0,2024-01-16
7dedda76-6b7b-44ed-afa9-7e46c1768660,60d02d66-bd59-4ef4-a702-b445dd3298f9,data_session,2022-03-30 04:40:42,2022-03-30 21:32:12,60690,7666.928,+15401744087,,TWR-54139,5G_NSA,,1770.9192,rated,0,2022-03-30
b8536870-f0e9-4a08-8ca4-e69062cf0e45,6316eedb-5e9a-47f6-a438-023012fdf39d,voice_mt,2022-08-04 09:56:20,2022-08-04 10:31:27,2107,,+14252953212,+16692518004,TWR-51825,4G,,5.9475,rated,0,2022-08-04
79bf51c0-79dd-43f7-bf79-d4b4d23b4fe2,a5f2d5b8-9d6c-419d-8d58-4255fdabeddc,voice_mt,2024-06-02 09:19:41,2024-06-02 11:16:49,7028,,+13683088893,+15790870740,TWR-35489,5G_NSA,,181.4944,rated,0,2024-06-02
828090a3-3c11-4cab-ae3a-9117aa4696b9,9c5cc4f2-067d-4fbc-b1ee-1b87c02e3c9d,voice_mo,2022-05-12 02:13:47,2022-05-12 02:50:35,2208,,+18458878325,+12564593952,TWR-43582,WiFi_calling,,15.2695,rated,0,2022-05-12
a6abb1a2-1476-462d-81b2-1bf3ae983f21,cd2c680e-e2b2-4a86-8f86-5914fb5fb95d,roaming_data,2023-07-31 18:56:02,2023-07-31 19:13:56,1074,2115.564,+14915769809,,TWR-53214,5G_NSA,DE,12.5683,unrated,0,2023-07-31
aa78d281-41c1-4679-a53b-206d8933dd86,a6150e53-f876-42e0-86e0-4c6d285d6408,data_session,2024-06-07 23:27:56,2024-06-08 12:38:00,47404,4802.734,+13161323986,,TWR-42731,4G,,292.0148,rated,0,2024-06-07
803307d3-12bc-4b42-985d-a6efbf764c19,acaf4db0-2ed6-4bac-b23f-b8129fba68df,roaming_data,2023-10-26 04:38:29,2023-10-26 11:40:54,25345,3280.597,+16526138678,,TWR-65265,4G,JP,980.4302,rated,0,2023-10-26
63bde8a2-fc9f-4799-b8e1-a177fa0a21b5,1b9e3f87-4d86-4d6b-8372-bfc24ca7083e,roaming_voice,2022-08-10 05:02:10,2022-08-10 05:49:44,2854,,+17438486991,+16472849092,TWR-20502,LTE,US,50.982,error,0,2022-08-10
ad47eaeb-40bd-4cd3-bad0-eb62bb09cf0e,e1fc7f48-d38e-4a87-b6f2-89642374fb24,voice_mt,2023-03-24 14:26:41,2023-03-24 15:18:14,3093,,+17196617412,+17338059932,TWR-58624,5G,,25.5922,rated,0,2023-03-24
a805df4d-ef06-42c9-86e9-b2be31a0d83c,296e620a-df98-4ba9-a9d2-85d5919a53bb,data_session,2022-12-17 08:00:27,2022-12-18 01:57:42,64635,404.836,+18871970959,,TWR-83526,3G,,1467.7944,rated,0,2022-12-17
41c4800e-a0b3-412d-b40b-e94c20f3a2ed,af741349-a5b3-4b2a-b7b1-779edc34a7ed,roaming_data,2022-07-16 22:11:24,2022-07-17 00:33:47,8543,2652.883,+16659329061,,TWR-11461,5G_NSA,MX,294.4367,unrated,0,2022-07-16
13b75749-98e7-4898-9873-ddd4729b5cf0,8d38b0e8-9ff9-4f32-ae06-5309003b6bc4,roaming_data,2024-08-18 10:08:51,2024-08-18 19:36:31,34060,6844.381,+14851995975,,TWR-60209,5G_NSA,IN,211.0908,rated,0,2024-08-18
7ddf9385-b258-4076-9866-ec9b7ab843ee,2c73ce3d-b81f-447f-b110-c89425390acf,data_session,2023-08-13 22:00:50,2023-08-14 04:49:02,24492,390.021,+19477297433,,TWR-98909,4G,,159.5467,rated,0,2023-08-13
a9b23950-94e9-483f-9323-eb1497d34ad0,931f378e-470d-4a8c-86b1-cbc341668927,roaming_data,2023-12-09 11:41:09,2023-12-09 20:40:59,32390,2892.847,+15892791883,,TWR-66481,5G,US,932.0004,rated,0,2023-12-09
da0187e5-4b7e-46a7-a1d9-88784d145dcb,5c406de3-3426-462c-93ee-13a10f7e85b9,sms_mt,2022-05-02 18:39:43,2022-05-02 18:39:43,,,+13596751575,+17355756333,TWR-11461,4G,,0.0,rated,0,2022-05-02
d55be5aa-29f4-4cb5-bcd0-44efcca35f2e,cfc0f88a-e0ff-4163-82f1-b279790dba0d,voicemail,2022-04-12 09:44:58,2022-04-12 10:26:38,2500,,+19198722100,+18236985251,TWR-19132,5G_NSA,,11.3853,rated,0,2022-04-12
dc65a188-21cc-45bf-8064-50285b95845a,c036429f-0eb2-4ee6-8464-d70a009c6023,voice_mt,2022-08-25 04:22:50,2022-08-25 04:29:14,384,,+17840907695,+19026583954,TWR-62772,4G,,6.1947,unrated,0,2022-08-25
04b5197c-3a36-4251-a7fe-fef6bfcaccd4,fedc0425-9e22-4b72-8474-b70446229f14,voice_mo,2024-05-20 15:24:17,2024-05-20 17:23:42,7165,,+17115904543,+12352234834,TWR-65195,LTE,,127.3025,rated,0,2024-05-20
7fed1c75-c333-4a01-8fac-fddb506f9837,e6a3b9da-3fae-4aa8-856c-49a8601f42ca,sms_mo,2022-07-09 11:32:22,2022-07-09 11:32:22,,,+16070208597,+19897134050,TWR-33753,3G,,0.0,rated,0,2022-07-09
216a77fb-606b-4ba8-ab33-3f3a30045d89,fb59806a-de6f-41d9-a6c0-dc75b768f0bf,voicemail,2024-12-14 20:55:56,2024-12-14 21:21:43,1547,,+15405514629,+15170066110,TWR-59670,5G_NSA,,54.0095,rated,0,2024-12-14
fe0c88f2-0126-4cf3-b919-6f9d51cd7ef1,4816eaa7-915e-48e4-92fe-7102eb5f8d5b,sms_mo,2024-09-11 07:04:21,2024-09-11 07:04:21,,,+18341123470,+16543014201,TWR-20502,LTE,,0.0,rated,0,2024-09-11
47d0f29b-7147-4692-8c2b-b882ba62fb29,17cca86b-ef4f-40ad-b2da-e1798cbafaee,sms_mo,2022-03-26 23:32:46,2022-03-26 23:32:46,,,+17170459016,+12362907218,TWR-48846,WiFi_calling,,0.0,rated,0,2022-03-26
a95782bf-c008-4790-8802-fb655d54c6c0,1c83e0e7-848e-4657-9450-b6c22cb30dde,voicemail,2023-04-06 20:43:12,2023-04-06 20:51:40,508,,+12205343114,+14656384715,TWR-75697,5G,,21.2728,rated,0,2023-04-06
6a9029dd-b9b0-402a-80d8-d9ae50c8b823,8cdc0f62-54ac-4bfb-8307-bcf3512e3dc1,voicemail,2023-05-06 09:00:14,2023-05-06 10:59:47,7173,,+18636403114,+18171912049,TWR-60273,WiFi_calling,,117.7205,rated,0,2023-05-06
400ba886-c6ae-43d5-8988-31583be14362,e37347b9-f147-429f-ac01-39423ed6e2df,roaming_voice,2022-02-26 05:46:58,2022-02-26 06:24:11,2233,,+13077343190,+15465413438,TWR-86767,4G,IN,48.6127,rated,0,2022-02-26
a03a1013-c4a9-44fa-888d-dbf7db5f5264,be0481ce-2bf2-46d0-a064-7921574b01c6,roaming_data,2022-09-09 00:50:43,2022-09-09 17:53:07,61344,6446.073,+12429099601,,TWR-80040,4G,GB,2912.0892,rated,0,2022-09-09
ee42294c-d15b-406d-9ebc-ec4d96837214,8cd826aa-a0f6-448e-9e0b-8ccfee487cd3,roaming_voice,2024-12-18 08:59:17,2024-12-18 09:07:34,497,,+14394959643,+16044445966,TWR-65195,LTE,FR,9.4296,rated,0,2024-12-18
810fe165-c24f-49e6-8c1c-2a23012bf161,1cba4748-88cd-42c3-8338-5d0db6e15837,roaming_voice,2024-05-30 11:58:20,2024-05-30 12:26:30,1690,,+19209257312,+13910090230,,3G,GB,69.8787,rated,0,2024-05-30
053977b6-bcfb-46ce-bdd7-025be8622a28,76b216c0-b900-4d40-adba-58bd97e87d03,voice_mt,2024-11-11 15:01:19,2024-11-11 16:10:39,4160,,+14352149442,+13049711320,TWR-21274,5G,,127.7584,rated,0,2024-11-11
cba35a6a-3d55-4fdd-8df6-27f4fd1891a8,6fd92713-3e2c-4ca4-8e89-00e7b2d543a5,roaming_voice,2023-09-12 01:17:38,2023-09-12 01:20:52,194,,+15654617392,+17834814690,TWR-10742,5G,MX,3.9566,rated,0,2023-09-12
0c7c854f-ccc9-4f11-9fe0-b2c8035a75e4,73f80464-16c3-4d04-a6df-20bddae486cb,sms_mo,2023-10-15 22:48:13,2023-10-15 22:48:13,,,+16594435820,+14258621066,TWR-96581,3G,,0.0,rated,0,2023-10-15
91bc4052-0427-4f58-b608-fe6445b1e792,10c92dc6-031b-437b-a0bd-cd40fd56378b,sms_mt,2024-04-10 01:04:26,2024-04-10 01:04:26,,,+13337078089,+13482937313,TWR-59784,WiFi_calling,,0.0,rated,0,2024-04-10
a325e9ba-34b3-46a1-86e5-66a213bec7c1,ecca7a98-4edc-4bfd-bd16-2fca40863087,sms_mo,2024-11-05 08:32:33,2024-11-05 08:32:33,,,+18654426258,+13795072934,TWR-90922,WiFi_calling,,0.0,rated,0,2024-11-05
369480ae-d217-4362-8284-82e56973dcae,3aef20d1-e77b-451a-a959-f9f7465e69d8,voice_mt,2023-09-17 05:46:51,2023-09-17 07:13:12,5181,,+18141898441,+15587552977,TWR-29959,5G,,201.8436,rated,0,2023-09-17
e3ea3a30-3b65-41e6-9699-e3db07b78dbf,b1d1233f-f0c4-412c-90ba-55c8ccd5a895,sms_mo,2022-11-07 04:06:02,2022-11-07 04:06:02,,,+18590054252,+17006729614,TWR-15590,3G,,0.0,partial,0,2022-11-07
6a83a119-b246-4120-aa79-60851ff51f63,660f3e6a-f096-43d1-93df-b38b62e164dc,voicemail,2024-01-28 06:04:52,2024-01-28 07:05:33,3641,,+19366444376,+19181452618,TWR-67425,5G,,21.0541,rated,0,2024-01-28
11e47602-4d1f-4f24-87e6-523a539aa834,87f8d92d-891a-4339-9e48-010aecb51d58,voicemail,2022-10-19 17:20:33,2022-10-19 18:55:12,5679,,+14122772459,+14417720291,TWR-97532,LTE,,100.6447,unrated,0,2022-10-19
363506bc-5904-48bf-a326-a75cafef7fc1,44a084bc-68b4-4b0d-95f3-6d6851c09a36,sms_mo,2023-11-09 05:07:30,2023-11-09 05:07:30,,,+15927644608,+14850969478,TWR-42918,5G,,0.0,rated,0,2023-11-09
83154d19-bd78-42b1-ab0d-cc76295da5f3,4a9675d3-8b9c-44f5-864e-52870e64ba20,voicemail,2023-01-31 16:56:45,2023-01-31 17:05:08,503,,+18941134700,+15491381168,TWR-62950,4G,,16.8868,rated,0,2023-01-31
aaa94818-7dae-417e-9b01-151cd84e09a0,260c4194-6703-4394-8f76-19eeef20d44a,data_session,2022-01-06 13:24:48,2022-01-07 03:07:44,49376,3639.438,+14973465910,,TWR-96546,LTE,,2417.7775,rated,0,2022-01-06
89725956-768d-4006-b988-d24543c226d3,9a668744-4d46-4385-873c-10b16a5349c0,roaming_data,2024-04-23 02:50:05,2024-04-23 21:59:40,68975,2050.388,+18221656358,,TWR-43761,5G,FR,2321.4224,unrated,0,2024-04-23
be9b07ce-1d6c-4e6a-9d00-a3de01806ee9,11171052-5f69-43f1-a119-a208c1650107,roaming_voice,2022-08-01 08:23:08,2022-08-01 09:33:37,4229,,+17338322469,+16056731158,TWR-91089,3G,FR,32.4383,rated,0,2022-08-01
f4a38b8e-bf6b-40af-bbe1-15707c1f2237,a4d22bd6-f6d3-4cf2-8d05-275128fa5d56,data_session,2022-03-08 03:02:46,2022-03-08 20:54:48,64322,5661.177,+12581214163,,TWR-40658,WiFi_calling,,2010.1602,error,0,2022-03-08
f32dd256-d77b-4e2b-9c20-84da654a9c05,0fa27a89-6c18-4f7b-b456-3ed24f1e60dc,voice_mo,2022-06-24 05:40:10,2022-06-24 05:42:35,145,,+12254812021,+14121717740,TWR-84306,5G_NSA,,6.9466,rated,0,2022-06-24
959b6d06-6aaf-485c-bcad-8ef8bb63dddc,6d0fd557-1b92-4aa2-bd5b-ae6f91bbc5aa,sms_mo,2024-07-23 03:47:08,2024-07-23 03:47:08,,,+19578203950,+18811914670,TWR-97433,5G_NSA,,0.0,rated,0,2024-07-23
475172ce-b3ca-4f42-a8a3-d0e143a74897,7895e9b1-3079-4866-b655-cc092f7cbbfb,sms_mt,2023-02-21 09:43:21,2023-02-21 09:43:21,,,+15994329649,+14050345501,TWR-21274,LTE,,0.0,rated,0,2023-02-21
75b064cf-44e4-4367-a21d-1f854d6cbb20,019e5861-2266-4e59-b72e-1df362e6014e,voice_mt,2023-02-27 08:10:14,2023-02-27 09:11:09,3655,,+14286435410,+13837404855,TWR-93894,5G_NSA,,146.3291,rated,0,2023-02-27
d9b08d29-8dfc-459d-908e-0bd3e8cd783d,4b860a57-d3b1-42fc-9579-b3cee830df02,sms_mo,2022-10-18 05:29:23,2022-10-18 05:29:23,,,+18920014192,+14641283873,TWR-50718,LTE,,0.0,unrated,0,2022-10-18
e70cf026-e7b0-4581-8264-367ca1f78a6f,fa59ce8b-c5df-433c-84aa-1a0d8a22e544,voice_mt,2022-04-30 01:20:15,2022-04-30 02:14:46,3271,,+14196998718,+19202606184,TWR-99693,3G,,129.3367,rated,0,2022-04-30
c00627ec-0eba-40b9-b60c-e03257eaa3df,526a6be4-39aa-45de-87d5-18799da06f07,roaming_data,2024-01-19 21:51:09,2024-01-20 14:26:41,59732,1296.148,+17815880048,,TWR-75422,4G,CA,2196.1156,rated,0,2024-01-19
98b96648-9580-44fa-b770-f9d7306eeed4,a7de0acd-3040-40ba-8e67-2f8fe77a4d0d,roaming_data,2023-04-26 13:30:26,2023-04-27 08:48:42,69496,6772.468,+13522661938,,TWR-40658,5G,IN,956.7523,rated,0,2023-04-26
026c5640-9d93-44e8-b6d7-aaba6aec3041,95d7b6fa-07d9-415f-846f-e724f025c45e,voice_mt,2022-03-02 11:33:34,2022-03-02 12:01:20,1666,,+19107134779,+17625740258,TWR-33435,WiFi_calling,,4.063,rated,0,2022-03-02
7912a6dd-c499-4317-b1fc-9a37a0e47aa7,9c3d0e90-6c6e-4d8e-b27f-f3003ea82d1e,voicemail,2022-05-15 18:01:05,2022-05-15 18:28:42,1657,,+17307263798,+17285714087,TWR-33435,3G,,5.0361,rated,0,2022-05-15
291a9b86-49fe-4b7a-be47-ab2b2e1cfa6d,02021fe1-f7a6-4690-beef-e48eb294ca81,roaming_data,2022-10-20 12:01:47,2022-10-20 21:56:35,35688,1668.352,+12751390884,,TWR-14927,LTE,MX,1509.6653,rated,0,2022-10-20
847e08c9-8503-42ae-b48b-adc6c1f411f1,880a6398-fb1e-49e9-ae47-a8f89092299a,voicemail,2022-05-24 21:58:56,2022-05-24 22:54:19,3323,,+13459304294,+15322025699,TWR-29959,WiFi_calling,,146.8143,unrated,0,2022-05-24
00c03f26-6f43-45b8-aa60-41aefd352e77,eaa638c7-fb3c-4b89-82eb-ddad46dd3f0c,voicemail,2023-06-12 22:41:03,2023-06-13 00:04:37,5014,,+13221783459,+14533112772,TWR-55269,WiFi_calling,,133.4931,rated,0,2023-06-12
f0b4ba42-4744-4cdd-86bf-f7b1f03b4e47,87b1c160-0d70-48a6-aee2-72e4e09de990,voice_mo,2023-09-28 02:28:44,2023-09-28 04:21:35,6771,,+17927337930,+16702950709,TWR-59946,3G,,83.2201,rated,0,2023-09-28
c49457b9-fca9-4d88-b1ce-dc5dde9da9b8,fc406fa0-13e5-4e78-824d-5805ba42d481,voicemail,2024-12-30 00:17:57,2024-12-30 00:49:23,1886,,+19032428583,+13976873354,TWR-80033,5G_NSA,,59.2458,rated,0,2024-12-30
91b8c341-a55b-4843-9573-ae90ce71626d,02db374d-041a-4a4e-9f6d-177dbdbf0cb9,roaming_data,2024-02-08 15:09:34,2024-02-08 21:17:08,22054,1230.126,+14223608754,,TWR-79893,5G_NSA,CA,884.6837,rated,0,2024-02-08
1e59c481-9f89-4817-b9fb-085973644183,64aff3c8-5a2d-4d79-b40b-bdb1599d1205,roaming_voice,2024-10-06 13:04:20,2024-10-06 14:14:40,4220,,+15202691117,+17086769275,TWR-66481,5G,DE,151.4902,rated,0,2024-10-06
1f425800-88db-43bf-9c0b-98027519f7a6,cff86678-fe6d-4d32-973c-75c606488a79,data_session,2022-11-03 12:56:39,2022-11-04 10:21:27,77088,6453.951,+14608362436,,TWR-26926,LTE,,1567.5865,rated,0,2022-11-03
9db575d5-ac8b-459a-a8d5-5af3e26eb967,0ac480d2-3959-4220-aaa7-fed9198ba46b,data_session,2023-10-18 09:54:33,2023-10-18 21:17:53,41000,4355.741,+12040278112,,TWR-98785,4G,,545.6502,partial,0,2023-10-18
6f0e4dbd-b3b5-4984-891b-4dfc9ee9c633,5bb9619d-683c-4a56-bcc5-c200a824c596,sms_mt,2024-12-20 05:25:08,2024-12-20 05:25:08,,,+15831459615,+16146552848,TWR-33284,5G,,0.0,rated,0,2024-12-20
6013837f-93bc-4b6b-98c6-1eea04b7fb0b,0ac480d2-3959-4220-aaa7-fed9198ba46b,voice_mo,2024-01-08 10:09:18,2024-01-08 10:37:49,1711,,+16955665996,+12721486933,TWR-77981,5G,,78.982,rated,0,2024-01-08
242cef10-b29a-45f3-b5c4-e6c43764d5b1,2cb84d41-078c-4f5f-8607-25c6df53cee4,voice_mt,2023-01-30 10:51:37,2023-01-30 12:03:28,4311,,+16485103437,+19337789745,TWR-16726,5G_NSA,,143.9037,rated,0,2023-01-30
0f8971c8-7248-4e5d-9102-a3c16b6e1879,887cedb7-e47e-4a02-849e-72be2ed59dfc,voice_mt,2024-12-20 04:46:30,2024-12-20 05:15:25,1735,,+15816943490,+12543906795,TWR-62961,5G,,58.3893,rated,0,2024-12-20
bf0a117e-19aa-47ef-be37-c65f4c41497e,68a9d391-5242-463e-a2b7-30c8271f8e6d,roaming_voice,2022-07-29 13:33:34,2022-07-29 14:29:28,3354,,+13417899678,+16876868264,TWR-17316,WiFi_calling,GB,39.8561,rated,0,2022-07-29
eed2a7d5-562f-4018-802e-d45cb2d87443,f7de60ae-7a06-41d1-b249-e0eb61da75ce,voice_mt,2022-07-18 14:24:56,2022-07-18 15:24:17,3561,,+12016757385,+18178585349,TWR-53214,5G_NSA,,42.8766,rated,0,2022-07-18
252cdfab-3da6-4668-abfc-583c317891b1,f3d67776-9153-4178-bebe-809482a8cb87,sms_mt,2024-01-03 16:34:57,2024-01-03 16:34:57,,,+19002672784,+17579728389,TWR-34373,3G,,0.0,rated,0,2024-01-03
f89322c9-64a8-4af2-a1e2-3698bf8f057a,0c634216-e8a2-4f35-9e2d-af6ca955cf3a,sms_mt,2024-02-01 12:36:20,2024-02-01 12:36:20,,,+19565618205,+17518322655,TWR-32499,5G,,0.0,rated,0,2024-02-01
544031ac-8833-482e-ae76-8d51aa94088a,5e1fb5fc-4a0f-444d-9fd6-01bf8deaddbd,roaming_voice,2024-01-29 09:42:14,2024-01-29 09:57:13,899,,+19965773534,+15463768967,TWR-10998,4G,DE,11.3645,rated,0,2024-01-29
a900bcbf-d19c-418b-ba8e-1d2ad766736e,f91122e8-a320-4eff-abd2-6a6509e128c6,data_session,2024-08-23 16:34:27,2024-08-23 20:02:56,12509,3095.38,+16882923748,,TWR-45310,5G,,201.6727,rated,0,2024-08-23
30626ae6-786b-4f70-b79f-d07c8a474d32,326f48db-a78b-4b68-bb26-a01fbe7ba985,sms_mt,2022-03-19 11:33:42,2022-03-19 11:33:42,,,+13562000894,+18156009569,TWR-79299,4G,,0.0,rated,0,2022-03-19
8dc330d2-61bd-4e4e-9afa-30689903ec90,e07bdda6-6fe8-41f5-a3bf-4b7a12caa0e8,sms_mo,2024-12-16 01:43:50,2024-12-16 01:43:50,,,+19439935555,+17609370464,TWR-70647,5G,,0.0,rated,0,2024-12-16
dc6e1b80-1f14-461e-9259-928c01ff50ec,6e0c6ffb-2f76-4181-82b8-ae52f34cf0b6,roaming_voice,2024-02-03 14:28:20,2024-02-03 14:51:26,1386,,+16239641437,+15333754090,TWR-16726,4G,CA,4.2714,rated,0,2024-02-03
ff5e4176-dafa-4e5d-a452-c2778f072d35,18750202-b949-4de3-9121-23bf69e5c816,sms_mo,2024-03-12 04:43:21,2024-03-12 04:43:21,,,+17690473341,+13226338590,TWR-79299,WiFi_calling,,0.0,rated,0,2024-03-12
6ea04923-d056-450b-b153-80e7834c154c,df845d04-97c6-4560-8ec2-1100e99d6f18,sms_mo,2023-03-13 20:39:04,2023-03-13 20:39:04,,,+17671248915,+16358914740,TWR-63723,5G_NSA,,0.0,rated,0,2023-03-13
5f810a38-5f74-4628-ae19-ce1056a6bf31,01138e8c-ad59-4c16-bc33-f8156a1ce3df,voicemail,2024-02-21 22:13:49,2024-02-21 23:11:14,3445,,+17899547551,+15688420275,TWR-93942,WiFi_calling,,105.7748,rated,0,2024-02-21
3ae48348-5891-456d-8cfc-696d879a1650,cff86678-fe6d-4d32-973c-75c606488a79,voicemail,2022-07-19 06:18:20,2022-07-19 06:57:39,2359,,+14036126338,+18461902106,TWR-27160,LTE,,113.8428,rated,0,2022-07-19
80123e43-cbc4-4146-af05-a995c3c7aca8,4fad9e4f-0372-48d2-a053-eb15027893b7,voice_mt,2024-04-08 08:35:14,2024-04-08 10:04:32,5358,,+17919182234,+13446674713,TWR-53214,4G,,22.2121,rated,0,2024-04-08
914ccce6-5498-4430-b132-a0d3842c784c,64d5d3d1-5547-4de9-9b27-ddd2e0a152af,data_session,2023-03-24 01:02:44,2023-03-24 18:29:05,62781,4114.776,+13233171754,,TWR-47000,5G,,393.817,rated,0,2023-03-24
1be67f1c-9f33-4d69-8311-aee8798711c0,86b07369-fab5-4238-9fd1-01ae7b668cd2,voice_mt,2022-02-26 00:30:38,2022-02-26 02:04:19,5621,,+13314725268,+12812431755,TWR-55269,LTE,,261.7189,rated,0,2022-02-26
5509b5e1-b59d-4d87-bd48-a1e56c984165,ead771bb-2032-429d-bd8b-7cfc4c1835de,roaming_voice,2022-01-16 05:10:17,2022-01-16 06:46:56,5799,,+19332917962,+16963012208,TWR-96136,5G_NSA,JP,27.1493,rated,0,2022-01-16
89296bc1-4ac1-4f25-ac20-33411a009e24,1a570c01-ee4b-48d8-972c-fb033e72863b,voicemail,2022-10-31 18:28:17,2022-10-31 20:03:48,5731,,+12324962686,+18700822740,TWR-67425,LTE,,62.7561,error,0,2022-10-31
f63de28c-54c5-44a6-99a3-8efa51e3b12c,9420fd42-facb-48f5-8d23-8206f14d5d28,sms_mt,2024-11-02 22:02:27,2024-11-02 22:02:27,,,+14927512026,+15784741969,TWR-88569,4G,,0.0,rated,0,2024-11-02
96468e19-dadb-4c4b-b1ba-c242eb5edbf1,a8cf78a5-285f-4421-9b93-e0eccd6ad3e0,roaming_data,2023-11-01 19:02:57,2023-11-02 05:50:27,38850,4457.103,+18193272463,,TWR-86767,LTE,BR,846.9892,rated,0,2023-11-01
f3bd8766-9ddf-4b44-909e-b76f8341b9b7,660f3e6a-f096-43d1-93df-b38b62e164dc,voice_mt,2022-07-05 19:32:52,2022-07-05 21:09:44,5812,,+19836132379,+18036910366,TWR-21775,LTE,,8.2229,error,0,2022-07-05
235bf4ab-3ffe-47c6-9c3a-e0ffe23546f4,3d340c1b-027c-4436-ae65-420574cca66a,roaming_voice,2024-10-29 11:45:41,2024-10-29 11:59:01,800,,+15462669423,+15166971086,TWR-60273,LTE,FR,3.5621,unrated,0,2024-10-29
99174017-7493-4d7b-8ce4-762bea7d6718,891e05e6-bc49-4ce9-a35c-a6c32f4cb0bd,data_session,2024-08-30 06:38:28,2024-08-31 01:52:25,69237,3522.084,+13983233360,,TWR-48718,5G,,2960.3684,rated,0,2024-08-30
e070a821-03b5-495a-bee1-f26110d1d25d,02d41c0a-4baf-4805-9d7c-3f217ada85e7,sms_mo,2022-12-16 05:38:28,2022-12-16 05:38:28,,,+13827926792,+18007110587,TWR-93894,WiFi_calling,,0.0,rated,0,2022-12-16
3e0b048a-cb27-4d8c-93b7-3eb55a053915,43b833b1-9256-42eb-ad6d-594d9820a2df,roaming_data,2024-01-10 22:07:56,2024-01-11 02:15:13,14837,7057.442,+15064791133,,TWR-54139,LTE,,125.9147,rated,0,2024-01-10
c5c66a9c-af8a-4729-9331-1852b7034b4b,6a5afff6-609d-46b3-9ece-8b357be1d3e1,roaming_voice,2022-01-22 16:08:59,2022-01-22 16:30:06,1267,,+19920098548,+19719390736,TWR-33435,5G_NSA,FR,26.4231,rated,0,2022-01-22
7532cb5e-33d6-44e3-85a1-bda00f553570,bcc6fbd1-cbbe-41a5-a7b4-72084a88b6bf,roaming_voice,2022-01-20 03:38:40,2022-01-20 04:39:13,3633,,+13125246262,+14437710523,TWR-44207,3G,US,140.2824,rated,0,2022-01-20
f15cb508-0219-4088-97bd-fe7a9dfe10c5,ff74d0aa-ecdb-4fd3-b3b3-649ba22ca931,roaming_voice,2023-05-17 18:15:20,2023-05-17 18:24:33,553,,+17517337632,+19135443422,TWR-59784,3G,US,18.4376,rated,0,2023-05-17
74d354c2-fff7-4a4f-9f80-d9565cb0feac,37ed0713-fecc-4627-877d-2f969ca67df8,sms_mo,2023-03-27 09:06:31,2023-03-27 09:06:31,,,+15752829301,+18419090937,TWR-88569,5G_NSA,,0.0,rated,0,2023-03-27
88de6caa-8166-48cc-83a7-8cf7b4bbb999,1b9e3f87-4d86-4d6b-8372-bfc24ca7083e,roaming_data,2024-01-15 03:57:24,2024-01-15 10:24:19,23215,2409.833,+12281547752,,TWR-26301,LTE,JP,415.6804,rated,0,2024-01-15
1df050d4-b575-485b-a6c3-674427c5a6ff,769b34a5-2c01-4ce6-a521-cfc1cb9f277d,voice_mt,2024-11-20 00:06:42,2024-11-20 01:32:13,5131,,+19812617061,+18534488384,TWR-38402,WiFi_calling,,221.7053,rated,0,2024-11-20
32f7e479-66a2-49b9-989f-f4a2a2618c34,5e522efc-e649-4550-a73a-9f8c37baad89,voice_mt,2023-08-12 07:46:43,2023-08-12 07:57:05,622,,+16133542947,+13196354752,TWR-42562,WiFi_calling,,11.4294,unrated,0,2023-08-12
40e5f34b-6df8-493b-b7c1-2efce4b93382,695e4388-1e90-4625-a206-4a284158248b,voicemail,2022-12-06 09:19:07,2022-12-06 10:19:51,3644,,+19385767211,+12813536463,TWR-38402,5G_NSA,,32.9365,rated,0,2022-12-06
105cf8cd-8546-4d7b-b775-647bcaba70eb,98c4d191-2f0d-435b-a6c0-369f0a7d0244,voice_mo,2022-09-20 13:30:28,2022-09-20 14:42:40,4332,,+18318130889,+16679064677,TWR-65732,5G,,67.113,rated,0,2022-09-20
6aa52d8c-0700-461b-a53d-9e2f3a677355,62ba5fb1-b1e0-4f0c-a7ee-e84d7c648003,sms_mo,2022-01-29 23:53:11,2022-01-29 23:53:11,,,+14900315826,+17800494474,TWR-20502,WiFi_calling,,0.0,rated,0,2022-01-29
1b8f758e-2b6b-4a3c-b70b-011d1ae4e46e,a289cd21-27ee-43a6-b908-74843b30902a,sms_mt,2023-03-26 00:21:51,2023-03-26 00:21:51,,,+12868698925,+12138504202,TWR-33753,3G,,0.0,unrated,0,2023-03-26
9f87e6ed-6508-4fcd-9795-24bf24f034e3,1bb3bd6d-933f-4673-ab66-5e612c42d27a,roaming_data,2024-02-16 23:00:44,2024-02-17 21:17:41,80217,3278.999,+15288926629,,TWR-19132,WiFi_calling,JP,2636.0285,error,0,2024-02-16
aa79f483-af64-48e7-bfa1-c4766f058291,2c73ce3d-b81f-447f-b110-c89425390acf,voice_mo,2024-10-23 20:28:59,2024-10-23 21:26:36,3457,,+19036759749,+15724448702,TWR-42731,LTE,,86.1561,rated,0,2024-10-23
18450cca-a702-4be0-8dd8-a6b2ac67e9c8,151aa59b-3665-4ca5-bb61-e52b665556cf,voicemail,2023-06-12 09:54:46,2023-06-12 11:22:21,5255,,+19995917853,+16673514641,TWR-25560,3G,,7.021,rated,0,2023-06-12
1648089a-44af-4351-84f5-43bedc895ef4,05767920-04be-4187-96be-5fd8f15ce43b,voice_mo,2024-02-28 05:51:55,2024-02-28 07:45:17,6802,,+19610510070,+18684008882,TWR-80599,4G,,85.8037,rated,0,2024-02-28
a1469bd6-5e82-49c1-a63d-d8139d4c4e98,94c3ce78-5df7-4904-8439-1eb5ab524ea5,sms_mo,2024-09-20 03:21:28,2024-09-20 03:21:28,,,+13238785428,+14278869168,TWR-65732,LTE,,0.0,rated,0,2024-09-20
f4bfc0c7-bcac-41fe-9c66-4b5b1dd68bc4,f05a0eea-5ebb-4597-bb32-081f9191353f,voicemail,2023-02-23 23:29:52,2023-02-24 01:03:39,5627,,+15972727063,+14286449258,TWR-54139,5G_NSA,,264.4784,rated,0,2023-02-23
e8d9791a-445c-44a6-a986-3c2ac980c78b,a2e21980-aafd-40e7-a3d3-e52a9f6c147d,sms_mt,2022-02-27 08:58:31,2022-02-27 08:58:31,,,+14811912033,+15616728272,TWR-32437,5G_NSA,,0.0,rated,0,2022-02-27
27f4c0b5-a80e-4299-861d-d68c5e08e792,12729866-fb56-480d-a6a4-0bc334e0cbe9,sms_mo,2024-12-01 17:43:28,2024-12-01 17:43:28,,,+14110794653,+12961116832,TWR-98912,3G,,0.0,rated,0,2024-12-01
c5a4878e-bb18-4ef9-b6e1-3df597335d46,44a084bc-68b4-4b0d-95f3-6d6851c09a36,data_session,2023-02-15 11:37:08,2023-02-16 06:01:05,66237,206.019,+13058419924,,TWR-28830,4G,,2032.6836,rated,0,2023-02-15
fc504953-6539-4a58-bebd-1dfdb638b5b7,db3a1758-8bb3-41a4-a544-8270bd111701,sms_mt,2023-02-20 15:51:14,2023-02-20 15:51:14,,,+12943877813,+18048952525,TWR-54139,5G,,0.0,rated,0,2023-02-20
ecda24c4-bf31-4e05-84ca-f6ae341a834b,94ab5d0e-a0f9-4780-842c-95afb79095e5,roaming_data,2024-01-10 22:39:31,2024-01-11 21:11:54,81143,6608.882,+17035675562,,TWR-20637,LTE,JP,1807.2729,unrated,0,2024-01-10
ff86a481-474f-403f-8fc0-db7b3d548c7f,411192ec-285a-42df-a220-3cd315dfc7d1,voicemail,2023-04-13 17:46:55,2023-04-13 17:58:48,713,,+17615000742,+17380255369,TWR-60870,WiFi_calling,,25.8525,rated,0,2023-04-13
ef5db5ee-4eef-4e9c-86a4-52a15c0cacd6,abac0a6e-a934-4456-bb88-3770300ef8a0,voicemail,2023-11-25 09:40:48,2023-11-25 11:24:22,6214,,+16705140183,+14382382855,TWR-67425,5G,,38.6852,rated,0,2023-11-25
9c3767db-10e5-4248-94d3-2ee131597b2a,497d9e74-31f6-472e-9e1b-dcda7f33ca28,roaming_voice,2022-03-12 15:17:59,2022-03-12 15:57:36,2377,,+13103325364,+18372011166,TWR-42918,5G_NSA,FR,6.9874,rated,0,2022-03-12
649f22da-074e-4f9f-a249-136f58e577b4,9193cedf-3f22-4a3a-8f0f-70e5104df34f,sms_mo,2022-03-03 13:46:56,2022-03-03 13:46:56,,,+15066710577,+16685276901,TWR-58889,5G,,0.0,rated,0,2022-03-03
cc3dbe95-8a2a-4388-a195-9ce5c615445a,c1e722fe-6679-4d85-994d-8b72f2a56432,roaming_data,2023-02-25 21:12:45,2023-02-25 21:16:23,218,6033.833,+17069440280,,TWR-10998,5G_NSA,FR,6.5393,rated,0,2023-02-25
d569f57d-61ed-4d75-ab53-78de4e377500,bbf03ee4-8dbf-484b-a9e7-dc5144716eea,voice_mt,2024-07-18 00:16:12,2024-07-18 00:38:44,1352,,+16089641917,+14794836885,TWR-91089,LTE,,39.8664,rated,0,2024-07-18
2b7ef405-5d12-4a57-9508-b03825ff797b,922f4c01-9994-4972-8411-0e77697d89c5,voice_mo,2024-04-24 11:22:57,2024-04-24 11:54:59,1922,,+15789525356,+12390530591,TWR-67678,WiFi_calling,,40.299,rated,0,2024-04-24
0cc03558-46e5-4965-8896-a0161d189afd,3e3fa0a1-1bdb-4fdd-a145-e54cff27a5a4,voice_mo,2022-10-09 06:43:53,2022-10-09 07:25:22,2489,,+14860718051,+12970453356,TWR-47711,WiFi_calling,,114.8294,rated,0,2022-10-09
b8a1caa9-3534-499b-b3aa-13c691611038,a83a5981-4415-448f-8183-4436768a817b,voicemail,2024-10-05 10:04:12,2024-10-05 11:06:55,3763,,+13014228242,+17404520294,TWR-56568,5G_NSA,,68.744,rated,0,2024-10-05
861049a3-165e-46e0-b535-9b558e5784a9,599ee96f-eeb1-4402-8b9b-d05f29290838,roaming_voice,2022-11-03 16:22:02,2022-11-03 16:59:37,2255,,+15001464346,+18411211893,TWR-91089,3G,BR,59.17,rated,0,2022-11-03
f51e30e6-5808-481a-a8d4-78964fff7d4b,01138e8c-ad59-4c16-bc33-f8156a1ce3df,roaming_data,2023-01-09 07:46:50,2023-01-09 10:28:41,9711,950.075,+15387066187,,TWR-77981,LTE,BR,72.24,rated,0,2023-01-09
f56aed91-eec8-4cc7-8a31-3f68b619f207,65089650-b79e-4d3d-9e98-8740b3a00859,roaming_voice,2022-10-04 10:11:04,2022-10-04 11:01:21,3017,,+19728019943,+12394703416,TWR-40658,3G,CA,147.0795,rated,0,2022-10-02
a54267b5-a110-46ea-860e-24cc5015799c,06022f24-82b0-4e78-bbc6-6447f8e0d109,roaming_voice,2022-08-14 22:33:40,2022-08-14 22:49:29,949,,+19728287285,+19062919368,TWR-65760,3G,US,38.0545,rated,0,2022-08-14
bc49f661-6fa6-4315-bf62-dd232ae6d5aa,51dfa952-c9de-4f56-95b6-be399b3ea80c,voice_mo,2024-01-29 21:13:23,2024-01-29 21:58:33,2710,,+14391464549,+13955876578,TWR-27160,5G,,5.6088,partial,0,2024-01-29
37f8d875-a197-4b48-bbf9-bdebd9b1e7ed,fd876393-555e-42f5-a800-277abfcb2169,voicemail,2023-11-07 00:24:21,2023-11-07 01:37:57,4416,,+16561796839,+17531860553,TWR-43761,5G_NSA,,177.6038,rated,0,2023-11-07
e9ca617c-40e9-40dc-b4e8-3acc361079b2,217d48c5-da1b-41a4-944d-be4f76b702bd,voicemail,2022-06-11 00:44:46,2022-06-11 02:08:03,4997,,+16970065413,+15227958068,TWR-48718,5G_NSA,,248.0533,rated,0,2022-06-11
17667689-44b2-40bc-86e7-77f15b49a3af,da1c4720-27e6-4bb5-a95d-fbc38aee362b,data_session,2022-03-14 23:00:51,2022-03-15 10:47:19,42388,7746.239,+16155469133,,TWR-25560,LTE,,403.4762,rated,0,2022-03-14
8882b2ea-9bfa-4213-85fc-53890138beb3,fbc79e00-1e29-4588-89c4-243267e78c26,roaming_voice,2024-04-02 12:45:41,2024-04-02 14:34:52,6551,,+12161425722,+13432136752,TWR-67425,5G_NSA,BR,49.1683,rated,0,2024-04-02
0b6c99b0-fb76-4354-9f61-a3d3b4b778ad,32a8077e-f59b-4457-9552-e7cda9254a06,roaming_data,2024-06-22 19:26:23,2024-06-22 19:41:07,884,3495.012,+13000337492,,TWR-75697,3G,JP,38.3851,rated,0,2024-06-22
8c626ec7-a8e9-46cc-8002-435a1a021fc1,8234af14-18c4-4b20-9b40-cf928b044f43,data_session,2022-02-07 11:10:23,2022-02-08 06:37:29,70026,5169.287,+19908204224,,TWR-64922,4G,,769.0091,rated,0,2022-02-07
853b133d-69c4-4177-95a2-0581d2fdbee7,1e9f3c83-6bb5-44fe-9ab3-50621dcb52ae,voicemail,2023-06-14 10:52:33,2023-06-14 11:21:24,1731,,+12041322749,+12388453842,TWR-36144,3G,,85.6461,rated,0,2023-06-14
af3c4865-5061-4261-a798-5ced41da6faa,f6466038-6d0c-44fd-9a9f-8d3fd8c335e8,data_session,2022-09-15 18:16:06,2022-09-16 05:18:43,39757,5816.319,+16153209892,,TWR-70566,4G,,1551.921,rated,0,2022-09-15
69f67349-8039-48c5-bbfd-06b17790c787,a0756194-e090-4695-982d-70ebbddac8ac,voice_mt,2022-10-11 17:07:50,2022-10-11 17:23:25,935,,+13673670614,+12407319608,TWR-25363,5G,,43.1842,rated,0,2022-10-11
1bcf5b3f-ce90-4341-a136-75a1a20c4ba9,f43be645-8d64-4470-9119-f47635d31b07,roaming_voice,2023-10-18 09:40:14,2023-10-18 10:57:33,4639,,+12032216716,+12393498708,TWR-99439,3G,GB,200.7165,error,0,2023-10-18
4bae0334-d280-4637-9c66-129085f86c79,d203fed8-5ea3-494e-b200-a28da0c42577,voice_mt,2023-11-07 13:59:18,2023-11-07 14:30:44,1886,,+15022389938,+14554035274,TWR-90375,LTE,,80.9154,rated,0,2023-11-07
4e97d365-6280-4c74-9b88-77067c066e9f,a4d22bd6-f6d3-4cf2-8d05-275128fa5d56,voice_mo,2024-04-28 23:56:38,2024-04-29 01:19:35,4977,,+18802088364,+13320017795,TWR-63127,3G,,217.2507,rated,0,2024-04-28
b847e180-2c95-424c-8aea-3133dcffc53e,2fe8ad4a-5310-4506-a0ea-8119eb56956b,voice_mo,2022-09-23 11:21:19,2022-09-23 13:16:22,6903,,+14911230248,+18003698576,TWR-16249,5G,,241.4154,rated,0,2022-09-23
46138d65-57f0-4b03-98bb-02a384b06e89,098a407d-a93c-498e-882a-7e4bc23a8eab,roaming_data,2023-08-20 23:13:33,2023-08-21 10:37:34,41041,7929.798,+15768101460,,TWR-32437,5G_NSA,DE,175.052,rated,0,2023-08-20
1aa8e217-9fbb-40c5-904d-cce80d674b00,11ab5586-166e-4005-921c-9dfa2dd285c7,voicemail,2022-06-02 00:19:24,2022-06-02 01:15:56,3392,,+16566934151,+13063693292,TWR-15590,LTE,,21.1043,rated,0,2022-06-02
3ae4dde7-dfd2-4627-8294-80ef5e89305f,dd8da925-fe12-456e-b444-aedddc35b8b1,voice_mt,2023-05-01 04:15:45,2023-05-01 06:12:14,6989,,+12069940179,+19233159016,TWR-60870,5G_NSA,,134.1129,rated,0,2023-05-01
e189ed8f-1f2d-4030-8315-9c719c4cf388,b2ace032-9593-4842-bd49-0877ce19f8c4,sms_mo,2023-10-24 00:24:26,2023-10-24 00:24:26,,,+16052186767,+15268652062,TWR-36144,5G,,0.0,rated,0,2023-10-24
34967638-126f-41d3-8ca1-e117151f8d08,9a926d96-e3b4-484b-ba11-435011886395,voicemail,2022-12-23 08:40:52,2022-12-23 09:14:50,2038,,+13237487590,+15702771900,TWR-38402,3G,,18.1947,error,0,2022-12-23
85716c34-ff41-4c8b-ac61-38786b39b098,3a36ab34-55ff-4816-b0ff-6f952888b8dd,voicemail,2024-02-02 19:15:25,2024-02-02 19:47:06,1901,,+14237813205,+18478331773,TWR-47711,4G,,49.538,rated,0,2024-02-02
156436fb-41b9-412a-bfb2-92c4d4c2a542,c8323f70-8d43-474e-9872-e2a0d80ff415,sms_mt,2022-07-09 00:13:16,2022-07-09 00:13:16,,,+19866103345,+17396680060,TWR-26301,5G_NSA,,0.0,rated,0,2022-07-09
2e5ea1ea-8a63-4c58-9afc-d7698d47aceb,ced4396d-7f8b-46af-b508-13d3702ceb53,data_session,2023-06-17 00:00:36,2023-06-17 06:29:39,23343,5264.022,+15851501477,,TWR-77981,LTE,,734.3653,rated,0,2023-06-17
57e5f30b-fea1-4754-87e8-044d76610a97,b1d1233f-f0c4-412c-90ba-55c8ccd5a895,voice_mo,2023-03-25 16:14:35,2023-03-25 16:54:55,2420,,+14395646091,+12548947340,TWR-91778,3G,,103.8022,rated,0,2023-03-25
f5f86626-8a23-4049-9449-a1ff660bf951,a7de0acd-3040-40ba-8e67-2f8fe77a4d0d,roaming_data,2022-12-24 03:34:35,2022-12-24 11:53:22,29927,2683.668,+12534500844,,TWR-93942,3G,MX,221.455,rated,0,2022-12-24
7a6fc10f-5244-427d-b1a4-99c9de64cbf2,1f02e5a7-4b49-48c0-81b3-1024c85933f2,voice_mt,2023-08-11 20:52:22,2023-08-11 22:41:59,6577,,+14474891087,+12980701746,TWR-43763,LTE,,27.0979,rated,0,2023-08-11
6d54bf7d-27d3-4246-b4d9-59b417c1a100,90689bf3-5491-4703-9d57-e77c19e9d75c,voice_mo,2024-01-06 00:40:29,2024-01-06 01:47:20,4011,,+19534607888,+14583258891,TWR-99693,3G,,,rated,0,2024-01-06
3e62f0ef-b4af-4198-ae11-9a49b75f28f5,3cb7aac6-8b3c-435e-8568-44b7b670d5f9,roaming_data,2024-03-26 11:09:27,2024-03-26 19:44:20,30893,4740.826,+19332731415,,TWR-50607,WiFi_calling,GB,807.8248,rated,0,2024-03-26
8ba81776-ade7-453a-a262-b64d992fcd66,007c5fe4-535c-41bf-88cd-0123d9e5bfec,voice_mo,2023-03-17 07:48:14,2023-03-17 07:51:31,197,,+19542284802,+16836582348,TWR-48718,5G,,4.4832,rated,0,2023-03-17
a409828c-c9da-4120-b39a-7a209b916794,72412fff-6f16-42ae-a487-6e54b3b1419f,sms_mt,2022-07-10 04:09:19,2022-07-10 04:09:19,,,+15010242247,+19911783158,TWR-38652,3G,,0.0,rated,0,2022-07-10
4e6e8930-1566-4f7a-a7cc-935ab695c659,b2ace032-9593-4842-bd49-0877ce19f8c4,voice_mo,2024-03-16 04:55:56,2024-03-16 05:45:55,2999,,+13783809060,+15726536650,TWR-25363,LTE,,119.0624,rated,0,2024-03-16
b57050bb-2388-4305-92c0-0716fb53b33a,c9c59b30-c0ef-4f63-87b3-ae5073e7f61e,sms_mt,2024-08-06 02:56:58,2024-08-06 02:56:58,,,+18194582087,+17169220792,TWR-87123,4G,,0.0,rated,1,2024-08-06
87e6a331-94ba-4026-bdcc-305d8f76e9c3,ce39e10d-46fb-40f3-b9aa-88099a6e1d6c,sms_mt,2023-05-12 11:03:07,2023-05-12 11:03:07,,,+17446583710,+18581206329,TWR-88599,WiFi_calling,,0.0,rated,0,2023-05-12
b725e0f0-70d5-48e6-a30e-fa4890551d69,9d68fc09-7e14-4887-8662-ebfd8d378019,voice_mt,2023-09-20 09:18:52,2023-09-20 09:22:40,228,,+18401968712,+14584755216,TWR-75697,WiFi_calling,,3.8093,unrated,0,2023-09-20
042a9081-f412-4ba8-b27b-51386c796ee3,4a7fa3d6-ff30-448e-8b81-c309212908cc,sms_mt,2022-10-24 04:42:03,2022-10-24 04:42:03,,,+19410902929,+14607826065,TWR-90375,4G,,0.0,rated,0,2022-10-24
8e494991-a94c-4194-a347-c59e4e82f807,79f296a1-1ec1-49da-a9ab-8d96daca23f9,roaming_voice,2024-07-17 07:16:16,2024-07-17 08:32:36,4580,,+16395340520,+15475898750,TWR-78603,4G,JP,82.9233,error,0,2024-07-17
4ff1d23f-130a-4389-8cd8-827de0d19900,230a1dcd-2721-4097-aab5-c313913882c8,roaming_data,2024-01-24 02:09:45,2024-01-24 02:58:09,2904,272.526,+18706227823,,TWR-20502,5G_NSA,JP,124.3803,rated,0,2024-01-24
e92e2926-43a2-4df6-80d5-8bcbfb8c5bc3,0a33d8a8-8119-43ec-9257-4410e048df2a,roaming_voice,2024-10-29 03:16:35,2024-10-29 04:57:37,6062,,+18599392626,+12698538436,TWR-48846,LTE,US,253.9588,rated,0,2024-10-29
1cc7a322-59e1-47e3-ab51-35441ca3dd49,80e68ce1-fcea-4a54-94fc-f33380a01fca,voice_mt,2022-09-05 03:39:46,2022-09-05 04:59:14,4768,,+14190214521,+14612643958,TWR-90375,5G_NSA,,22.7778,rated,0,2022-09-05
318acc54-dcd6-4448-bafa-3bb280ab0e7e,3802c697-cc3b-479c-9d2b-ce9b7870944b,voice_mt,2023-04-11 09:19:20,2023-04-11 09:36:58,1058,,+15934129774,+16495317670,TWR-80040,LTE,,33.8554,rated,0,2023-04-11
408fa9aa-1ace-4e14-ba48-c6b6974eba38,bb02e2e6-5e97-4e1c-ba38-d096fe79c6a5,voicemail,2022-05-02 02:02:29,2022-05-02 02:21:19,1130,,+19879849070,+13177213747,TWR-38652,5G_NSA,,5.3032,rated,0,2022-05-02
907f4a99-4c35-4204-959d-ff9dabc4e5e8,1399d47a-677b-4e20-93ff-d5205c07e7a4,sms_mt,2023-01-04 20:31:05,2023-01-04 20:31:05,,,+13974116824,+18715195490,TWR-51147,4G,,0.0,rated,0,2023-01-04
c9837712-93b7-4e60-9bb0-3495bbd94bca,66b5eada-aee2-4a75-abbf-9cfe79adf797,roaming_data,2022-02-04 01:08:23,2022-02-05 00:44:07,84944,3911.037,+12710397225,,TWR-70647,LTE,GB,1428.8353,rated,0,2022-02-04
4126b08f-55fa-47ad-ac8a-8fb5fde2da5c,1e1a9fb4-857f-4b8b-9e10-0f9443b5f996,voice_mo,2023-02-12 11:10:47,2023-02-12 12:01:02,3015,,+18710200551,+16154757696,TWR-47000,5G_NSA,,46.0931,rated,0,2023-02-12
d3b7e077-a2df-4f22-8303-465370c6292b,19fdaad6-c86c-4208-b403-c98023d4fc0f,sms_mo,2024-01-30 21:03:54,2024-01-30 21:03:54,,,+18684731838,+14426590534,TWR-91778,5G_NSA,,0.0,rated,0,2024-01-30
08c818a1-0f45-4919-ba74-ff4e7a172321,e9db60a1-e0a1-4496-b6a3-4adb732999fb,roaming_voice,2022-07-06 04:12:23,2022-07-06 04:42:52,1829,,+13515403053,+13642371507,TWR-22145,5G,MX,16.6384,rated,0,2022-07-06
ad4911bb-8bbb-4bb3-b92e-435bd18fc694,631f012d-c53e-48c9-bf1f-2f67aa6f6012,data_session,2023-07-16 10:28:03,2023-07-16 15:12:37,17074,7440.136,+12304681467,,TWR-13054,4G,,784.0294,rated,0,2023-07-16
a83c3090-f447-455b-a466-5da9ca8a8b15,c39bd25f-98a7-4ec4-8a29-efa46e354c27,data_session,2024-06-11 23:52:35,2024-06-12 16:42:27,60592,6529.193,+19286044343,,TWR-28731,5G_NSA,,1457.2382,rated,0,2024-06-11
d751080f-f94e-4f13-a230-5cf96928573d,6186a91e-07e7-446b-b559-027b3d26b793,sms_mo,2022-10-05 16:47:56,2022-10-05 16:47:56,,,+18281931125,+12429356732,TWR-75697,5G_NSA,,0.0,partial,0,2022-10-05
f1a76a7e-defa-4b17-b20c-99530be4e907,7e6e12a7-0a9c-4403-9a18-90def9de5680,sms_mt,2024-08-23 23:38:37,2024-08-23 23:38:37,,,+17016666634,+18844479341,TWR-98912,WiFi_calling,,0.0,rated,0,2024-08-23
124db1ce-9964-48c9-9899-d030d1a8d308,95f67eb9-a596-46b7-8cc5-02dc31897813,voicemail,2023-01-12 16:25:51,2023-01-12 17:16:44,3053,,+17689692749,+12599783627,TWR-43763,LTE,,15.4021,rated,0,2023-01-12
faa67a9e-fbb5-4b63-9874-14d82460924c,2f69ed2e-4922-4cd4-9116-2d303b6b7430,voice_mo,2023-08-07 08:44:07,2023-08-07 10:42:48,7121,,+12561933681,+13893142651,TWR-32437,5G_NSA,,218.5401,rated,0,2023-08-07
f7adf8d9-fe86-413e-a4b0-30d30539693d,fc87fc73-70ac-47d0-8b91-065a46279dca,voice_mo,2023-01-22 16:55:20,2023-01-22 17:07:00,700,,+19549484977,+16273616003,TWR-64922,LTE,,6.0755,rated,0,2023-01-22
3792eb0b-e237-40fa-a62d-bd26523c0a8c,5976f0ed-46c4-4968-96f6-90cf27e78132,voicemail,2023-11-25 13:54:06,2023-11-25 14:04:04,598,,+13085568766,+18614678000,TWR-36144,5G,,14.1048,unrated,0,2023-11-25
f0a9977d-f007-43b9-9f06-48cc551ea8aa,24ba1885-30cc-421f-a4d9-de574b8728c1,voicemail,2023-02-18 02:54:28,2023-02-18 03:36:59,2551,,+19227202276,+15959492757,TWR-31077,5G,,102.4187,rated,0,2023-02-18
194a3745-5b86-41f1-b6f0-20e3340a17c5,0a7441bb-d724-4278-b895-9336320d37bd,roaming_data,2022-06-05 09:34:19,2022-06-05 14:21:54,17255,926.926,+15013227577,,TWR-97433,WiFi_calling,IN,145.8775,error,0,2022-06-05
98088944-29a7-4ed3-8237-5a1a2e3f6668,411192ec-285a-42df-a220-3cd315dfc7d1,voice_mt,2022-12-03 10:08:26,2022-12-03 10:52:49,2663,,+13064203907,+18797922693,TWR-97396,WiFi_calling,,9.1536,rated,0,2022-12-02
9dcf5ce1-7572-4f42-89e7-88420ccec3f0,1db715e0-22ae-4680-b1c3-48ab279f4742,data_session,2022-10-13 20:27:45,2022-10-14 13:02:58,59713,5987.998,+12874984659,,TWR-65265,3G,,961.5517,rated,0,2022-10-13
ee39b5ec-29b4-4025-acb3-f503d8d6ef3c,9ec4fd17-3a19-4024-b052-0e1463a5c092,roaming_voice,2023-07-27 03:34:03,2023-07-27 05:26:38,6755,,+14215769672,+19376608473,TWR-43761,LTE,US,125.0693,rated,0,2023-07-27
49c8b5fd-1762-4aac-a5a8-34b89ac8d0ea,f3133f91-f960-4dd8-8da3-5adc5e8d2fbf,sms_mo,2022-06-18 16:34:19,2022-06-18 16:34:19,,,+17603040858,+15533390425,TWR-30895,4G,,0.0,rated,0,2022-06-18
60455ba7-8319-4163-82de-951a75d2ad93,3cb7aac6-8b3c-435e-8568-44b7b670d5f9,roaming_data,2024-10-15 16:16:44,2024-10-16 15:41:41,84297,7479.821,+16824677210,,TWR-40174,LTE,GB,1448.9482,rated,0,2024-10-09
5f234fe9-ac9c-4dcd-9743-22ff4267eb84,19d515b9-80df-4186-a522-101fcd0ce992,data_session,2024-03-17 13:28:16,2024-03-17 14:03:43,2127,1043.59,+13219532497,,TWR-62310,LTE,,67.4863,unrated,0,2024-03-17
630b770e-d087-4d56-a4fd-bfad218a077b,d6132570-4382-486f-9017-deea376728df,voice_mo,2023-01-29 20:23:08,2023-01-29 20:24:01,53,,+17592323772,+19899634231,TWR-62950,5G,,1.9294,rated,0,2023-01-29
de1f7c3b-8ffe-4bf4-af88-444f3d89fb4c,ceb781df-2b7e-4663-a691-942dd0f9e645,sms_mt,2023-01-09 10:46:26,2023-01-09 10:46:26,,,+13643133997,+17274768555,TWR-72092,5G,,0.0,rated,0,2023-01-09
c5379e49-0508-416b-9925-4a4d777c21b1,dc71fbf2-baf3-414d-bd90-e90272932d6b,voicemail,2022-03-08 23:00:57,2022-03-08 23:12:39,702,,+14463662107,+15205863355,TWR-24390,LTE,,20.3088,rated,0,2022-03-08
28acc049-69e6-40b3-baf0-96e41796aa22,7afe768d-bdec-46d6-b071-858da8ead0b9,roaming_data,2023-07-17 21:24:57,2023-07-18 19:35:49,79852,5189.677,+18023356206,,TWR-37713,4G,JP,1108.1786,rated,0,2023-07-17
c907e7b8-8773-443c-8e94-50498dfc5bc4,e756659a-8a22-4fbd-8fc5-d623570e3327,voice_mt,2023-08-19 02:25:27,2023-08-19 03:52:57,5250,,+13588504501,+19397752615,TWR-78603,5G,,213.2662,error,0,2023-08-19
c225c357-e89b-41b7-873f-fbf2fa5b77f3,c7d1d62a-f87e-459f-bc8e-84f9866dd266,sms_mo,2024-10-31 01:19:05,2024-10-31 01:19:05,,,+16890630824,+17170016268,TWR-19132,LTE,,0.0,rated,0,2024-10-31
55ffff86-5417-49f9-a872-144ceccbee16,6b42aa2a-aa65-429a-9649-7508d4190b26,roaming_data,2022-06-23 10:12:11,2022-06-23 17:26:39,26068,986.554,+14916531041,,TWR-62242,WiFi_calling,MX,382.0937,rated,0,2022-06-23
95ebb601-c233-4cc3-88b8-27fc35623990,50b2c97a-234e-4492-9d81-9c54ac6a1f67,data_session,2023-02-06 22:28:23,2023-02-07 14:41:27,58384,5142.751,+15984362192,,TWR-54408,5G,,1061.1807,unrated,0,2023-02-06
d3b56354-7079-456e-ae16-06037c808cf5,b8b111a9-c472-4df2-a5bd-b9c816f13a22,sms_mo,2024-01-16 15:44:43,2024-01-16 15:44:43,,,+16988985209,+13884089167,TWR-53214,WiFi_calling,,0.0,rated,0,2024-01-16
53992ea8-6acc-402c-9a41-03fa986e29e3,df3608fd-906d-4d77-b0bf-fc05ed43d9ce,voice_mt,2024-12-25 05:24:09,2024-12-25 05:42:32,1103,,+19042334363,+15019594489,TWR-95764,WiFi_calling,,24.0382,rated,0,2024-12-25
95ed7554-5770-41eb-affa-a66f360bbfe0,c39bd25f-98a7-4ec4-8a29-efa46e354c27,sms_mt,2022-10-24 17:44:11,2022-10-24 17:44:11,,,+12648100786,+15466789742,TWR-54151,5G,,0.0,rated,0,2022-10-24
81b4f0a1-4f64-431a-af8c-8096f2b8fe1c,78654647-1a43-4529-8e5c-3ec901daf293,sms_mo,2024-06-28 11:38:30,2024-06-28 11:38:30,,,+18168139231,+16533982968,TWR-27160,WiFi_calling,,0.0,rated,0,2024-06-28
93b67f76-9082-4bfc-a5ef-ad0b8158b571,2c96a091-40f3-49e1-adbe-707a086a8520,voice_mo,2022-06-09 05:27:26,2022-06-09 06:54:57,5251,,+12835369704,+16032397659,TWR-91089,5G_NSA,,32.4526,rated,0,2022-06-09
5184866a-f90d-4fbd-965c-5e963fdd54c2,bf5740b3-57f6-482a-bb88-5244dd8f434f,voicemail,2022-02-20 13:04:43,2022-02-20 13:25:32,1249,,+19099983404,+17046272544,TWR-63127,LTE,,38.0111,rated,0,2022-02-20
774c6112-aa94-4ec5-841b-356c652fec51,dc145764-ffa4-424e-9a52-cd6789fa2317,voice_mo,2023-01-18 08:07:00,2023-01-18 08:49:51,2571,,+19245156251,+18734321898,TWR-30895,5G,,66.9626,rated,0,2023-01-18
9aab3019-3a32-4e77-b34b-62c6121d1c50,f845fff1-822f-4470-ac21-dcba84f9f0c8,roaming_data,2024-03-14 06:10:39,2024-03-14 22:47:09,59790,3379.527,+14425774523,,TWR-54228,5G,JP,1418.042,rated,0,2024-03-14
81197ff2-3b33-4aaa-9596-8bcc9c1ae000,7df92b47-b749-474b-b32e-4ee2d985a151,voicemail,2024-11-25 13:09:26,2024-11-25 13:56:56,2850,,+13827512169,+16855127535,TWR-93894,WiFi_calling,,129.7656,rated,0,2024-11-25
f22f5f03-b91e-4d58-8eba-a49c63780156,bf981410-124d-44ac-a34e-a52a0fad394c,voicemail,2023-04-23 01:13:36,2023-04-23 02:56:22,6166,,+18260753212,+14441488524,TWR-33284,5G_NSA,,120.0562,rated,0,2023-04-23
cc5e2cd7-8288-4a02-b8d6-e70fbd09eaf7,79b35008-27c7-4038-92e9-1752890782a8,sms_mt,2024-09-04 00:33:32,2024-09-04 00:33:32,,,+15849450601,+16553143001,TWR-51825,5G_NSA,,0.0,rated,0,2024-09-04
f1d3aa52-89fc-4d7c-b91b-a8133cb8bcd1,05895fda-a33d-49bb-a4e3-6ba24a6adb45,voice_mo,2022-12-11 17:08:51,2022-12-11 17:43:07,2056,,+19060236997,+17300795413,TWR-43582,3G,,76.9957,rated,0,2022-12-04
6609ab39-2efd-47cc-ad02-a26e2999faed,d625d34d-c581-47bb-b145-3736a258512d,voicemail,2024-03-23 21:57:09,2024-03-23 22:46:09,2940,,+17884022566,+16618633348,TWR-55269,LTE,,130.0161,unrated,0,2024-03-23
d3c00f98-d059-45fa-8688-ba206a735ce2,78ced725-cc10-4c7f-8059-57c48cdec97c,sms_mo,2024-05-18 13:51:52,2024-05-18 13:51:52,,,+13341110784,+19222207729,TWR-86767,5G,,0.0,rated,0,2024-05-18
8d60d695-a78a-4dec-a73e-2604597cd0ea,0c2008b1-ed71-4cd6-97fb-5af27cfc1818,sms_mo,2024-05-05 00:02:25,2024-05-05 00:02:25,,,+14949653545,+16022422920,TWR-20502,5G,,0.0,rated,0,2024-05-05
9af7d09f-13c8-4bfa-b6b4-3d1d53bd5420,8dd9753b-f86a-44be-97b1-a8b6a985e67f,sms_mo,2024-05-21 18:40:06,2024-05-21 18:40:06,,,+15791135818,+14331054391,TWR-21348,5G,,0.0,rated,0,2024-05-21
496f8b0a-5e7a-480c-99b2-a2b55442b547,7ab3861e-f2ca-4f3e-844d-9aaf2208ae00,roaming_voice,2023-08-09 15:49:29,2023-08-09 16:23:29,2040,,+15658568223,+18893081048,TWR-89365,5G_NSA,MX,3.7076,rated,0,2023-08-09
ddad6b00-55ea-422d-ac70-cc702aea7d14,230a1dcd-2721-4097-aab5-c313913882c8,data_session,2024-04-05 07:14:56,2024-04-06 06:41:20,84384,5224.089,+16529903552,,TWR-38652,3G,,213.9834,rated,0,2024-04-05
9517e50c-7a50-464f-b840-732629008cbb,f1efcb89-a9a2-4fdc-857e-2533f8b0c2cd,roaming_voice,2023-10-03 03:05:41,2023-10-03 04:47:33,6112,,+16239172615,+12117192839,TWR-26561,5G,IN,281.8574,rated,0,2023-10-03
4f3f54a7-279d-496b-9bc8-7e5385a1a5a1,bd26db34-69c7-49e6-89ed-5eff6d59620b,roaming_voice,2024-06-14 00:02:43,2024-06-14 00:31:22,1719,,+14288452602,+14459999396,TWR-37864,4G,MX,74.6715,rated,0,2024-06-14
27121f79-760b-42be-b38f-fb287ce5130c,5c573de5-9197-4873-a474-a974cd06f8b0,roaming_voice,2022-10-02 23:37:28,2022-10-03 00:07:20,1792,,+14901602467,+19743282604,TWR-32437,WiFi_calling,DE,74.0065,unrated,0,2022-10-02
6fc1ed31-8d29-4fe2-9157-7e29b72fcb11,f860f490-b1f0-4ab9-9d9f-a8e5fb104c87,roaming_voice,2024-05-10 00:45:22,2024-05-10 00:45:38,16,,+18222965960,+14693849140,TWR-79299,WiFi_calling,BR,0.0262,rated,0,2024-05-10
afc2c31c-fe5a-4a95-8b25-c1124d7c1ebb,838b9d10-1d67-4737-bbb4-d5106a697892,voice_mo,2024-06-15 03:15:08,2024-06-15 03:49:06,2038,,+13046773072,+19525323338,TWR-11461,WiFi_calling,,97.0435,rated,0,2024-06-15
d2097622-f5d4-4f86-a6a5-8912f92f742d,dd7b1877-b9a6-412b-be0e-91487c7df7c1,voice_mt,2022-01-19 20:54:19,2022-01-19 22:45:49,6690,,+16711221933,+13890208244,TWR-80599,LTE,,187.1032,rated,0,2022-01-19
c7eddf8d-b806-4875-8860-ca9574865119,e69961cc-f815-401d-a554-87aff3f50c29,sms_mt,2024-07-05 21:22:20,2024-07-05 21:22:20,,,+18602072284,+12075501888,TWR-90375,5G_NSA,,0.0,rated,0,2024-07-05
ba210799-229a-40c9-8ee7-9945d0039b5c,729e8f1d-b6b6-4e2e-b838-0222bfe908a9,sms_mo,2023-06-10 09:02:28,2023-06-10 09:02:28,,,+14597460409,+16793569308,TWR-59946,5G,,0.0,rated,0,2023-06-10
8a4b3ff6-7bb6-4675-804d-84cc7bf47809,607990e9-70ca-4689-9c92-fa5347ba704b,voicemail,2024-10-04 13:16:12,2024-10-04 14:09:56,3224,,+19435361750,+18661009671,TWR-43582,3G,,146.2638,rated,0,2024-10-04
21e95399-c441-4247-9b0d-e4ac65301925,a4ba2881-eb3e-4cd2-975c-56ecf2f4d6ae,voice_mo,2023-09-05 15:56:39,2023-09-05 17:27:41,5462,,+12393642002,+16468256510,TWR-57517,5G_NSA,,184.9476,unrated,0,2023-09-05
95a08af8-be0e-4294-a3b4-a454196d07e9,bf5740b3-57f6-482a-bb88-5244dd8f434f,voice_mo,2022-03-18 12:39:40,2022-03-18 13:30:48,3068,,+16611965743,+19964389180,TWR-90085,LTE,,,rated,0,2022-03-18
afd87f02-1855-4902-bf45-114cd1bb3d28,9d1dcf36-7c77-455f-94f9-8d5fd9c20f07,voicemail,2022-04-25 11:31:03,2022-04-25 12:44:53,4430,,+15570683344,+17946514434,TWR-89203,4G,,203.5496,rated,0,2022-04-25
415b3084-bfc5-4a62-a530-80d209bcf08f,68f5562d-30df-4fda-b85b-2d13b0d0b1b2,roaming_voice,2023-04-19 17:18:45,2023-04-19 18:33:05,4460,,+19048530040,+12676496540,TWR-11461,3G,JP,61.4414,rated,0,2023-04-19
b35d4f4c-1e48-4e73-9870-4975af2576c4,c0bfe1a2-3d90-44f3-a911-40c697b95fc4,data_session,2022-08-26 00:50:19,2022-08-26 11:37:07,38808,7431.412,+13328210802,,TWR-80599,5G_NSA,,1422.4249,rated,0,2022-08-26
a66a9d6e-3d60-42ad-b5fd-e84007f69336,7df92b47-b749-474b-b32e-4ee2d985a151,sms_mt,2023-01-06 01:17:25,2023-01-06 01:17:25,,,+13147997589,+17514308781,TWR-43763,5G,,0.0,unrated,0,2023-01-06
0be13df3-90ee-43bb-85b7-38acf4fa7685,ccd65012-5d75-41ed-b105-61b68708ccd2,voice_mo,2023-06-23 04:54:16,2023-06-23 04:56:47,151,,+12906952256,+17168074113,TWR-38353,5G,,4.1258,rated,0,2023-06-23
9e863a3c-7113-421c-be3e-54e9ba3fc76b,ec295a6c-fb0f-499b-9db5-4138e4836fca,roaming_voice,2024-12-23 08:54:21,2024-12-23 10:08:46,4465,,+13200627893,+15319672983,TWR-19132,4G,BR,88.8105,rated,0,2024-12-23
abca9bc6-b163-453c-9b06-1fd26fd30302,62c33d18-6328-442b-b74d-4d63c294e099,voice_mt,2022-02-07 01:58:59,2022-02-07 02:29:18,1819,,+12663108029,+12274487631,TWR-42918,5G,,17.4954,rated,0,2022-02-07
e4459450-fa03-4978-a6b8-9bf5d631d304,b59bcf44-f44e-4be5-999c-6a28c77fe522,roaming_voice,2023-10-29 14:01:16,2023-10-29 15:59:12,7076,,+18675426099,+14472047937,TWR-33071,3G,BR,327.0378,rated,0,2023-10-29
cb2844d7-5cb2-44da-a1c2-1dd999b5e85b,891e05e6-bc49-4ce9-a35c-a6c32f4cb0bd,sms_mo,2023-11-03 22:33:34,2023-11-03 22:33:34,,,+16966099920,+17301070679,TWR-54151,WiFi_calling,,0.0,rated,0,2023-11-03
7d8287de-c5e6-4fe8-b351-998dc0df9232,8dcc5c02-84b6-4806-a87f-bc065c794a20,voice_mo,2023-07-25 08:32:51,2023-07-25 09:22:24,2973,,+14801171042,+17875206153,TWR-89696,4G,,114.2329,rated,0,2023-07-25
48e8caa5-81c2-4501-95c1-110cc877f484,4434a984-034c-49c1-9043-86052ddc8cc3,roaming_voice,2023-12-05 05:03:12,2023-12-05 06:00:10,3418,,+12470288039,+13709300361,TWR-88042,WiFi_calling,CA,164.8076,rated,0,2023-12-05
434bcf06-7005-4481-8575-ed65539ca90f,256cb4c1-4a2c-4794-b7af-0cdfeb8bcae3,roaming_voice,2023-09-13 00:13:49,2023-09-13 02:00:00,6371,,+16509429892,+15768782220,TWR-16249,5G,,200.122,partial,0,2023-09-13
770234a7-9c2f-4c3c-a1a8-9ef845fc77d0,45e9f732-d66c-41a9-9e5e-016259bd9683,voice_mt,2022-03-28 01:35:45,2022-03-28 01:49:37,832,,+14140715727,+12276117600,TWR-57517,4G,,4.4927,rated,0,2022-03-28
a6263723-d686-4473-a98a-acf91d62c860,0220cd0b-4604-4233-8206-d3b2561510ff,roaming_data,2024-07-27 03:10:19,2024-07-27 10:51:14,27655,1589.622,+15756550526,,TWR-97396,5G,BR,488.1414,rated,0,2024-07-27
5e1feb22-36d9-4a07-b850-c4fa1062103b,742058ca-b823-4ace-92c5-3e580bd5eda5,voice_mo,2023-08-31 04:44:09,2023-08-31 06:21:59,5870,,+16346928145,+14151861298,TWR-17261,5G,,234.1989,rated,0,2023-08-31
29ce6ba1-cb31-469e-8cdd-d7e4b32c87ff,da212561-e6c5-4ed8-931b-2b24fdde4b8c,data_session,2023-07-13 19:29:29,2023-07-14 05:57:52,37703,5439.679,+14916808608,,TWR-98898,5G_NSA,,1587.5505,rated,0,2023-07-13
b6f2661c-1039-4ee0-a3a8-1dde6f3d9716,89664e5b-4c0f-4ef7-a566-0b4d0db1fb1f,voice_mt,2024-08-31 09:59:56,2024-08-31 11:04:25,3869,,+17031174756,+12047234735,TWR-75422,4G,,173.6843,rated,0,2024-08-31
abb16f16-1b0e-41e1-8f30-eae9418753c5,7f950b19-c2a2-4e24-8a2f-740120a39f15,data_session,2024-09-08 14:58:25,2024-09-08 17:48:00,10175,7881.808,+13314624077,,TWR-90375,4G,,111.013,rated,0,2024-09-08
0fabb0a0-2cff-4e70-a1c4-3ba4faf5594c,490b6213-e365-47e1-8872-995a3b0044c6,voice_mt,2023-08-24 12:04:56,2023-08-24 13:07:14,3738,,+18971850484,+18866080571,TWR-28731,WiFi_calling,,175.4048,rated,0,2023-08-24
db174e16-f682-4e65-bfaa-536c78bf953f,faacebfc-3771-435d-bd00-28037d3215ba,voice_mo,2022-12-17 07:44:47,2022-12-17 08:49:57,3910,,+13261049025,+14643637505,TWR-26682,5G,,123.289,rated,0,2022-12-17
d0729fc3-4de8-4c4a-835d-bbfb23b23fe3,39ad47c8-8b41-406d-8d44-92218d1fe14a,roaming_data,2024-09-01 03:08:00,2024-09-01 11:47:23,31163,3235.853,+12193797908,,TWR-98381,5G_NSA,MX,44.956,error,0,2024-09-01
68f602c7-189b-449e-9b24-9358d8289fb7,fdf879a5-2e4f-43f8-a329-809ce0df7bc2,voice_mt,2023-12-26 00:23:16,2023-12-26 01:28:49,3933,,+12917748699,+14267104709,TWR-60209,4G,,40.2439,rated,0,2023-12-26
effdfdb0-4a7d-4035-a0f5-6ebe4395117b,88abdda1-2a43-43b0-bd3e-a3daf0ad41c9,roaming_data,2022-07-27 15:27:24,2022-07-28 04:31:58,47074,4420.92,+14406561829,,TWR-65265,5G,CA,468.7394,unrated,0,2022-07-27
56b336bc-b16a-4a1d-a4c9-33aa518dbba5,f8fa6cc9-84b1-4cee-adc0-ffa256028a1b,sms_mt,2022-10-19 22:38:23,2022-10-19 22:38:23,,,+19923928286,+12056406201,TWR-54228,LTE,,0.0,unrated,0,2022-10-19
00749165-24b7-4b3f-9511-b96712722de4,c1813434-0521-4acd-91d6-0ac6cbae21b8,roaming_voice,2022-04-10 07:34:24,2022-04-10 09:03:46,5362,,+17563023891,+12349071368,TWR-99759,5G,DE,32.5787,unrated,0,2022-04-10
e4ce76e3-c6d0-4162-afd7-6f708e87170e,5cc5d358-0b28-4434-bd40-4d32438b81a7,roaming_data,2024-12-01 13:42:36,2024-12-02 10:36:08,75212,4066.816,+12543104588,,TWR-29718,5G,GB,2330.7738,rated,0,2024-12-01
738a6fe5-d0c0-4da0-9103-3cf50f754333,8ceadff9-480a-423b-8470-3eec10632f5c,voicemail,2022-10-26 20:40:04,2022-10-26 22:09:15,5351,,+12682752689,+15593833727,TWR-15590,5G,,77.4585,rated,0,2022-10-26
5ea5f613-6374-4764-b918-6e19d2db7549,1e8d0bee-b8ad-4ed8-8a85-b5263d21f2f3,voicemail,2023-05-09 09:08:35,2023-05-09 09:54:29,2754,,+19112317270,+14512193749,TWR-56568,5G_NSA,,87.2227,rated,0,2023-05-09
962eb227-6bc6-416c-8f08-c9feca0622e7,32725e1b-16ba-4cbc-b868-96a6e950136e,voicemail,2023-05-18 20:29:34,2023-05-18 21:09:35,2401,,+16511677908,+12154189287,TWR-32499,LTE,,52.2485,rated,0,2023-05-18
399ecdf2-e1d2-4484-beb2-e5fff4b5d61b,99de9869-fed1-41e5-8949-2ef973fa731c,sms_mt,2022-02-22 07:17:36,2022-02-22 07:17:36,,,+13688985147,+12382518189,TWR-38353,WiFi_calling,,0.0,rated,0,2022-02-22
952eed24-01aa-4580-8c09-70be1aba5d26,f57cd1de-0fd3-48ab-a518-036334e9b300,sms_mo,2024-07-16 11:21:47,2024-07-16 11:21:47,,,+19499823500,+14505788410,TWR-89203,4G,,0.0,rated,0,2024-07-16
e96ede9d-bff7-4e0f-bb81-991d3522a5cf,f860f490-b1f0-4ab9-9d9f-a8e5fb104c87,roaming_voice,2022-03-23 16:31:59,2022-03-23 18:19:12,6433,,+13499982996,+17113975977,TWR-89365,5G_NSA,US,90.871,rated,0,2022-03-23
fc095bd9-1907-480c-83bc-57a32011c7aa,4989c494-39a9-480b-8491-12f4716cd1a6,roaming_voice,2024-06-19 23:47:03,2024-06-20 01:18:57,5514,,+18387976263,+12106743857,TWR-72092,5G,BR,172.3586,rated,0,2024-06-19
33ee7134-b802-490d-b842-eb2dfbdd2c29,1ef2d552-59e8-44f2-8b37-c185b46255a3,data_session,2022-12-06 06:16:05,2022-12-06 12:25:49,22184,2019.665,+17300909603,,TWR-89696,5G_NSA,,836.1422,rated,0,2022-12-06
839a1e3d-cd85-4692-b42c-adfa6dde1ffa,e9c07020-0d43-4bdf-acb7-c6372aaaa54a,sms_mo,2023-01-02 18:29:00,2023-01-02 18:29:00,,,+18147870451,+19263698054,TWR-38652,LTE,,0.0,rated,0,2023-01-02
b923d541-5acc-438a-acac-866e41264660,ffb47faa-2b1d-4202-823b-fa9e2556cbcf,voicemail,2022-10-21 15:56:06,2022-10-21 16:07:44,698,,+19029055429,+17044082475,TWR-63652,5G,,20.2582,unrated,0,2022-10-21
1a0aeefe-6692-481b-8abe-5a00ab10d82f,1c83e0e7-848e-4657-9450-b6c22cb30dde,voicemail,2024-08-02 14:35:46,2024-08-02 14:41:14,328,,+19226328475,+15711770940,TWR-21274,LTE,,4.8877,rated,0,2024-07-27
0f949fdb-6f33-49ed-a22b-e0dc4b9adfcb,36299058-2f29-4dab-82a2-cc0366e5686b,roaming_data,2023-03-06 05:19:28,2023-03-06 22:46:26,62818,7357.469,+19994092511,,TWR-97164,WiFi_calling,FR,1153.7719,rated,0,2023-03-06
356e43c7-168c-43c6-b5c1-4c0e6735b19d,d9e4aa0c-8627-4d63-9aaa-17b86bbf9794,voice_mt,2023-10-24 16:06:30,2023-10-24 17:31:34,5104,,+15180250033,+13210348873,TWR-98909,LTE,,157.8417,rated,0,2023-10-24
40dba242-eec3-49ca-a741-8a7bacd8cebc,efd9db89-8b90-4969-8c57-e7bf2234447d,roaming_data,2024-11-16 23:24:23,2024-11-17 05:56:16,23513,3245.999,+12995321960,,TWR-50818,LTE,US,1170.5692,rated,0,2024-11-16
1ba3d91e-e077-42f4-9e85-9ef737bf1b04,2574bcae-c296-4978-b9aa-42b16f0cbd64,voicemail,2023-02-18 04:38:34,2023-02-18 05:37:41,3547,,+18751195821,+13925071551,TWR-88042,LTE,,68.4993,unrated,0,2023-02-18
ecdf1dfe-776e-4358-9867-732bda6de472,2f60e597-fcd0-4462-b474-4706fb30d35d,voicemail,2023-12-12 14:17:38,2023-12-12 15:30:46,4388,,+17285696841,+13669656991,TWR-64922,5G_NSA,,101.7174,rated,0,2023-12-12
e3510c50-ae32-4202-a397-ea1e710551b3,260c4194-6703-4394-8f76-19eeef20d44a,data_session,2024-11-09 00:27:34,2024-11-09 15:11:29,53035,6542.865,+19541440649,,TWR-14857,5G,,2026.3573,rated,0,2024-11-09
8a67d918-1b92-4898-b735-b776e25fa2fa,b545acb3-304d-48d0-b3d5-52f1167e03eb,voicemail,2023-07-15 02:03:14,2023-07-15 02:44:51,2497,,+13314384107,+18731131004,TWR-22145,5G_NSA,,86.6503,rated,0,2023-07-15
6b3d61b7-0f9a-4ce6-9a21-a6c2e7d939cc,8066ceb1-c798-4d00-89a9-2c183bc9eb1b,voice_mt,2024-01-22 08:14:10,2024-01-22 08:48:49,2079,,+17898744701,+14164744013,TWR-42731,5G_NSA,,82.658,rated,0,2024-01-22
915e96a7-74e0-4948-b782-00129f451485,a150a9b2-e2a8-483e-9a83-caf87dd242ff,sms_mo,2024-12-24 13:26:13,2024-12-24 13:26:13,,,+12666216087,+17418305765,TWR-65265,5G,,0.0,rated,0,2024-12-24
4807e118-7fb9-472e-b787-740d43aef1d4,1f878f33-d62a-459d-8bb1-be28dea7d0e5,voice_mo,2024-11-25 15:21:13,2024-11-25 16:11:57,3044,,+14501144019,+18157914399,TWR-87123,3G,,76.3813,rated,0,2024-11-25
86dea513-42b4-48f6-a562-ff27d2c75dd2,fe930972-b468-43c1-a74b-f8afa6fa9a37,sms_mt,2023-06-04 19:25:37,2023-06-04 19:25:37,,,+18621922568,+13761083688,TWR-16726,LTE,,0.0,unrated,0,2023-06-04
16f905be-5f0a-4f5e-bdac-31f31d4073d6,05d0c6b7-c6d7-4e76-966c-d1e3fa11408b,roaming_data,2024-10-15 14:51:11,2024-10-16 05:06:26,51315,4401.371,+15797811969,,TWR-63516,LTE,IN,937.5601,rated,0,2024-10-15
ee39cafd-02d0-4112-85f3-e9d60ed37093,7e6e12a7-0a9c-4403-9a18-90def9de5680,voicemail,2023-11-09 13:52:10,2023-11-09 14:36:03,2633,,+15190386057,+13513267201,TWR-48718,WiFi_calling,,106.1439,rated,0,2023-11-09
e38fa561-e086-4543-b067-a8344771137c,1c83e0e7-848e-4657-9450-b6c22cb30dde,data_session,2024-05-14 01:23:25,2024-05-14 16:58:00,56075,4612.912,+13275397869,,TWR-51825,5G,,1746.7985,rated,1,2024-05-14
240516b0-c3be-4b8e-9efb-b8741aa7fcc5,07eab521-cf8d-4d67-8cc7-068ad3a704bc,roaming_data,2023-05-07 08:31:25,2023-05-07 18:59:18,37673,4220.86,+17969635958,,TWR-22646,LTE,JP,291.1479,rated,0,2023-05-07
f2f113e1-f39e-409a-9053-7d37e83febeb,715137aa-9d83-4b99-aa86-c83552e45629,roaming_data,2023-02-25 23:54:01,2023-02-26 08:35:07,31266,7577.509,+13021269844,,TWR-31077,LTE,US,976.772,rated,0,2023-02-25
bd045ce7-aec2-4eae-a603-93c036b80419,bd434bf2-89ae-43e8-b172-58acfa17bd53,voice_mo,2022-12-22 23:38:13,2022-12-23 00:43:09,3896,,+19475115453,+18075655520,TWR-26301,4G,,168.1154,rated,0,2022-12-22
aa02d7f8-fcda-4e1b-be81-1fc2ca1a47a2,ce1d428f-5988-4b0f-ab5a-f2146d916ae5,sms_mo,2022-09-12 13:24:55,2022-09-12 13:24:55,,,+14711983580,+13843602305,TWR-25363,LTE,,0.0,unrated,0,2022-09-12
b12ba2cb-0a7b-4b1a-b6e0-43dbfd1a66c1,05895fda-a33d-49bb-a4e3-6ba24a6adb45,roaming_voice,2022-03-10 16:02:11,2022-03-10 17:58:46,6995,,+12204967737,+18332219610,TWR-95637,5G_NSA,CA,276.9995,rated,0,2022-03-10
f2341dea-9d68-40f6-b27a-794a6bb7865e,a5c95306-4dad-4c62-a2a7-db746633d10e,sms_mo,2022-06-16 03:10:14,2022-06-16 03:10:14,,,+13545421295,+16713779273,TWR-39628,3G,,0.0,rated,0,2022-06-16
ac964879-5f7a-41a2-8b74-ff6b7ee7657f,96660874-541d-4eee-be37-cf810e6fffd4,sms_mt,2023-12-21 23:02:18,2023-12-21 23:02:18,,,+15047680878,+15668117351,TWR-28830,5G,,0.0,rated,0,2023-12-21
8c5df1eb-e5c7-4013-b3bc-6ea597c0bc9f,631f012d-c53e-48c9-bf1f-2f67aa6f6012,sms_mo,2023-07-10 19:57:49,2023-07-10 19:57:49,,,+12909570046,+13534729000,TWR-95764,5G,,0.0,rated,0,2023-07-10
e10050ae-ed2d-423a-a0b6-45c4669d118e,b1926102-63c6-465b-badb-c29742b311d0,roaming_data,2022-06-21 17:01:53,2022-06-22 16:27:37,84344,1752.313,+14103050284,,TWR-96581,3G,CA,2146.7903,rated,0,2022-06-21
29c75694-2a29-4a51-9187-1c2dcc14c772,1a1eec0c-0322-4364-b74b-d8c2adcdc051,voice_mo,2023-12-12 03:04:31,2023-12-12 04:05:18,3647,,+12674484805,+16122562571,TWR-50818,5G,,162.8226,rated,0,2023-12-12
79fede4f-1cc8-4d0f-ae5a-f5f3fca5960d,6ce7690d-d366-4428-8aea-870c3cda9556,voice_mt,2022-01-28 23:48:59,2022-01-29 01:17:20,5301,,+12702778861,+16600428577,TWR-26682,WiFi_calling,,140.4176,rated,0,2022-01-28
30e9ba70-dd10-4fd3-8257-7526d89f00ba,5c4c82ae-b94e-413f-8f03-40ef47ad4dd0,roaming_data,2023-05-12 10:58:36,2023-05-12 15:11:23,15167,5018.2,+18749038606,,TWR-27160,3G,JP,317.1509,rated,0,2023-05-12
b5fa4aa0-c76b-4b13-ba88-bf1816b9f453,03fcdb1a-6069-4330-96e2-7131f8f5c9af,voicemail,2024-10-28 00:12:24,2024-10-28 01:16:25,3841,,+17198465496,+18795453174,TWR-19132,LTE,,78.8555,rated,0,2024-10-28
1f4b3e80-6da4-4330-bbe4-595b493f311f,9cb6f557-fc1d-41e3-9155-d0397decd462,voicemail,2023-05-07 01:47:55,2023-05-07 02:02:28,873,,+17904686879,+14802960791,TWR-67896,LTE,,22.4797,rated,0,2023-05-07
c6e2ac35-7bd7-48fd-8294-ff95a990f524,e42996bf-1dbb-406c-a050-1ec4cc80f0ae,voice_mt,2023-09-04 05:14:52,2023-09-04 05:55:39,2447,,+15746978831,+13933719373,TWR-38288,WiFi_calling,,32.9374,rated,0,2023-09-04
9c1403f9-f5d2-42e0-b99a-061c1a3b8566,c0998418-e4ba-4e21-929b-2a8b68c546db,roaming_data,2023-01-29 19:07:11,2023-01-29 21:43:24,9373,4385.149,+19502382346,,TWR-98785,3G,,439.9929,rated,0,2023-01-29
02d91871-7906-44d0-9a95-26c4d744395c,93b92889-3577-4bf6-93e2-927b57a6a4ab,roaming_data,2022-06-13 09:21:49,2022-06-14 09:20:15,86306,3591.817,+19702870906,,TWR-50607,4G,US,4238.0373,rated,0,2022-06-03
b485d6ba-fd08-49b3-85b8-2c1f0dcb4935,be4c4bb1-caa1-4b4c-ba30-70dd332bc689,roaming_data,2022-08-22 14:22:57,2022-08-22 16:34:43,7906,2529.051,+13285460925,,TWR-65265,3G,GB,352.1526,rated,0,2022-08-22
53c0aebc-aa32-40a0-bbe4-b5aa30d5c249,d6444829-712d-44db-93a1-abe2269e87e1,voice_mo,2024-12-10 21:51:54,2024-12-10 23:16:04,5050,,+16734087215,+14846658330,TWR-27801,5G,,165.0286,rated,0,2024-12-10
b5863824-3acc-464d-bb57-ca307a0b3046,0a33d8a8-8119-43ec-9257-4410e048df2a,voice_mt,2022-08-31 05:46:41,2022-08-31 06:59:49,4388,,+19265047134,+17341135375,TWR-83526,5G_NSA,,83.6341,rated,0,2022-08-31
03baec06-f002-41cc-93f4-2f6c899f19df,e05f5ac3-eb25-468f-95ea-7d1adffe0252,data_session,2024-10-15 13:32:57,2024-10-16 08:54:31,69694,535.856,+16544028685,,TWR-10998,4G,,1519.8187,rated,0,2024-10-15
0fbe529e-f611-4bbb-9e30-e4b4494169a0,d2f82f4a-c0e7-4d45-be95-cf4908e1b0c9,sms_mt,2022-04-01 21:17:07,2022-04-01 21:17:07,,,+17616413975,+12817669892,TWR-22145,5G,,0.0,rated,0,2022-04-01
0a88d3ae-27fc-47b9-896b-b9f51a68dd83,69e10691-3d1c-45e5-a58c-4ec9525181cc,data_session,2024-02-28 19:44:01,2024-02-28 23:18:20,12859,7928.357,+19732907105,,TWR-16249,5G,,140.462,rated,0,2024-02-28
e20869b3-2c37-4782-bd9d-28c3acb626da,e02a72b9-efa8-4a23-aef7-ebf12ec143cc,data_session,2022-11-14 16:47:01,2022-11-15 00:10:52,26631,6161.463,+16596069216,,TWR-21348,WiFi_calling,,100.6611,rated,0,2022-11-14
c55e89bb-04f9-44ce-b0e4-a7ba671996be,d1951395-6f2c-4d66-ba1f-7bcd93fafb26,voice_mt,2023-12-12 02:19:01,2023-12-12 03:31:12,4331,,+14860645404,+18584599208,TWR-27464,3G,,111.8533,rated,0,2023-12-12
40e3b9a6-f25d-4d12-b917-c5344edd1cf7,fdb6e041-beb0-432d-a41b-59c9e5f8d03e,sms_mo,2022-09-17 19:28:51,2022-09-17 19:28:51,,,+17218489026,+15046380481,TWR-62961,4G,,0.0,rated,0,2022-09-17
8da66d02-695f-47d6-8284-48ce1b19e367,15b4327e-effd-4bc0-acd8-7103bce0d51c,data_session,2024-08-23 12:09:49,2024-08-23 23:20:19,40230,734.479,+14329812138,,TWR-31077,3G,,446.7891,rated,0,2024-08-23
b33b6cb7-b71b-4a35-bc4c-213bbfdb26d8,47e84fdb-6d0d-433c-a290-9742b45554b9,voice_mt,2024-02-03 03:29:56,2024-02-03 03:43:57,841,,+15114087800,+18671039698,TWR-47000,5G,,32.6393,rated,0,2024-02-03
9c5149f5-7a13-414f-9489-8c08dd4ad9e9,669e3ee0-3a38-4a0f-b100-7c9a92320758,sms_mo,2024-03-05 19:22:32,2024-03-05 19:22:32,,,+17786563305,+19512554445,TWR-80040,WiFi_calling,,0.0,rated,0,2024-03-05
88fa67fc-9b52-4ac8-ba69-207fae9b540b,3621d365-7b9b-4a2e-b753-c847a9f91724,voice_mo,2022-12-09 14:30:13,2022-12-09 16:23:42,6809,,+14600853022,+18549877738,TWR-70647,WiFi_calling,,192.3421,rated,0,2022-12-09
405616ef-55a1-43dd-a332-384495487cd8,78ced725-cc10-4c7f-8059-57c48cdec97c,sms_mt,2024-08-14 12:25:32,2024-08-14 12:25:32,,,+13534602999,+14994147696,TWR-45310,5G,,0.0,rated,0,2024-08-14
eb3020ff-7448-4042-8fb8-de41c5a839a7,c9f27532-a057-47e8-89da-69d82e4eb4cb,data_session,2024-11-06 11:57:43,2024-11-06 21:00:45,32582,3257.237,+17649919028,,TWR-60585,3G,,448.5447,rated,0,2024-11-06
6a5efa91-69cd-4265-bfb1-e0d3b8076cab,ebfa08da-5852-45f9-90a5-52886591350c,roaming_data,2022-07-04 15:20:16,2022-07-05 07:24:44,57868,5252.606,+13323997844,,TWR-64619,WiFi_calling,FR,75.3554,rated,0,2022-07-04
4ed907d3-60a4-4726-83b8-eff13600a5a6,50afb37c-dbf5-4ad2-8b1a-13ac11d83937,voice_mo,2022-12-15 00:17:26,2022-12-15 00:54:25,2219,,+17927228073,+19142337973,TWR-74130,5G,,90.2856,rated,0,2022-12-15
f5537fc8-992c-4a1f-95da-bca2787aba85,5ad30aa5-ad7c-48e7-a7cf-bb2413ebd516,voice_mo,2024-07-18 01:58:59,2024-07-18 03:13:08,4449,,+14271172973,+15139083841,TWR-14927,LTE,,130.9544,rated,0,2024-07-18
3e8a8d18-af52-4b9a-8e3e-a0397c999567,2ec623e4-f096-4495-9f61-924f5c4be5b4,roaming_data,2024-12-12 05:42:15,2024-12-13 03:34:52,78757,6162.377,+14306420832,,TWR-87123,5G,IN,3103.225,rated,0,2024-12-12
5b74c496-085d-42ce-88cf-c3b6244b12f7,9d77977e-c688-4fae-953b-74d065e32782,voice_mo,2023-10-22 08:36:49,2023-10-22 10:30:12,6803,,+19958846314,+19533381954,TWR-28830,5G,,280.9597,rated,0,2023-10-22
7c2b018c-07ad-4697-8bc2-9558c79db089,80e68ce1-fcea-4a54-94fc-f33380a01fca,sms_mo,2022-08-27 07:08:35,2022-08-27 07:08:35,,,+12892855119,+15155887445,TWR-26301,4G,,0.0,rated,0,2022-08-27
b7ae6ddb-c16d-4b08-ad7b-fc8a6e80df1c,6ded30c5-cd68-4cbe-8996-74490ea017a3,roaming_data,2024-09-24 19:45:19,2024-09-25 02:13:17,23278,809.087,+14451216304,,TWR-95637,5G,BR,907.1059,rated,0,2024-09-24
0a1fad04-5384-4f13-a55d-d9d34af9c46e,0ed83dc5-1471-4374-bd32-f520668bfea6,roaming_data,2024-03-08 08:14:05,2024-03-08 21:45:00,48655,973.329,+12790297150,,TWR-17261,4G,JP,900.8173,rated,0,2024-03-08
cc18a9fe-fc5c-4039-9697-187c1b3e681b,854ab61a-3a55-431f-91de-af1215a62ab1,sms_mo,2024-09-19 02:35:35,2024-09-19 02:35:35,,,+16219080615,+19455570243,TWR-50718,3G,,0.0,partial,0,2024-09-19
99bb5177-97fb-4c42-9171-d39b3165e94b,cc0a86b1-b0dd-49b3-859c-65da2a773413,voice_mt,2022-02-06 06:24:54,2022-02-06 07:47:16,4942,,+12463221570,+19113619194,TWR-88569,WiFi_calling,,37.2186,unrated,0,2022-02-06
57687257-bbb6-4b60-8ead-4dcaa9078309,118ef06b-7aaf-4ab2-9406-e4f659d1ef0d,sms_mo,2023-11-13 12:20:11,2023-11-13 12:20:11,,,+18828467730,+17644905507,TWR-19132,5G_NSA,,0.0,rated,0,2023-11-13
31e326f9-2cea-45e3-b099-e15e6241dc8b,f43be645-8d64-4470-9119-f47635d31b07,roaming_voice,2022-03-07 08:30:31,2022-03-07 09:36:27,3956,,+14591348090,+19576542697,TWR-68192,4G,US,166.7478,partial,0,2022-03-07
f8bc119b-d69a-420d-881d-69d5e9c2d828,a33a1083-b4a5-4da4-a527-a39ac80cf5b1,voicemail,2024-09-24 05:17:46,2024-09-24 06:49:54,5528,,+19726082473,+16328319482,TWR-19132,WiFi_calling,,143.747,partial,0,2024-09-24
624d4628-85e3-4457-87a8-be98313b9271,08a7bd99-5d35-4b3e-9d25-8e6b7679d680,sms_mo,2023-06-13 07:14:39,2023-06-13 07:14:39,,,+18058057152,+14385197590,TWR-32499,3G,,0.0,rated,0,2023-06-13
5b187e82-dbef-4074-b80b-ba4d7a9ccfb2,411192ec-285a-42df-a220-3cd315dfc7d1,roaming_data,2024-05-15 01:53:42,2024-05-15 13:03:34,40192,1497.654,+19540342307,,TWR-60273,LTE,DE,578.1135,rated,0,2024-05-15
b9f7aa48-3ea7-41ee-80d8-4a4fa5fbe99f,5e522efc-e649-4550-a73a-9f8c37baad89,sms_mt,2022-11-21 18:32:40,2022-11-21 18:32:40,,,+15659007796,+19900450145,TWR-51825,5G,,0.0,rated,0,2022-11-21
1a23a2f2-d6d5-4466-9aa5-bdc8d650034a,de3d6236-3db8-46d8-8e4f-17ab164d540e,sms_mo,2023-04-13 16:04:06,2023-04-13 16:04:06,,,+14974017274,+19516496370,TWR-54139,WiFi_calling,,0.0,rated,0,2023-04-13
1d549999-2461-4e6d-9990-f569816a62f3,6316eedb-5e9a-47f6-a438-023012fdf39d,voicemail,2024-05-30 20:35:59,2024-05-30 22:34:40,7121,,+18829550122,+18460023107,TWR-62351,WiFi_calling,,104.5488,rated,0,2024-05-30
c0cf0207-bde2-4812-b931-687b628dd6ae,62ac2672-9c7e-447f-a8c5-df7e64ba458e,voice_mt,2024-01-14 12:34:52,2024-01-14 12:36:39,107,,+13566789778,+17387862555,TWR-92839,LTE,,4.8618,unrated,0,2024-01-14
f7847b4b-ce8e-4ef8-be09-dcd701106179,5420a367-7c36-422b-b310-1690520a295e,voicemail,2023-03-21 06:08:25,2023-03-21 07:29:21,4856,,+15231604694,+18077827870,TWR-98898,5G_NSA,,195.27,rated,0,2023-03-21
875ee870-1f38-4fde-a7a8-df9cf7faeaf8,751f3cc9-1634-41f6-949e-f0e67d0d195e,data_session,2024-03-13 11:52:45,2024-03-13 16:02:17,14972,627.25,+17967944204,,TWR-54139,5G_NSA,,550.7808,rated,0,2024-03-13
e298b67f-2a15-48fa-ba99-b1f3a66433f9,0cef7fb7-7254-406f-b6b1-f507d3561826,voicemail,2022-01-14 07:48:03,2022-01-14 09:20:53,5570,,+14660515900,+16826747706,TWR-91778,5G_NSA,,148.9818,partial,0,2022-01-14
a50c99d6-c965-4c72-938d-c031c3a8d59d,3284e564-71ac-4d86-968a-3e6b9b0b2880,voicemail,2022-08-07 23:14:09,2022-08-08 01:06:38,6749,,+14992271696,+15489050989,TWR-23860,LTE,,120.6956,rated,0,2022-08-07
bc9e8433-fc67-4f97-8847-8d1a97d1049a,b2d1fa1f-42ce-4f47-a4d2-dd26b7c12005,data_session,2024-01-18 13:30:07,2024-01-19 08:08:19,67092,7362.353,+17815238667,,TWR-51468,3G,,2839.0527,rated,0,2024-01-18
8a9e72d9-4f05-48bb-b0d3-a067dc5c817d,ccd65012-5d75-41ed-b105-61b68708ccd2,sms_mo,2024-09-16 11:33:22,2024-09-16 11:33:22,,,+14538278953,+13992644314,TWR-98898,LTE,,0.0,rated,0,2024-09-16
75538f90-9a7c-44c3-8249-5f8f031ee2db,942ec27a-bef0-4ecc-9999-7be1c8de36dd,voicemail,2022-01-12 11:02:16,2022-01-12 12:36:49,5673,,+16123353161,+15824112296,TWR-29072,4G,,276.5002,rated,0,2022-01-12
61728b80-a4b6-4958-83cd-c5a8b7cc13bd,7204670c-94ea-4495-8429-281763530c19,voicemail,2024-06-28 10:14:13,2024-06-28 10:45:50,1897,,+18736583423,+18296365202,TWR-35962,LTE,,22.7207,error,0,2024-06-28
0245bae3-f38c-47bb-a9e9-a04e15b09727,12055bf8-7026-4b6e-bd96-5ef648aa7044,data_session,2023-10-23 01:56:47,2023-10-23 05:07:38,11451,4220.772,+16183211309,,TWR-28731,5G_NSA,,463.9989,unrated,0,2023-10-23
48ac5152-6d6f-4dac-9ede-236706f2385c,16d52506-3ffc-4f8d-8499-6c8a6b16e8e4,roaming_data,2023-09-29 03:13:19,2023-09-29 17:37:27,51848,3702.581,+18359611101,,TWR-50607,4G,GB,2441.181,rated,0,2023-09-29
a2b45158-4fda-4950-85ef-0aee37de1527,65639eaa-4fa0-461c-954f-0de76ea2e12d,roaming_voice,2022-05-07 13:32:19,2022-05-07 14:13:45,2486,,+17053953414,+13241301460,TWR-80599,5G_NSA,DE,12.5944,rated,0,2022-05-07
5dd138e9-3f95-4a88-9231-4db5d13abcdf,007c5fe4-535c-41bf-88cd-0123d9e5bfec,sms_mo,2023-12-16 03:46:08,2023-12-16 03:46:08,,,+13090399989,+19245394180,TWR-29718,4G,,0.0,rated,0,2023-12-16
d6f9167f-5f88-42e2-867e-2b23aabce091,f85a1064-adb4-4408-a6f6-e69e332e2e8f,roaming_voice,2023-07-15 01:05:02,2023-07-15 01:52:14,2832,,+15659347916,+19433135383,TWR-17261,3G,CA,132.4324,unrated,0,2023-07-15
45872487-35ae-4a31-a332-a7be5e681d23,3d2d8707-ecef-4fa0-ae91-1b1493b6b859,voice_mt,2024-01-19 01:49:25,2024-01-19 02:59:28,4203,,+16906595871,+12419316021,TWR-48718,3G,,8.8204,rated,0,2024-01-19
ea694c0a-7f1e-4bb6-a2b9-f81428a60a88,3db1dfa5-29c9-4384-9d5a-104bdb8f6c08,voice_mt,2023-06-07 11:24:23,2023-06-07 12:32:35,4092,,+12041984873,+18919703446,TWR-51468,LTE,,186.3649,rated,0,2023-06-07
9ce368ee-0225-4307-8e11-602e6a0cc36b,a53b9543-008f-4307-bec7-1fab1ba755c7,roaming_voice,2024-05-22 16:50:38,2024-05-22 18:25:20,5682,,+16903897171,+19323762886,TWR-30895,WiFi_calling,US,221.6629,rated,0,2024-05-22
3424f6e1-497e-4dce-9fb6-de524b7ad76f,3bf32671-becf-4f75-b212-85e0d7aff66c,sms_mo,2023-09-02 21:06:01,2023-09-02 21:06:01,,,+14224172559,+19198967404,TWR-70487,5G,,0.0,rated,0,2023-09-02
b226830c-cee4-4f67-9514-1e47749002c5,a28419ea-cffc-4dc7-8b9a-fc33bf4372ad,sms_mo,2023-12-06 03:08:02,2023-12-06 03:08:02,,,+19943388379,+13809925324,TWR-48408,5G_NSA,,0.0,rated,0,2023-12-06
33c6d840-7015-4290-9e47-489543e35454,d9127b32-a8f1-4445-9702-133bce158319,voice_mo,2023-05-03 17:44:15,2023-05-03 19:24:14,5999,,+16789949400,+18586184437,TWR-63723,4G,,272.5846,rated,0,2023-05-03
e5a85226-092c-417f-95e6-9e03097c3302,68ff36f0-b963-42b2-91b4-09d1c1edb776,roaming_data,2022-12-28 10:21:18,2022-12-29 09:44:41,84203,6644.915,+18298189190,,TWR-99439,LTE,,285.9388,rated,0,2022-12-28
929b6576-2271-461a-9c86-3789e1ebec94,d635b079-6763-4423-a86c-c8c9e1f2d5e5,roaming_data,2022-07-17 02:38:16,2022-07-18 02:33:08,86092,7848.709,+18746304645,,TWR-83131,3G,MX,3758.6198,rated,0,2022-07-17
631d8d10-8dbb-4f32-9525-af6bf1f26429,5ffa5731-d7d2-4b48-910c-febb4ef2e796,data_session,2023-11-01 01:09:40,2023-11-01 02:19:09,4169,2504.215,+13098754647,,TWR-97164,5G,,176.1309,rated,0,2023-11-01
ab69911e-de8a-4286-befd-d90fee6524ba,fc9290b7-18bd-4604-811d-533bc9258a94,voice_mt,2023-11-30 06:19:02,2023-11-30 06:46:33,1651,,+12339395971,+16168441913,TWR-42918,LTE,,57.5838,rated,0,2023-11-30
f7988965-4c5f-4f59-ae66-f7ff0c46ef36,ab0ac577-95d9-43e6-a783-d9a9b00c9e45,voicemail,2022-08-16 12:51:55,2022-08-16 13:58:00,3965,,+14012103318,+13752868399,TWR-17316,LTE,,125.3512,rated,0,2022-08-16
bf8da732-9a25-4263-ab5c-64b5b98f3d13,2ffcfbce-9a12-40a0-871e-5ae8b844ba1e,sms_mt,2024-06-22 19:29:50,2024-06-22 19:29:50,,,+18563001200,+12449032865,TWR-80033,5G,,0.0,rated,0,2024-06-22
c036e1ca-072a-4721-9dec-ebf7bcd7f994,d8ef4750-420f-407a-be92-dfeed721989d,voicemail,2022-01-21 13:17:30,2022-01-21 14:32:03,4473,,+13824307167,+18018287872,TWR-33753,5G_NSA,,111.6448,rated,0,2022-01-21
4cf327e8-fea9-46b4-86b3-66b3a0a2b1f0,d658da69-ba7d-4b47-be0f-d35cf543739a,roaming_data,2024-09-07 00:16:09,2024-09-07 01:05:40,2971,7339.193,+12533147031,,TWR-34373,5G_NSA,US,97.5202,rated,0,2024-09-07
67364bcc-22e4-44fb-a51b-306902f31379,e58f987b-b929-48f5-86fc-6fd6c6960e8b,sms_mo,2022-08-08 06:01:01,2022-08-08 06:01:01,,,+13873811147,+16521927142,TWR-80033,3G,,0.0,rated,0,2022-08-08
f00cdc67-f476-4ef6-9a2f-3faed9c32049,d3092700-6620-4939-af06-1a57f72c2123,roaming_data,2024-02-21 10:21:55,2024-02-21 23:18:53,46618,6161.343,+12421364918,,TWR-35962,4G,GB,1811.7992,rated,0,2024-02-21
4a2882a8-9184-4ce6-879e-e531b1742742,03a90656-d2b5-459b-bd24-cb3ab49c3159,sms_mo,2022-10-19 05:10:05,2022-10-19 05:10:05,,,+16933569385,+12807490345,TWR-80033,WiFi_calling,,0.0,rated,0,2022-10-19
79e7d956-0212-4a10-a9ab-875ac119a52e,df829980-d5d2-40bf-abac-3b11fd20b2fe,voice_mo,2023-06-12 06:34:36,2023-06-12 08:09:39,5703,,+12158729668,+13485549536,TWR-71477,WiFi_calling,,266.9854,rated,0,2023-06-12
cb808f1c-98cb-4c7d-9c0d-425c922baf94,51dfa952-c9de-4f56-95b6-be399b3ea80c,sms_mt,2023-01-10 21:52:01,2023-01-10 21:52:01,,,+19469940160,+17876297812,TWR-36224,3G,,0.0,rated,0,2023-01-10
1e5c1022-0ca4-4863-909c-048e4569a1b8,ce39e10d-46fb-40f3-b9aa-88099a6e1d6c,voicemail,2024-12-03 19:51:00,2024-12-03 20:08:02,1022,,+16204020828,+17245158251,TWR-75948,5G,,47.9647,rated,1,2024-12-03
8c4a7846-f6f5-4fc6-8e7f-b00becad7c93,3802c697-cc3b-479c-9d2b-ce9b7870944b,voice_mo,2023-08-07 03:56:39,2023-08-07 04:35:12,2313,,+15450505918,+13349022620,TWR-56861,WiFi_calling,,38.8033,error,0,2023-08-07
37d079fc-2a26-4fb7-832f-d9264e92c8ab,58eb5733-ddce-41e1-a61b-7abf07a969dc,voice_mt,2023-08-20 05:56:21,2023-08-20 06:26:10,1789,,+12603814810,+19088855618,TWR-65195,5G,,62.2231,rated,0,2023-08-20
92fe0889-fb1c-41fe-a2ed-783efa671c34,16d52506-3ffc-4f8d-8499-6c8a6b16e8e4,sms_mt,2023-05-15 14:17:14,2023-05-15 14:17:14,,,+16095608747,+18099919570,TWR-16726,5G_NSA,,0.0,rated,0,2023-05-15
8d87467d-5e80-4e54-b86f-6e550f968022,e58f987b-b929-48f5-86fc-6fd6c6960e8b,voicemail,2022-12-14 03:02:00,2022-12-14 04:35:35,5615,,+16573419825,+19382047560,TWR-33753,LTE,,141.2242,unrated,1,2022-12-14
c9aa6de1-07fc-48ee-bb87-483836d5b4db,acaf4db0-2ed6-4bac-b23f-b8129fba68df,sms_mo,2024-12-25 19:56:40,2024-12-25 19:56:40,,,+18984449753,+16285526214,TWR-31077,5G,,0.0,rated,0,2024-12-25
aeaf6195-b5c6-4347-a080-d5dec282857a,b269d5b0-f2bf-48f3-8421-df27ee692a1d,voice_mo,2024-09-29 01:32:08,2024-09-29 01:41:57,589,,+14321327094,+19932682828,TWR-25560,LTE,,26.2766,rated,0,2024-09-29
297a53c4-7d74-42b0-b5bc-c932a655e56e,60a755fb-8945-4a6f-9454-6579aae42732,voicemail,2024-03-24 19:57:46,2024-03-24 20:56:13,3507,,+17786123040,+13457588207,TWR-51468,WiFi_calling,,89.2702,rated,0,2024-03-24
97e51cec-420f-4133-8ac2-cb163ce9b11a,17cca86b-ef4f-40ad-b2da-e1798cbafaee,roaming_data,2024-09-29 04:50:26,2024-09-29 13:56:45,32779,335.136,+15550673483,,TWR-50818,5G_NSA,MX,665.08,rated,0,2024-09-29
b8c11847-edee-44dd-8ec7-8e2b15cf83d4,62ac2672-9c7e-447f-a8c5-df7e64ba458e,voicemail,2024-09-25 04:46:35,2024-09-25 05:35:23,2928,,+15090331569,+15806216799,TWR-20637,WiFi_calling,,11.6362,rated,0,2024-09-25
5c559ef8-8765-4b26-bec9-b63d25eb8e97,b2dc7630-26e3-4b98-86b8-ba121ee14481,voice_mt,2023-05-26 03:31:15,2023-05-26 03:56:35,1520,,+13857989637,+16905670638,TWR-50718,5G_NSA,,61.2433,rated,1,2023-05-26
4cf25c62-134f-49d0-bdcb-30c1c338cbe8,85d27610-3cdc-487a-8cff-23404a28c686,voicemail,2024-01-01 01:10:10,2024-01-01 02:20:41,4231,,+17231852173,+19099226404,TWR-13054,LTE,,142.1932,rated,0,2024-01-01
fef70301-8f95-40b4-ad0e-5997a8c44824,215c9897-7980-421b-9e07-d5488d5e23dc,voice_mt,2023-08-24 23:24:41,2023-08-25 00:19:51,3310,,+13429700207,+14807447174,TWR-62961,WiFi_calling,,154.9519,rated,0,2023-08-24
357f63a9-37a0-4cb3-a53c-48fed1bd16d9,7e6e12a7-0a9c-4403-9a18-90def9de5680,roaming_voice,2022-07-10 18:39:57,2022-07-10 20:30:57,6660,,+16283083961,+12203969082,TWR-48846,5G,GB,24.3241,rated,0,2022-07-10
2db7a15c-c8ce-42e0-b65c-996b7d308272,69e10691-3d1c-45e5-a58c-4ec9525181cc,voicemail,2022-07-29 06:23:36,2022-07-29 07:15:13,3097,,+13930085345,+14986215444,TWR-48718,5G,,97.1011,rated,0,2022-07-29
27d4e815-ccd9-4d68-a696-f85d7e4feeb6,97053e31-78e9-409e-a507-9171f7b831aa,roaming_data,2022-03-06 01:18:31,2022-03-06 06:12:49,17658,2900.579,+13737957026,,TWR-10998,5G,BR,726.7458,rated,0,2022-03-06
4ae0fee0-df9d-4f32-8fa7-5755593b956e,1502694c-a195-475a-8950-83e68864d7f2,voice_mo,2022-04-11 22:24:23,2022-04-12 00:13:29,6546,,+17667997318,+13152438830,TWR-19488,4G,,210.9354,rated,0,2022-04-11
08f2491f-991a-4e63-8ce3-9a3e9a5317b5,5dcc997b-5a2e-46c2-860f-bfaed3a08650,voice_mt,2023-02-26 15:58:22,2023-02-26 16:27:25,1743,,+18420060024,+16008378687,TWR-70566,WiFi_calling,,13.995,rated,0,2023-02-26
120833ea-7ae5-41c1-b92d-a9e7657bb486,2428b022-9112-489b-9f2c-14f072350a33,voice_mo,2022-03-10 12:25:36,2022-03-10 14:24:09,7113,,+16851347611,+18606392006,TWR-98381,WiFi_calling,,153.9248,error,0,2022-03-10
1df63bd1-8273-4e23-bc13-ad8048ce5cfc,6b86527c-d19a-4989-97a3-37cfe3fa766b,voice_mo,2024-12-10 06:46:13,2024-12-10 07:47:05,3652,,+17315964057,+15350917238,TWR-64922,WiFi_calling,,176.9317,rated,0,2024-12-10
2a60a4db-ac40-4f30-9d0f-8228abf682fe,25e9db86-f6f9-480b-be4c-2692033ccee2,roaming_data,2024-12-13 13:07:42,2024-12-13 15:21:52,8050,2307.629,+14618613241,,TWR-20637,LTE,IN,24.7901,rated,0,2024-12-13
64ad4a99-4cdf-43c1-84a9-5c885fb4bc10,a4d22bd6-f6d3-4cf2-8d05-275128fa5d56,voice_mo,2024-07-04 22:18:21,2024-07-04 23:00:02,2501,,+19357742774,+17009176404,TWR-45310,3G,,51.2255,rated,0,2024-07-04
9d02f4b6-71e7-4b43-92a2-a916199b70d3,b83b87bd-42b3-4aa8-928e-9bc29d8c9f17,voicemail,2024-02-12 03:40:38,2024-02-12 04:49:53,4155,,+14457629758,+12310731569,TWR-32824,4G,,26.4214,rated,0,2024-02-12
68a631bf-a08a-41ba-8988-172862e38828,0ddf8be3-0e35-44ff-ba9c-0ed70d7066d7,voice_mo,2024-11-08 14:57:29,2024-11-08 15:38:34,2465,,+18451952979,+13311918160,TWR-20637,LTE,,48.8687,rated,0,2024-11-08
6f1fc0df-2bf9-4d92-bf7c-890b7687fcd2,a4d22bd6-f6d3-4cf2-8d05-275128fa5d56,voicemail,2023-01-06 20:12:37,2023-01-06 21:26:23,4426,,+15732144476,+16935263005,TWR-97164,3G,,152.8608,rated,0,2023-01-06
a83d0261-8d3b-487b-9e68-1637c53e0c9e,bcab86ba-c626-4543-9a33-f94f0f0641c3,voicemail,2022-12-21 19:14:35,2022-12-21 20:51:47,5832,,+19523094245,+12318005782,TWR-51825,3G,,10.6193,rated,0,2022-12-21
a05282df-923e-4203-9a7c-60f42cebe16d,1eda71f7-978e-4922-ae19-464a2ef8d037,roaming_voice,2024-06-16 16:57:51,2024-06-16 18:01:00,3789,,+19717349784,+14385225195,TWR-78603,5G,DE,6.2259,error,0,2024-06-16
78cd8061-ea62-4d25-ad7d-053f282bfd1b,03fcdb1a-6069-4330-96e2-7131f8f5c9af,data_session,2024-06-19 00:33:28,2024-06-19 12:37:24,43436,5617.178,+13714864584,,TWR-60209,3G,,527.2662,rated,0,2024-06-15
8554099f-ad7a-4b1c-9c38-93381d96c827,9bf6a925-8721-4b0d-b8f8-9ecde90da204,roaming_data,2024-09-07 12:06:02,2024-09-08 01:20:09,47647,4914.686,+13675384443,,TWR-62950,WiFi_calling,,1727.9436,rated,0,2024-09-05
e955d0a5-e477-41fc-826c-e3511ccb182b,f4622296-957f-463e-bf1f-6ddc3526fb21,voicemail,2023-11-02 19:26:22,2023-11-02 20:54:03,5261,,+12012005491,+13284150547,TWR-65195,WiFi_calling,,93.9885,rated,0,2023-11-02
7a5edc04-3c0f-42f3-a613-ae3212fe6851,1e8d0bee-b8ad-4ed8-8a85-b5263d21f2f3,voice_mo,2023-11-11 04:23:04,2023-11-11 04:32:15,551,,+18128960841,+19285851896,TWR-79893,4G,,3.5013,rated,0,2023-11-11
58be0da5-1f08-49c9-9265-72a15c890512,63c3e5ce-bba6-4e92-81af-a532226d7fc7,voice_mt,2023-06-24 22:42:16,2023-06-24 22:57:43,927,,+13260346102,+19767081312,TWR-42562,LTE,,14.04,rated,0,2023-06-24
1ed51981-e6b1-4da8-8808-d965a1fa0fc1,df7a8cdb-092f-4576-b10f-d7154eb640e7,roaming_voice,2024-01-08 14:04:47,2024-01-08 14:27:33,1366,,+13998583127,+16209879000,TWR-10998,5G_NSA,JP,44.6021,rated,0,2024-01-08
5ffe4545-6fdd-446d-9c8a-3eb5b72ba04b,89664e5b-4c0f-4ef7-a566-0b4d0db1fb1f,voice_mo,2022-09-18 02:08:37,2022-09-18 02:23:14,877,,+12236592376,+17332765836,TWR-32437,5G_NSA,,20.4041,rated,0,2022-09-18
a7b649fb-75e8-4f36-91d1-b6b994356a25,8d38b0e8-9ff9-4f32-ae06-5309003b6bc4,sms_mt,2023-02-08 02:04:42,2023-02-08 02:04:42,,,+18497438460,+16242668747,TWR-98912,4G,,0.0,rated,0,2023-02-08
24aa00d5-fd10-45b4-b55b-7c3fcb8641ad,c9949aff-d5ce-4c0c-b50e-951e7e07ec14,roaming_data,2024-02-06 15:17:49,2024-02-07 15:14:19,86190,7310.997,+12625693964,,TWR-62310,5G,GB,2924.7556,rated,0,2024-02-06
40bc803e-4616-49c4-8436-55e8df037f0f,d8ef4750-420f-407a-be92-dfeed721989d,roaming_data,2023-08-01 00:21:34,2023-08-01 09:19:28,32274,4758.792,+18277292775,,TWR-65195,5G_NSA,,131.8733,rated,0,2023-08-01
2c8ad4d6-3b29-4f65-964b-b4bd9e959be4,c39bd25f-98a7-4ec4-8a29-efa46e354c27,roaming_data,2023-07-16 08:28:27,2023-07-16 12:16:30,13683,1193.075,+17446008815,,TWR-97396,3G,CA,37.6763,rated,0,2023-07-16
609bb0cb-2500-4271-8d55-57e2a683d5db,6fddc94c-73a2-4c64-bfd1-a81770fd13a0,roaming_data,2023-01-09 21:48:54,2023-01-10 18:20:42,73908,6675.299,+12828789311,,TWR-50718,5G,GB,2673.6504,partial,0,2023-01-09
55483fc0-eb68-4d74-8750-6bf3dda61453,cbeb4995-0203-4846-a8e2-615da4d6adf0,sms_mt,2022-03-15 02:37:17,2022-03-15 02:37:17,,,+12647115823,+12807489846,TWR-60585,5G,,0.0,rated,0,2022-03-15
1e7424a6-927e-49de-b411-a847d90961f7,a2d5ad1c-e1a4-4784-bdb5-eaf83fbcb353,sms_mo,2024-12-01 21:29:30,2024-12-01 21:29:30,,,+14047911417,+15645879451,TWR-97532,WiFi_calling,,0.0,rated,0,2024-12-01
9b8f1427-6257-4377-9f53-68600e93159f,8482b347-444f-4211-beca-833fcd75b827,voicemail,2024-06-13 01:44:00,2024-06-13 02:13:12,1752,,+16940605862,+16597660858,TWR-43763,WiFi_calling,,63.8511,rated,0,2024-06-13
6385ab17-5d30-4b35-a9c7-519a9944aaa3,0220cd0b-4604-4233-8206-d3b2561510ff,data_session,2023-09-21 04:47:51,2023-09-21 21:57:41,61790,5652.289,+15334611820,,TWR-53214,4G,,2342.8899,rated,0,2023-09-21
5dcfe016-bc1e-447a-9942-50c0786e3aec,18b49daa-f2e4-443b-825f-96ad93c0e6bb,voicemail,2022-10-02 11:14:45,2022-10-02 12:39:33,5088,,+13601710378,+12184058933,TWR-68061,WiFi_calling,,92.1863,rated,0,2022-10-02
42f1ef3e-fad4-4499-83f0-581782b4d9e8,daabcaba-fd5c-454a-8d09-fdfb005e693c,sms_mo,2023-10-10 17:47:33,2023-10-10 17:47:33,,,+18927675143,+13165330824,TWR-33284,LTE,,0.0,rated,0,2023-10-10
9fb88ecb-fb01-4a84-b410-ecca3d67eafe,400bd96a-9eaf-45ff-b810-4cc340a48720,voice_mo,2022-11-03 08:57:34,2022-11-03 10:39:04,6090,,+19036589641,+17618997798,TWR-36707,3G,,132.2284,rated,0,2022-11-03
f4e45156-cf55-4f4d-9e04-a956a167e305,25582508-08f5-49bf-8b30-9231448c4469,sms_mo,2022-07-30 11:19:19,2022-07-30 11:19:19,,,+15893179627,+13402033116,TWR-96136,4G,,0.0,rated,0,2022-07-30
39356e3a-0770-44fb-8bfb-b9e379724d2b,529333ef-db84-4de4-9611-f205e5eb1a1c,sms_mo,2023-12-05 17:08:30,2023-12-05 17:08:30,,,+16680799407,+12393179703,TWR-27464,3G,,0.0,rated,0,2023-12-05
b62cc785-84a3-4cc7-9338-f5fc4d30df1a,98dce6e4-9ed2-4b49-b71c-33c3503fb0d6,voice_mo,2024-03-15 01:40:07,2024-03-15 02:14:08,2041,,+14326727426,+18537178639,TWR-93942,WiFi_calling,,17.2635,rated,0,2024-03-15
6a91be0c-f016-4133-93fd-793eb96dc412,d1989638-debe-4f93-a5bb-0f4c0211f766,voice_mo,2023-05-29 08:00:23,2023-05-29 08:39:25,2342,,+18178318444,+14448255210,TWR-27464,WiFi_calling,,11.0141,rated,0,2023-05-29
48fb9f04-9acb-473c-a2e0-d9b57e31f2a2,a1351735-3452-4dd8-9356-0f6eb4e62e63,voicemail,2024-11-13 04:41:55,2024-11-13 06:03:28,4893,,+15651226934,+16459465657,TWR-72409,WiFi_calling,,172.9951,rated,0,2024-11-13
f8c5afba-d051-4a41-b0be-3aba26be0e74,3db1dfa5-29c9-4384-9d5a-104bdb8f6c08,voice_mt,2022-10-24 05:42:13,2022-10-24 06:39:04,3411,,+13614889824,+14565970791,TWR-89365,5G_NSA,,46.8691,error,0,2022-10-24
ebf9110c-9c2b-4302-8857-b5635f9cea31,db905967-590d-4e4d-ae59-15a62cc5c735,voicemail,2024-01-04 13:46:21,2024-01-04 15:04:38,4697,,+18263316394,+19054237774,TWR-65760,5G_NSA,,179.4243,rated,0,2024-01-04
6af684a0-be94-4675-a3dd-7c3bb15d8536,2b331a27-7545-474d-b6c3-322b3be09f64,data_session,2023-02-24 13:42:10,2023-02-25 06:08:51,59201,2641.11,+12914534938,,TWR-55269,4G,,488.0473,rated,0,2023-02-24
105a6897-0d5c-4ef0-9d54-17945a6d4864,2ec623e4-f096-4495-9f61-924f5c4be5b4,roaming_voice,2022-04-28 03:25:12,2022-04-28 04:35:45,4233,,+13867953492,+18032400813,TWR-51147,5G_NSA,MX,158.12,rated,0,2022-04-28
c3d5ffd7-ce6e-4661-966a-5c02cde890af,924539bc-a01a-491c-b2c0-2c6f280c9531,voicemail,2023-01-10 23:53:21,2023-01-11 00:31:26,2285,,+17029969537,+14369492887,TWR-37713,5G,,67.9915,rated,0,2023-01-10
9fe148f3-fc84-426d-8826-e33ac85b298b,bca68a57-3fc2-434b-95b4-0b665a98e092,voicemail,2023-06-30 14:47:51,2023-06-30 15:22:34,2083,,+19399981247,+14197425650,TWR-13054,LTE,,3.631,unrated,0,2023-06-30
b050ceb3-ce50-4542-a49f-bc76da97005e,ea14cdfc-2617-4518-8bcf-cfa5e0d0c6cb,data_session,2024-03-25 23:32:42,2024-03-26 19:57:04,73462,6452.585,+13640759463,,TWR-98898,5G,,1024.8817,rated,0,2024-03-25
f94b92c9-5fbd-42e0-9ec9-0edd26e85139,3062fb85-03d9-45bc-ba02-241e1e594d59,sms_mt,2023-05-09 13:52:51,2023-05-09 13:52:51,,,+19959530736,+14126736625,TWR-95764,5G_NSA,,0.0,rated,0,2023-05-09
26e4f96a-082b-465e-9ff9-01246c395b06,fd905127-2086-4c85-8dc9-f1100b9e5615,roaming_data,2024-01-22 10:24:11,2024-01-23 07:49:47,77136,4522.647,+15869592429,,TWR-33435,LTE,DE,2643.3581,rated,0,2024-01-22
0484d2e3-78f3-4dc5-b2e2-226e7b7bf2a3,93c8a914-8529-49fb-aa58-cf60e746bff0,voice_mt,2023-11-26 23:25:36,2023-11-27 01:21:36,6960,,+12191371284,+18769234951,TWR-59784,LTE,,135.3996,rated,0,2023-11-26
cd57232d-4eae-4edc-850c-4f091e05ca1c,85d27610-3cdc-487a-8cff-23404a28c686,sms_mo,2024-03-11 19:41:12,2024-03-11 19:41:12,,,+12475246552,+18508135306,,5G,,0.0,rated,0,2024-03-11
1ee618f4-f1c1-40c2-b57e-df0f669eb5ed,3a6b9d7c-d84f-4163-bb43-316b21e513d5,data_session,2023-09-29 02:35:37,2023-09-30 00:07:54,77537,5201.846,+15371983991,,,WiFi_calling,,3563.9036,rated,0,2023-09-29
b5fb6a92-b2e1-4cf9-94ce-ef00f62cd53f,02dcb1ab-f712-45dd-9f2e-f622de34c27b,sms_mo,2023-10-08 23:54:55,2023-10-08 23:54:55,,,+18789190201,+19524590499,TWR-59946,5G,,,rated,0,2023-10-08
ec0120df-e764-4c73-a3e4-efd25ff3998d,fcb9f710-de18-4050-b97d-082c4428ecaa,sms_mo,2022-05-17 13:32:54,2022-05-17 13:32:54,,,+15686929019,+19884558766,TWR-79574,3G,,0.0,rated,0,2022-05-17
ba8c321c-4eb0-472e-a0c9-2613f37975dd,25dd5dec-551f-4a57-916d-d7155fff70c4,voice_mt,2023-01-24 10:07:20,2023-01-24 11:45:06,5866,,+13573078316,+19841503928,TWR-58889,5G,,283.1445,error,0,2023-01-24
2b6166b3-2f0c-4e46-8bc6-99b95a6e91f1,11171052-5f69-43f1-a119-a208c1650107,roaming_data,2022-08-29 07:52:20,2022-08-30 00:29:45,59845,148.355,+12900586648,,TWR-83131,5G_NSA,CA,2428.8268,rated,0,2022-08-29
1ccf9b73-7b5b-496f-b15c-57d4637c2826,13fb9bdc-536a-44e2-b742-8c5c4ff459f4,sms_mo,2022-04-28 19:22:24,2022-04-28 19:22:24,,,+19267995574,+12305983665,TWR-59784,5G_NSA,,0.0,rated,0,2022-04-28
608e5fcb-2555-462e-928a-aaaf22d62e81,2ba3f1e5-1bd0-45ed-bb20-8c52d2f645cf,sms_mo,2024-09-16 15:23:26,2024-09-16 15:23:26,,,+14264285625,+16824569389,TWR-65760,3G,,0.0,rated,0,2024-09-16
6ee104d1-0d86-4d73-86e6-3fe9f7d483ae,db905967-590d-4e4d-ae59-15a62cc5c735,voicemail,2023-06-10 01:48:13,2023-06-10 02:48:03,3590,,+17584897042,+14539813056,TWR-20502,5G_NSA,,9.9006,rated,0,2023-06-10
bf3d1dfd-da08-408b-b6e3-b4541f29dc79,a6153cb1-cf2d-4dd4-a524-8beadac45af1,voice_mt,2022-04-10 08:06:57,2022-04-10 09:37:32,5435,,+15947757634,+12430990267,TWR-43582,5G,,128.1499,rated,0,2022-04-10
3ca8c733-b71a-4cae-9dca-16e7949e5c47,b086cc28-e1d6-4bc1-88c3-889d9293f536,roaming_voice,2024-05-07 06:46:57,2024-05-07 06:47:51,54,,+16133974409,+14894857956,TWR-14927,4G,DE,1.579,rated,0,2024-05-07
d7bd45f0-b29f-4ec7-9de6-b8aba2a2b950,bd2df770-ff14-41cc-a867-9d611285f70d,voice_mt,2024-07-12 23:51:52,2024-07-13 00:39:09,2837,,+19582845170,+12352844778,TWR-88599,4G,,138.2901,rated,0,2024-07-12
175af1b2-c27b-41e3-bda0-71fe29300a57,887cedb7-e47e-4a02-849e-72be2ed59dfc,voicemail,2023-02-15 18:54:34,2023-02-15 19:41:03,2789,,+14086030399,+14023468762,TWR-51147,5G,,57.09,rated,0,2023-02-15
34fa5bea-b294-4ac5-b739-04e800ad9842,599ee96f-eeb1-4402-8b9b-d05f29290838,voice_mo,2024-04-26 16:24:50,2024-04-26 17:33:22,4112,,+14271243976,+12113213419,TWR-10742,5G,,99.0926,rated,0,2024-04-26
54dd4990-2f01-4879-ba32-5c0ede8f8df2,c3cff820-ab7b-4542-8dcd-fb958e392276,roaming_voice,2023-12-02 02:50:39,2023-12-02 02:58:20,461,,+17602438323,+17388365079,TWR-88569,WiFi_calling,DE,1.6301,rated,0,2023-12-02
