subscriber_id,msisdn,account_number,first_name,last_name,email,dob,state,plan_code,plan_start_date,device_type,imei,network_type,is_active,activation_date,deactivation_date,churn_reason,payment_method,monthly_spend,credit_score,num_lines,ported_from,created_at,updated_at
40058716-6dd4-4013-8c91-2d30e54d1aae,+18957004237,ACT94784694,Linda,Wilson,linda.wilson354@gmail.com,1950-02-17,VA,POSTPAID_PRO,2020-01-05 00:22:23,feature_phone,675461911958833,5G_NSA,1,2019-06-22 11:28:07,,,voucher,130.53,726,3,,2019-02-17 11:08:10,2024-10-18 07:40:27
1df01f4d-3e15-47a7-ad14-b1e70e40142d,+15770434919,ACT69934723,James,Brown,james.brown78@gmail.com,1953-07-10,VA,FAMILY_PLAN,2024-09-27 05:59:06,feature_phone,432334153692909,WiFi_calling,1,2019-11-08 00:51:14,,,check,360.43,476,4,,2018-09-13 14:03:48,2020-12-11 04:10:15
91e7c52a-c897-4018-b239-039c5a6f757f,+15419929504,ACT19683030,Jennifer,Lopez,jennifer.lopez281@gmail.com,2004-12-13,IL,POSTPAID_STARTER,2024-01-28 17:45:54,feature_phone,804649054586291,WiFi_calling,1,2023-01-19 23:28:52,,,check,441.51,770,1,,2018-12-23 21:07:48,2023-10-03 02:23:56
de3d6236-3db8-46d8-8e4f-17ab164d540e,+14081605598,ACT46614789,Karen,Rodriguez,karen.rodriguez597@gmail.com,1966-03-05,WA,PREPAID_BASIC,2023-05-19 06:03:50,smartphone,485494994764449,WiFi_calling,1,2021-06-26 16:42:05,,,auto_pay,206.56,727,1,,2018-10-20 18:57:20,2021-12-25 17:00:58
296e620a-df98-4ba9-a9d2-85d5919a53bb,+19771434558,ACT68537265,Michael,Moore,michael.moore363@gmail.com,2002-09-03,FL,PREPAID_UNLIMITED,2021-01-25 12:52:02,tablet,713979104958913,3G,0,2020-08-12 16:12:31,2023-04-02 00:56:32,deceased,debit_card,393.96,464,6,,2018-03-24 00:57:24,2023-07-12 11:33:47
ce1d428f-5988-4b0f-ab5a-f2146d916ae5,+14531009549,ACT88429324,Sarah,Taylor,sarah.taylor13@gmail.com,1993-02-26,AZ,POSTPAID_PRO,2024-10-26 19:48:22,hotspot,,4G,1,2024-02-15 18:18:54,,,auto_pay,50.79,470,2,tmobile,2020-02-26 01:12:36,2024-06-16 11:22:50
17cca86b-ef4f-40ad-b2da-e1798cbafaee,+19575037935,ACT48758633,James,Martinez,james.martinez303@gmail.com,1981-07-26,MI,PREPAID_UNLIMITED,2020-05-05 04:35:29,smartwatch,,LTE,0,2019-09-04 11:23:02,2023-03-10 13:17:03,service_quality,bank_transfer,436.43,577,5,cricket,2018-04-28 02:07:54,2019-11-01 01:56:00
f3505f8b-eff5-4e2e-8287-a042d4c47f52,+16308795529,ACT96378661,Linda,Garcia,linda.garcia56@gmail.com,1991-05-06,CA,PREPAID_UNLIMITED,2023-09-12 14:25:49,smartphone,248340448207755,5G_NSA,1,2020-07-12 10:57:06,,,bank_transfer,42.58,487,4,,2019-10-31 23:00:24,2021-10-17 21:45:25
db2f1a2a-3ebc-484f-80ce-7979ced1f225,+19906610231,ACT44430699,Charles,Davis,charles.davis136@gmail.com,1989-02-12,NY,POSTPAID_STARTER,2021-12-23 17:28:07,feature_phone,334636144893778,WiFi_calling,1,2019-06-06 01:18:23,,,cash,103.52,437,6,,2018-07-12 22:53:01,2020-11-22 14:49:09
c7d1d62a-f87e-459f-bc8e-84f9866dd266,+17109393712,ACT16707193,Karen,Williams,karen.williams538@gmail.com,1995-07-13,NC,PREPAID_UNLIMITED,2022-01-20 16:37:52,smartwatch,,3G,1,2021-05-27 01:25:45,,,debit_card,98.06,330,3,sprint,2018-04-07 13:14:53,2022-09-28 16:36:15
99396e22-ab0e-47b3-99e7-f7b984fa9a5e,+19880506410,ACT60947616,William,Smith,william.smith303@gmail.com,1973-02-06,CA,FAMILY_PLAN,2023-04-24 07:42:19,tablet,443467231542789,3G,1,2020-09-07 12:26:13,,,auto_pay,425.5,,4,,2020-08-02 21:49:25,2021-05-08 20:23:32
217d48c5-da1b-41a4-944d-be4f76b702bd,+13128818143,ACT56287978,Robert,Williams,,1964-06-20,NJ,POSTPAID_ELITE,2020-08-06 21:46:25,smartphone,228309717254855,4G,1,2019-03-04 21:17:31,,,auto_pay,438.13,733,5,,2018-10-19 22:16:42,2023-12-06 07:12:51
b977e935-9105-4ba9-9867-85fffda2cbe4,+18417479167,ACT69265252,Mary,Davis,mary.davis636@gmail.com,1969-10-20,AZ,POSTPAID_PRO,2021-10-22 15:57:08,hotspot,,3G,1,2021-03-21 21:35:43,,,cash,338.77,692,2,,2018-01-28 11:55:42,2022-06-03 10:26:40
742a2841-8cb1-40c2-8570-a27098fcac16,+14485644362,ACT12629509,Karen,Brown,karen.brown408@gmail.com,1954-10-09,TX,BUSINESS_UNLIMITED,2024-03-02 15:17:17,smartwatch,,3G,1,2019-09-22 11:01:42,,,debit_card,36.63,432,2,verizon,2018-11-25 20:07:19,2024-09-17 01:56:42
96660874-541d-4eee-be37-cf810e6fffd4,+15233811579,ACT26594775,Patricia,Smith,patricia.smith851@gmail.com,1968-03-27,CA,POSTPAID_STARTER,2022-06-10 04:26:07,tablet,567669134761296,WiFi_calling,0,2019-10-14 23:16:44,2024-03-21 12:22:53,deceased,cash,49.71,611,1,,2019-07-19 20:16:33,2021-02-17 19:28:44
ead771bb-2032-429d-bd8b-7cfc4c1835de,+12303104788,ACT84596264,Richard,Jones,richard.jones613@gmail.com,2004-09-10,AZ,BUSINESS_UNLIMITED,2022-02-22 19:33:38,feature_phone,814404471632237,5G,1,2020-03-15 23:33:39,,,cash,158.83,814,1,,2019-07-06 13:38:10,2024-08-05 06:44:16
eaa638c7-fb3c-4b89-82eb-ddad46dd3f0c,+14647494909,ACT53437870,Richard,Jackson,richard.jackson11@gmail.com,1977-08-04,CA,PREPAID_UNLIMITED,2020-01-15 21:26:19,tablet,974468604683836,5G,1,2019-03-16 10:27:55,,,auto_pay,333.42,477,4,boost,2018-05-28 13:03:07,2019-12-17 22:36:06
62ba5fb1-b1e0-4f0c-a7ee-e84d7c648003,+14593027894,ACT84810685,Mary,Anderson,mary.anderson257@gmail.com,1989-06-07,NY,FAMILY_PLAN,2021-02-10 03:01:18,smartphone,466015837632502,WiFi_calling,1,2020-03-05 18:29:55,,,cash,412.65,835,5,boost,2020-01-10 18:12:17,2021-07-27 01:02:14
b83b87bd-42b3-4aa8-928e-9bc29d8c9f17,+13819501688,ACT95323820,James,Martin,james.martin157@gmail.com,1952-02-18,NY,FAMILY_PLAN,2024-09-29 20:24:20,smartwatch,,4G,1,2020-06-21 10:55:10,,,debit_card,316.78,402,6,tmobile,2018-02-21 03:28:28,2023-05-23 15:01:33
d78ae58d-8c36-4e72-9306-4f872cc4ab35,+14549513453,ACT91123324,Richard,Wilson,richard.wilson558@gmail.com,1987-11-27,NC,BUSINESS_50,2022-03-15 13:46:52,smartphone,329436802850402,3G,1,2020-06-30 09:50:50,,,auto_pay,129.59,304,4,,2019-05-02 20:52:49,2022-07-06 09:52:30
014d0cea-8116-420c-835d-61642f9fdc4d,+18348489755,ACT18897963,Robert,Jones,robert.jones719@gmail.com,1999-01-18,CO,POSTPAID_ELITE,2021-03-18 11:18:33,tablet,689554747386263,3G,1,2020-02-16 20:16:26,,,debit_card,338.31,653,5,,2020-02-04 05:36:53,2022-01-26 16:23:55
50e81d82-63db-40d5-8066-1677ce111935,+14607641742,ACT30892748,Robert,Anderson,robert.anderson72@gmail.com,1985-03-21,NC,FAMILY_PLAN,2024-07-22 01:25:01,smartphone,116913858795726,LTE,1,2019-02-18 10:58:34,,,debit_card,295.16,808,2,att,2018-06-18 06:12:13,2019-07-07 05:38:09
f936189a-c5a2-41eb-9cad-5ba500b94d4e,+15826393733,ACT14282511,Karen,Anderson,karen.anderson624@gmail.com,2003-12-27,NJ,PREPAID_BASIC,2022-07-25 23:58:03,smartphone,136681705925030,3G,1,2021-06-03 19:25:33,,,cash,177.19,439,3,,2019-06-26 13:25:11,2024-05-22 09:12:35
9a926d96-e3b4-484b-ba11-435011886395,+13074184690,ACT33205638,Michael,Wilson,michael.wilson271@gmail.com,1966-08-27,MA,PREPAID_UNLIMITED,2023-04-24 01:47:28,hotspot,,WiFi_calling,1,2021-03-19 14:18:21,,,check,147.63,,1,,2018-02-17 02:26:23,2024-03-14 16:10:35
a7c1ebdf-c663-4b9a-af2e-4cd04561d192,+14161977987,ACT84456001,Linda,Martinez,linda.martinez403@gmail.com,1960-05-12,NC,POSTPAID_STARTER,2020-01-19 18:56:54,tablet,622034149101007,5G_NSA,1,2019-10-13 18:33:19,,,debit_card,289.35,481,4,,2018-04-20 13:47:53,2020-03-11 16:35:41
b8643e87-40b3-4948-a168-3c5ef680f0db,+12792632741,ACT17583663,Patricia,Gonzalez,patricia.gonzalez792@gmail.com,1970-06-07,TX,PREPAID_UNLIMITED,2020-10-05 01:07:13,tablet,807840564650591,WiFi_calling,1,2020-09-09 06:56:42,,,bank_transfer,84.0,717,4,verizon,2019-06-14 22:09:58,2021-05-18 01:56:02
edc73bcb-73ae-4af9-a7f0-6746c1bbc689,+18247622056,ACT79616425,William,Anderson,william.anderson8@gmail.com,1991-09-21,CO,BUSINESS_50,2023-09-12 02:51:30,smartwatch,,5G_NSA,1,2020-06-07 22:14:56,,,cash,78.22,439,3,sprint,2019-12-22 22:11:51,2021-12-29 09:12:53
19d515b9-80df-4186-a522-101fcd0ce992,+18618523694,ACT10044304,Lisa,Anderson,lisa.anderson496@gmail.com,1993-08-07,TX,PREPAID_UNLIMITED,2022-12-09 06:18:02,hotspot,,5G,0,2020-11-08 06:08:07,2024-10-29 12:48:08,service_quality,cash,332.43,424,6,cricket,2019-10-30 10:26:49,2024-11-25 12:10:08
5f3e4b83-e1ba-44b4-afcf-c6b788e1c508,+13047491187,ACT12334205,Linda,Rodriguez,,1953-01-25,NC,POSTPAID_PRO,2020-05-01 02:24:49,tablet,340222703387512,LTE,1,2019-01-06 00:17:45,,,credit_card,130.72,675,2,,2018-12-16 14:01:32,2021-11-20 01:19:11
cfe93de8-1c5c-4e53-81c9-35364b60af08,+16759201847,ACT13790813,Mary,Miller,mary.miller410@gmail.com,1968-06-11,AZ,POSTPAID_STARTER,2024-01-02 19:39:38,smartwatch,,WiFi_calling,1,2023-01-31 14:43:44,,,auto_pay,22.31,,6,,2018-10-08 04:22:13,2023-10-16 11:08:45
45290cf7-db6e-4361-851f-aed78f814ce1,+16195863821,ACT42963381,James,Garcia,james.garcia375@gmail.com,1993-05-11,CA,POSTPAID_ELITE,2023-04-27 00:49:54,tablet,849094827222038,5G,1,2019-09-02 17:29:24,,,cash,225.1,507,3,,2018-10-29 23:04:35,2022-05-26 14:27:39
a9b4dbe7-1262-4647-861c-a166e4d0c6e9,+17530235998,ACT57504862,Richard,Garcia,richard.garcia8@gmail.com,1970-04-13,OH,POSTPAID_ELITE,2024-03-26 01:58:33,tablet,752163769216763,3G,1,2019-03-13 03:29:52,,,debit_card,83.37,662,3,,2018-02-16 09:21:21,2020-05-11 10:48:02
7a8e19a6-114b-42ed-8008-277f30281dbc,+13948393481,ACT65879061,Mary,Davis,mary.davis956@gmail.com,1988-02-26,VA,POSTPAID_STARTER,2020-01-04 03:00:38,feature_phone,317130722295229,5G,1,2019-05-30 07:29:56,,,bank_transfer,448.43,538,2,,2018-11-29 12:36:34,2023-09-29 13:16:49
13fb9bdc-536a-44e2-b742-8c5c4ff459f4,+12320048895,ACT20599339,Barbara,Taylor,,1971-08-26,CA,POSTPAID_PRO,2020-11-08 01:55:46,feature_phone,908083938216700,WiFi_calling,0,2019-01-25 07:38:56,2021-09-11 12:10:24,relocation,voucher,205.81,473,3,,2018-03-10 01:10:49,2020-02-12 12:02:28
12729866-fb56-480d-a6a4-0bc334e0cbe9,+14884792652,ACT15977760,Susan,Lopez,susan.lopez395@gmail.com,1977-03-16,GA,POSTPAID_PRO,2024-05-11 12:33:14,hotspot,,5G_NSA,1,2019-08-25 17:30:26,,,auto_pay,315.02,614,6,,2019-05-11 09:11:03,2021-06-28 02:57:04
9420fd42-facb-48f5-8d23-8206f14d5d28,+15364350744,ACT38034410,Lisa,Anderson,lisa.anderson881@gmail.com,1997-04-04,VA,PREPAID_BASIC,2021-05-22 18:48:52,hotspot,,5G_NSA,1,2019-10-11 19:52:23,,,voucher,90.32,379,5,,2018-07-25 16:43:16,2020-06-17 10:14:44
9420fd42-facb-48f5-8d23-8206f14d5d28,+15364350744,ACT38034410,LISA,Anderson,lisa.anderson881@gmail.com,1997-04-04,VA,PREPAID_BASIC,2021-05-22 18:48:52,hotspot,,5G_NSA,1,2019-10-11 19:52:23,,,voucher,90.32,379,5,,2018-07-25 16:43:16,2020-06-17 10:14:44
59e4b437-a4e6-4566-96ba-cf5b07f4ae48,+16588505774,ACT96223301,Lisa,Anderson,lisa.anderson465@gmail.com,1997-10-09,TX,BUSINESS_UNLIMITED,2021-02-07 14:43:52,feature_phone,942830511655113,5G,1,2020-02-22 07:31:30,,,cash,440.65,550,2,cricket,2018-06-18 21:09:35,2021-04-17 05:10:33
ae93dd4b-85cd-4c60-aa88-05c271d5a01e,+15352688893,ACT56841478,Thomas,Jones,thomas.jones430@gmail.com,1968-01-10,OH,BUSINESS_50,2021-07-31 05:17:08,smartwatch,,LTE,1,2021-07-18 13:21:48,,,debit_card,276.53,558,3,,2018-08-29 02:03:43,2024-03-23 11:16:33
715137aa-9d83-4b99-aa86-c83552e45629,+16370573006,ACT58930313,Linda,Miller,linda.miller285@gmail.com,1982-10-04,CA,BUSINESS_UNLIMITED,2024-11-13 01:34:16,tablet,413251188227698,LTE,1,2022-11-28 03:45:36,,,voucher,406.51,611,2,cricket,2021-11-27 22:07:47,2023-07-03 22:56:26
d18a0bdc-5f0f-425a-9e7b-76151887bcc7,+19631455118,ACT79751420,William,Moore,william.moore399@gmail.com,2004-10-20,MI,POSTPAID_STARTER,2024-07-26 17:04:43,smartwatch,,LTE,1,2019-03-17 09:33:04,,,credit_card,60.67,744,5,,2019-01-28 18:30:43,2022-08-07 21:10:22
6a827ddb-2ceb-4285-86a5-e6b0ba94039b,+14873667591,ACT44271822,Charles,Jackson,charles.jackson251@gmail.com,1956-12-22,MA,PREPAID_BASIC,2021-01-05 19:13:33,tablet,374752264491923,WiFi_calling,1,2020-11-27 08:59:18,,,credit_card,362.01,345,2,,2019-08-18 15:33:23,2024-05-22 12:49:28
df3608fd-906d-4d77-b0bf-fc05ed43d9ce,+19703304562,ACT54322428,John,Williams,john.williams546@gmail.com,1989-03-07,OH,BUSINESS_50,2022-07-15 16:24:01,smartphone,983682354831065,LTE,1,2019-12-27 11:10:50,,,cash,419.03,552,5,,2019-01-03 13:08:55,2021-09-06 09:25:50
58ca97a1-94b0-4fed-bcf4-b6cf78abc00a,+14896881763,ACT22529027,Jennifer,Anderson,jennifer.anderson237@gmail.com,1979-08-09,CO,FAMILY_PLAN,2023-03-25 07:12:46,smartwatch,,5G_NSA,0,2021-03-10 18:26:48,2023-04-30 01:59:08,device_upgrade,voucher,310.24,,6,sprint,2020-04-05 14:41:59,2021-06-07 12:03:46
3621d365-7b9b-4a2e-b753-c847a9f91724,+14386879603,ACT28005723,James,Miller,james.miller255@gmail.com,1974-03-05,CA,POSTPAID_PRO,2022-08-30 19:35:54,hotspot,,3G,1,2022-03-06 15:43:21,,,cash,318.42,790,3,,2018-11-04 11:05:45,2023-12-07 22:39:29
09d63968-6bbc-4435-bef4-d2a462ca0c8f,+14029879279,ACT31029575,Susan,Brown,susan.brown303@gmail.com,1989-07-26,VA,POSTPAID_STARTER,2020-03-27 17:24:24,smartphone,755798418131954,3G,1,2020-02-11 04:18:53,,,check,338.63,596,4,,2019-10-25 10:53:05,2020-06-30 22:53:51
9146c90a-f6ae-4995-8b7f-14853e28e9a1,+16164958122,ACT17847194,Michael,Rodriguez,michael.rodriguez583@gmail.com,1996-07-02,NJ,POSTPAID_PRO,2020-09-28 04:11:26,hotspot,,5G_NSA,1,2019-06-18 06:04:55,,,debit_card,354.35,784,4,,2018-12-17 22:48:33,2024-07-26 08:28:45
00eef90a-f02a-414d-87ab-2747890028a4,+17268944668,ACT27172949,Linda,Rodriguez,linda.rodriguez739@gmail.com,1959-01-09,IL,POSTPAID_ELITE,2022-12-14 23:18:31,hotspot,,4G,1,2020-08-16 22:22:38,,,credit_card,389.15,828,6,,2018-03-23 20:47:44,2023-10-10 11:21:34
1f878f33-d62a-459d-8bb1-be28dea7d0e5,+16023720107,ACT44580774,Thomas,Smith,thomas.smith446@gmail.com,1999-07-24,NY,FAMILY_PLAN,2021-12-13 10:19:24,smartphone,750457098815677,WiFi_calling,1,2021-08-16 08:00:31,,,credit_card,346.85,660,2,,2019-05-23 23:06:08,2024-07-19 16:15:58
d3959e03-20da-4a8a-bb7d-8438ab8efe19,+15278332078,ACT35094784,Barbara,Brown,barbara.brown630@gmail.com,1983-02-10,IL,PREPAID_UNLIMITED,2023-12-07 14:16:34,tablet,936217913393489,WiFi_calling,0,2022-01-27 12:30:25,2024-02-25 02:06:56,service_quality,check,128.38,373,5,,2021-07-17 23:14:36,2024-07-30 17:00:37
bdb334fe-ed51-4374-9f8b-85057bf315a8,+16298690956,ACT89041102,Sarah,Brown,sarah.brown166@gmail.com,1954-04-12,CA,BUSINESS_UNLIMITED,2024-06-20 14:25:27,tablet,764027234061139,3G,1,2022-04-07 00:07:31,,,bank_transfer,92.32,644,3,,2021-10-27 05:09:19,2022-10-14 14:14:39
9a93efa4-398d-4622-8519-c57731a047f9,+17406333871,ACT59803827,Barbara,Martinez,barbara.martinez923@gmail.com,1953-02-11,FL,FAMILY_PLAN,2024-11-28 17:53:16,tablet,356101090029054,5G_NSA,1,2020-06-18 13:19:21,,,debit_card,269.57,303,4,,2019-11-01 13:27:33,2024-04-08 21:29:18
1502694c-a195-475a-8950-83e68864d7f2,+18191542491,ACT87982775,Charles,Rodriguez,charles.rodriguez240@gmail.com,1956-06-02,AZ,PREPAID_BASIC,2020-09-11 21:05:30,smartphone,863836779204299,5G,1,2020-05-29 19:12:10,,,auto_pay,113.08,389,4,boost,2019-01-24 01:48:46,2023-05-19 17:38:18
6034d73e-20e3-4945-ad1d-719fe6b12f4c,+12872374716,ACT33385023,Barbara,Gonzalez,barbara.gonzalez828@gmail.com,1981-10-20,WA,POSTPAID_PRO,2024-02-21 14:20:00,feature_phone,520009744325104,4G,1,2023-10-04 10:10:02,,,auto_pay,304.03,834,1,,2020-08-05 05:37:30,2024-07-08 13:48:05
9193cedf-3f22-4a3a-8f0f-70e5104df34f,+18408151393,ACT41082857,Jessica,Jackson,jessica.jackson460@gmail.com,2004-02-13,OH,POSTPAID_STARTER,2023-04-29 03:00:12,smartphone,619781177824139,3G,1,2020-12-20 08:53:48,,,debit_card,260.0,522,6,,2018-04-01 23:56:04,2022-04-25 07:04:07
c7c7bf40-a183-42ee-9e64-a5dd57dc1bc7,+13455376867,ACT25418364,David,Jackson,david.jackson123@gmail.com,1979-03-07,TX,POSTPAID_PRO,2020-01-18 19:29:27,tablet,699648534854946,5G,1,2019-07-17 05:04:43,,,cash,449.16,489,3,porting_unknown,2018-01-21 00:42:27,2022-08-30 10:40:35
0a85281a-17db-4532-8232-696b2a1083f6,+14001250946,ACT18826481,Richard,Miller,richard.miller394@gmail.com,1984-02-19,AZ,BUSINESS_50,2020-10-20 05:34:54,smartwatch,,5G,1,2020-01-23 16:20:56,,,bank_transfer,396.77,442,4,,2019-12-30 07:02:37,2023-09-30 21:06:52
8111f9e8-b2aa-47b7-a632-81c55d86b297,+16295500754,ACT19039457,Joseph,Martin,joseph.martin921@gmail.com,1987-08-09,OH,PREPAID_UNLIMITED,2021-01-09 08:08:45,feature_phone,655176727134700,4G,1,2019-08-17 19:36:39,,,credit_card,405.95,420,4,,2018-08-29 03:42:02,2019-12-23 13:37:36
9a3dc3a6-6d6a-4171-99a6-d6779c557b20,+13693852752,ACT14307446,Barbara,Martin,barbara.martin394@gmail.com,1990-03-15,AZ,PREPAID_UNLIMITED,2023-08-26 05:42:11,hotspot,,5G_NSA,1,2020-02-13 10:34:40,,,credit_card,357.94,,3,,2018-02-28 00:23:27,2020-07-13 12:59:35
8f8b8831-ddbc-4270-993f-419c2fa049f4,+17451422141,ACT32586071,Linda,Lopez,linda.lopez766@gmail.com,1987-02-17,MI,POSTPAID_ELITE,2020-02-22 11:28:04,smartphone,255545117069826,4G,1,2019-01-06 16:27:55,,,voucher,270.96,767,4,,2018-01-21 22:17:39,2022-05-10 04:52:45
a6a8fcaa-f5ff-4f7e-af32-8c2c66aaf59f,+19265963949,ACT60373122,Susan,Hernandez,,1986-12-13,MI,PREPAID_BASIC,2020-06-26 16:38:48,feature_phone,884813157190193,3G,0,2020-02-16 14:26:40,2023-02-28 04:52:34,competitor_offer,debit_card,82.53,477,6,att,2018-03-20 11:34:21,2021-04-12 16:30:14
0c598a49-dee9-4eb8-9122-ce8544665c92,+18752360790,ACT22842701,William,Thomas,william.thomas518@gmail.com,1958-09-05,FL,BUSINESS_50,2022-07-30 03:07:55,smartwatch,,3G,0,2021-05-17 16:40:27,2023-04-23 15:11:18,,bank_transfer,184.8,600,1,,2019-10-03 19:28:19,2023-07-31 08:22:43
58eb5733-ddce-41e1-a61b-7abf07a969dc,+12928830771,ACT97085659,Linda,Davis,linda.davis620@gmail.com,1982-07-01,MI,POSTPAID_ELITE,2021-10-09 03:12:16,smartphone,836454237260268,5G,1,2021-02-27 07:39:08,,,bank_transfer,153.59,511,1,,2018-10-22 19:55:16,2023-02-06 11:47:56
968708e3-374d-4712-becb-8e9317521b94,+17421855849,ACT96473315,Michael,Thomas,michael.thomas658@gmail.com,1982-07-26,NJ,POSTPAID_PRO,2021-04-13 18:28:45,tablet,125472553490998,4G,1,2021-01-30 12:03:52,,,cash,333.8,561,6,,2019-01-10 17:26:39,2023-11-30 22:22:15
dbc9691f-bd3d-412f-a992-f37181bea67d,+15687060201,ACT54107638,Linda,Gonzalez,linda.gonzalez836@gmail.com,2004-04-17,IL,BUSINESS_UNLIMITED,2021-03-24 10:48:28,smartphone,903885716670392,4G,1,2020-11-14 21:17:15,,,check,46.5,680,4,,2018-06-24 05:18:41,2021-03-30 02:55:25
43b833b1-9256-42eb-ad6d-594d9820a2df,+16955815530,ACT42539775,Linda,Wilson,linda.wilson451@gmail.com,1957-05-27,FL,PREPAID_UNLIMITED,2021-02-16 07:08:48,smartphone,926644048297845,4G,1,2019-08-07 20:30:38,,,credit_card,154.25,652,3,att,2018-09-24 22:20:23,2020-03-31 22:22:41
d18670a9-ea9e-4379-b4ad-98348d74dfd0,+15555122414,ACT13376322,Jessica,Garcia,jessica.garcia829@gmail.com,1986-04-10,WA,POSTPAID_ELITE,2020-08-17 10:29:09,smartphone,211732755491477,3G,1,2019-12-11 21:09:10,,,check,393.3,623,1,,2019-07-13 23:40:55,2023-03-23 08:53:16
1f02e5a7-4b49-48c0-81b3-1024c85933f2,+16046655969,ACT59014423,Joseph,Miller,joseph.miller340@gmail.com,,CO,POSTPAID_ELITE,2023-03-04 10:28:24,feature_phone,550378441240231,5G,1,2022-08-17 22:18:42,,,check,290.36,745,1,sprint,2019-06-15 02:48:37,2024-12-01 05:08:56
05f394b8-a0c1-430a-b8d8-91415525be37,+15749895175,ACT98865436,Charles,Hernandez,charles.hernandez842@gmail.com,1957-05-03,CA,FAMILY_PLAN,2022-03-31 17:33:25,smartphone,402223287914788,3G,1,2020-02-10 00:31:35,,,bank_transfer,210.44,606,2,,2019-02-26 09:30:41,2020-03-12 02:00:32
0712685c-6d53-4fa5-b17d-ee7c958ec77f,+18230192418,ACT87300763,Mary,Thomas,,1993-05-21,MI,PREPAID_UNLIMITED,2020-06-12 18:10:36,smartphone,453921974531671,4G,1,2020-03-08 04:20:48,,,debit_card,402.23,602,5,porting_unknown,2018-05-30 06:50:12,2022-06-01 17:38:15
7f239412-9a21-4a20-9543-2b601663c8e5,+16219217489,ACT39643494,Thomas,Jones,thomas.jones848@gmail.com,1992-04-03,VA,BUSINESS_50,2020-03-31 02:58:48,feature_phone,485465221451902,3G,1,2019-01-20 15:22:03,,,debit_card,145.96,773,2,,2018-11-09 05:04:39,2023-03-11 05:47:57
a50a4027-5c52-4508-96c6-65a4c6c21931,+12483544635,ACT79172600,James,Martinez,james.martinez181@gmail.com,1990-08-28,IL,BUSINESS_UNLIMITED,2024-04-21 12:13:21,smartphone,235710834474123,4G,1,2021-12-19 04:52:01,,,auto_pay,402.85,653,2,,2021-09-03 15:05:19,2022-10-07 23:00:46
45a7c7c4-c587-449f-969d-af2eb62cca1c,+17534135648,ACT54751037,Susan,Moore,susan.moore308@gmail.com,1988-11-01,WA,POSTPAID_STARTER,2021-11-19 06:49:08,smartphone,319101965190137,LTE,1,2021-11-15 13:30:47,,,voucher,259.51,403,3,sprint,2021-09-03 12:17:11,2023-11-25 01:31:25
d4b0bc3f-54c1-4a5d-8fa2-ed2753265740,+18486397043,ACT44172174,Joseph,Moore,joseph.moore872@gmail.com,1963-04-09,IL,BUSINESS_50,2020-05-30 06:01:25,hotspot,,LTE,1,2019-12-09 10:40:52,,,bank_transfer,,536,3,,2018-06-30 23:32:31,2024-01-26 16:45:10
c0911808-d67e-493f-8545-d958b9c65558,+18546927501,ACT94328014,Susan,Jones,susan.jones149@gmail.com,2001-09-13,CO,BUSINESS_UNLIMITED,2024-06-08 09:03:35,tablet,727366616269963,4G,1,2019-11-30 08:25:32,,,cash,194.1,715,2,boost,2019-03-05 21:16:59,2023-08-20 15:51:26
e85c6012-0c45-4677-881c-5eb6cfa80f00,+18059766060,ACT64466112,Charles,Moore,charles.moore335@gmail.com,1972-04-01,IL,POSTPAID_PRO,2021-03-26 18:41:21,hotspot,,3G,1,2020-06-23 00:41:16,,,debit_card,208.27,832,1,,2018-07-13 11:52:14,2021-02-07 08:23:43
25dd5dec-551f-4a57-916d-d7155fff70c4,+17076941055,ACT21737037,Linda,Johnson,linda.johnson204@gmail.com,,CO,POSTPAID_STARTER,2024-06-24 20:40:11,hotspot,,4G,1,2020-07-01 05:12:13,,,debit_card,232.35,486,4,,2019-09-18 09:46:34,2021-03-25 19:48:55
f926aab3-c048-4300-bf0a-640187d09966,+13516805502,ACT73572924,William,Taylor,william.taylor290@gmail.com,1983-09-26,NC,BUSINESS_50,2023-09-13 01:46:50,smartwatch,,WiFi_calling,1,2020-09-13 15:12:11,,,check,216.16,415,2,,2020-07-27 22:50:52,2022-09-10 21:14:10
a7e1e0c4-16f6-477b-8874-94ce0ef4ac18,+15400996244,ACT31073993,Thomas,Thomas,thomas.thomas327@gmail.com,1967-04-04,TX,BUSINESS_50,2020-11-22 20:37:06,tablet,986379832046669,5G_NSA,0,2019-06-10 04:43:44,2022-11-05 23:43:09,deceased,cash,253.14,336,2,,2019-01-01 19:57:47,2020-03-22 11:36:33
c762ccda-7051-4195-b4fc-539bf72d7424,+19432626193,ACT83304842,Barbara,Martin,barbara.martin496@gmail.com,1970-08-05,MA,BUSINESS_UNLIMITED,2021-04-07 21:16:28,feature_phone,404160097272173,3G,1,2019-05-16 19:58:04,,,cash,227.79,409,2,verizon,2019-01-17 22:11:58,2021-11-16 15:42:14
38e0ac4d-c226-496f-9885-437ffed62773,+18206218996,ACT92544387,Jessica,Johnson,jessica.johnson203@gmail.com,1951-09-08,GA,PREPAID_BASIC,2020-01-25 14:26:54,smartphone,216762241105031,3G,1,2019-06-06 17:04:54,,,auto_pay,279.93,369,4,,2018-03-23 19:26:09,2019-12-20 22:49:58
6186a91e-07e7-446b-b559-027b3d26b793,+19365426756,ACT92540671,David,Gonzalez,david.gonzalez691@gmail.com,1978-05-28,TX,PREPAID_BASIC,2020-07-07 04:30:33,smartphone,731407008510019,5G,1,2019-11-12 19:10:11,,,check,421.01,437,4,,2018-01-08 10:42:57,2024-06-27 17:06:35
c7b52376-6924-42fd-836c-4634908766d9,+18229642176,ACT15633895,Charles,Jackson,charles.jackson367@gmail.com,1957-11-05,MA,PREPAID_BASIC,2021-03-26 19:30:48,smartphone,512075567512150,LTE,0,2020-08-09 13:14:21,2023-12-06 10:49:11,service_quality,auto_pay,342.89,666,2,boost,2020-07-23 18:54:57,2022-04-27 11:24:24
c78a3aae-8fe2-40c8-bf6d-f21d2464acc6,+18891412000,ACT58222991,Robert,Garcia,robert.garcia21@gmail.com,1990-09-03,FL,POSTPAID_ELITE,2023-05-20 18:44:02,hotspot,,3G,1,2019-11-18 04:07:59,,,voucher,299.73,398,2,boost,2019-02-16 19:02:16,2023-02-27 07:37:31
a5c95306-4dad-4c62-a2a7-db746633d10e,+17254831234,ACT43956679,Susan,Lopez,susan.lopez839@gmail.com,1969-12-06,MA,BUSINESS_50,2021-05-13 07:26:29,feature_phone,951986752394473,4G,0,2020-11-07 04:33:03,2023-09-24 05:02:04,competitor_offer,debit_card,327.74,725,1,att,2019-06-01 11:53:43,2022-03-05 18:43:49
fe0ce899-f214-4eca-894d-61872a14ab09,+16698325739,ACT10928956,William,Williams,william.williams39@gmail.com,1961-10-19,MA,PREPAID_BASIC,2023-09-26 02:09:44,smartphone,173061998946529,3G,1,2019-02-03 10:22:40,,,check,301.09,712,6,,2018-06-29 05:46:53,2019-04-08 14:08:28
eb163350-8781-44e5-8434-f2323c9dd8c8,+14254210850,ACT92023535,John,Anderson,john.anderson922@gmail.com,1965-06-26,VA,POSTPAID_PRO,2023-11-09 06:38:47,tablet,634646390466280,5G,1,2019-06-24 16:03:21,,,check,344.53,656,3,,2018-02-22 10:38:56,2021-09-06 07:22:40
12f91051-7d24-4f62-bacc-29c17e0814c8,+12085001347,ACT95248091,Michael,Martinez,michael.martinez51@gmail.com,1994-09-22,MI,BUSINESS_UNLIMITED,2020-01-23 12:45:09,smartphone,962428347606164,5G_NSA,1,2019-04-17 11:14:37,,,cash,359.06,366,4,,2018-08-07 02:31:14,2020-07-07 01:53:42
90b4526e-8c51-4cae-9549-5488e9f30c01,+15290643936,ACT69194739,Robert,Anderson,robert.anderson242@gmail.com,1987-05-06,NJ,PREPAID_BASIC,2022-03-30 12:41:17,hotspot,,LTE,1,2020-05-20 11:43:49,,,bank_transfer,409.26,762,2,,2018-10-20 07:51:19,2021-02-05 15:14:18
363d2299-9d2f-4301-89ed-07781fc6bb69,+18067685116,ACT11852473,Joseph,Jones,joseph.jones648@gmail.com,1987-03-08,MA,BUSINESS_50,2024-01-06 07:37:08,feature_phone,101040217375002,WiFi_calling,1,2020-08-21 18:05:54,,,cash,253.75,364,1,,2019-08-13 16:22:45,2024-12-04 20:07:05
6e0c6ffb-2f76-4181-82b8-ae52f34cf0b6,+19246019367,ACT80679905,David,Brown,david.brown528@gmail.com,2003-07-03,FL,FAMILY_PLAN,2024-04-10 23:38:35,smartphone,813524398947415,5G,1,2023-06-02 12:27:39,,,check,152.58,601,5,,2021-05-29 11:36:03,2023-06-17 02:20:10
288f6711-3270-414c-ba34-06cc937dadc9,+15120643767,ACT41842732,Charles,Lopez,charles.lopez32@gmail.com,1996-07-01,NJ,PREPAID_BASIC,2024-08-17 20:38:30,feature_phone,590695529641058,4G,0,2019-01-28 20:33:09,2024-12-21 11:21:59,service_quality,voucher,447.38,729,3,att,2018-11-11 13:04:14,2021-09-19 22:20:24
a690ffc0-5639-4a9c-92e3-73d4dd91c666,+14607922714,ACT74295233,Robert,Brown,,1982-12-26,MA,POSTPAID_ELITE,2021-09-17 19:07:37,tablet,397365507115145,3G,1,2019-09-23 05:57:32,,,cash,241.29,507,1,cricket,2019-04-23 05:02:40,2022-06-10 19:49:20
fb2159ec-6fc1-4d1d-844e-9f8f6cda5e46,+13458772841,ACT60675140,Michael,Anderson,michael.anderson46@gmail.com,1984-01-02,GA,BUSINESS_UNLIMITED,2021-12-27 08:27:12,hotspot,,3G,1,2021-03-14 01:20:57,,,check,69.01,462,3,tmobile,2018-12-02 11:16:16,2024-10-16 07:05:52
1591a111-ba43-4322-9e44-33833406b474,+13359539998,ACT67950443,Sarah,Taylor,sarah.taylor291@gmail.com,1978-08-27,MA,BUSINESS_50,2023-03-15 02:56:03,smartwatch,,3G,1,2022-09-05 10:43:35,,,check,351.05,659,3,,2021-04-22 07:33:08,2024-06-07 23:50:25
bcd8fd66-1932-4685-9e6a-18214a8ae27a,+19315087313,ACT10071704,William,Davis,william.davis125@gmail.com,,OH,POSTPAID_PRO,2021-11-21 22:40:09,smartphone,547538111351355,LTE,1,2021-01-27 20:52:08,,,debit_card,215.68,817,2,sprint,2019-01-02 23:46:09,2021-09-24 20:06:15
c57bdb39-c7f8-4146-b0a2-73c3e1ec694a,+13822040415,ACT22305926,Patricia,Martin,patricia.martin857@gmail.com,1984-10-10,VA,POSTPAID_ELITE,2023-08-07 03:33:51,feature_phone,854191988585179,5G_NSA,1,2020-09-20 04:51:48,,,credit_card,317.45,732,6,,2019-01-09 04:45:19,2023-07-17 21:33:51
497d9e74-31f6-472e-9e1b-dcda7f33ca28,+18923680337,ACT25622560,Jessica,Jones,jessica.jones387@gmail.com,1967-02-23,FL,PREPAID_UNLIMITED,2022-11-18 20:59:09,feature_phone,310552560541847,5G_NSA,1,2019-09-09 18:59:04,,,cash,193.29,808,5,,2019-03-02 07:34:57,2023-03-02 20:04:02
4e797915-87fa-4314-a228-8195e26c45b9,+13243161455,ACT33069114,Sarah,Davis,sarah.davis594@gmail.com,1951-08-15,TX,BUSINESS_UNLIMITED,2020-06-07 20:35:56,tablet,940058522293250,5G,1,2019-10-25 06:37:34,,,credit_card,208.25,640,1,sprint,2019-06-22 06:38:13,2024-02-25 07:58:04
c8e83342-9f0e-46b8-8fd0-e4b99b861e8f,+16334379310,ACT78410554,James,Hernandez,james.hernandez591@gmail.com,1996-02-03,NC,POSTPAID_STARTER,2024-08-03 20:14:37,smartwatch,,5G,1,2024-05-28 12:32:41,,,bank_transfer,241.5,579,6,,2021-04-04 10:31:32,2024-09-03 19:57:01
4855ad56-8f39-41ed-9dfc-0efc17a68066,+19855510383,ACT49042826,Barbara,Smith,barbara.smith523@gmail.com,1956-05-23,MI,POSTPAID_ELITE,2021-03-30 11:46:08,hotspot,,3G,1,2019-01-28 03:57:28,,,debit_card,89.94,,1,boost,2018-01-27 10:44:51,2020-10-04 06:14:50
e348ee52-dcf4-4d78-b3e8-65439913cdc3,+15076511166,ACT61559760,David,Brown,david.brown76@gmail.com,1991-09-17,OH,FAMILY_PLAN,2021-06-18 10:32:03,tablet,775657143538316,3G,1,2021-01-20 18:30:15,,,check,61.94,662,3,,2018-09-22 01:57:56,2023-07-11 15:34:47
0ddf8be3-0e35-44ff-ba9c-0ed70d7066d7,+18067914971,ACT99434551,Michael,Williams,michael.williams592@gmail.com,1987-02-02,NC,PREPAID_BASIC,2023-07-23 04:07:19,feature_phone,762576688604427,WiFi_calling,0,2020-06-19 11:55:46,2023-08-15 21:24:31,relocation,check,335.39,748,4,,2020-03-04 06:11:02,2023-04-18 11:14:59
02021fe1-f7a6-4690-beef-e48eb294ca81,+16430506465,ACT77340970,Susan,Hernandez,susan.hernandez156@gmail.com,1978-02-03,NJ,PREPAID_BASIC,2020-04-15 13:54:47,hotspot,,3G,1,2019-08-26 08:17:01,,,bank_transfer,262.79,372,3,,2018-07-08 16:29:57,2021-07-27 13:32:59
ceb781df-2b7e-4663-a691-942dd0f9e645,+19668854922,ACT49941565,Michael,Martinez,michael.martinez421@gmail.com,1972-08-27,MI,POSTPAID_PRO,2024-07-11 07:01:57,hotspot,,LTE,1,2023-03-19 16:16:22,,,debit_card,57.77,742,6,att,2020-03-20 05:45:30,2023-08-28 11:20:19
69ac8cb3-01b5-4a64-aab5-6bd34c5bcded,+18212887890,ACT75234223,James,Miller,james.miller39@gmail.com,1990-04-14,CA,BUSINESS_50,2024-05-29 18:40:27,hotspot,,WiFi_calling,1,2021-11-14 03:26:59,,,debit_card,396.61,799,5,,2021-05-20 07:45:20,2022-01-27 11:40:15
aade0f61-a3db-4d38-b703-30921847f6bc,+15129064707,ACT89559016,Charles,Johnson,charles.johnson336@gmail.com,1965-01-07,GA,BUSINESS_50,2023-05-10 18:33:38,tablet,740478161647440,4G,1,2020-04-05 23:29:06,,,auto_pay,145.64,404,6,,2019-12-07 18:29:16,2023-05-23 00:28:10
9b7ac11c-2e1d-4116-b6b9-9a0cb31eb784,+17725744644,ACT20661649,Thomas,Brown,thomas.brown769@gmail.com,1992-12-10,GA,BUSINESS_50,2024-04-29 15:50:24,tablet,240442163197578,WiFi_calling,1,2023-01-19 11:36:38,,,cash,293.92,359,5,,2019-10-28 23:37:54,2023-08-10 17:13:37
80586e36-4e3a-4b89-bee7-7bf71418a035,+18440412407,ACT18415662,James,Hernandez,james.hernandez51@gmail.com,2002-08-16,TX,BUSINESS_50,2022-12-11 07:34:46,smartwatch,,LTE,1,2022-05-04 01:33:18,,,voucher,83.31,578,5,,2020-05-20 20:58:47,2023-10-29 04:36:43
d21b6a8f-c2cf-48c6-9846-fcffebe9a96b,+17029387147,ACT65357612,Jennifer,Anderson,jennifer.anderson701@gmail.com,1995-06-27,NY,PREPAID_UNLIMITED,2021-04-08 12:01:53,feature_phone,854699802366427,LTE,0,2020-11-02 08:58:56,2024-04-18 15:14:10,deceased,check,343.12,363,2,,2020-02-02 08:48:36,2023-11-25 18:26:22
e9cb0902-d239-4bec-9198-0cdc1d0c4f5d,+15083520340,ACT32537179,Robert,Thomas,robert.thomas756@gmail.com,1962-08-09,CA,PREPAID_UNLIMITED,2021-10-31 07:30:35,hotspot,,WiFi_calling,1,2021-08-15 05:31:57,,,auto_pay,65.8,539,2,,2018-08-16 17:24:33,2024-12-14 03:16:11
2f69ed2e-4922-4cd4-9116-2d303b6b7430,+18520451606,ACT60196534,William,Martinez,william.martinez633@gmail.com,1983-05-28,MA,BUSINESS_50,2022-10-19 13:36:26,feature_phone,548794927974706,3G,1,2020-02-16 05:12:19,,,auto_pay,439.39,696,4,,2019-03-02 05:57:20,2022-11-25 04:27:30
cb00f2dd-2197-4507-9eed-83282f125974,+15067310511,ACT93938590,Susan,Brown,susan.brown804@gmail.com,1966-10-19,IL,FAMILY_PLAN,2024-10-23 18:38:49,hotspot,,5G_NSA,1,2021-03-11 10:17:37,,,bank_transfer,241.47,623,3,,2019-07-29 04:11:02,2023-04-08 15:32:57
fd876393-555e-42f5-a800-277abfcb2169,+17775531406,ACT16850243,Barbara,Rodriguez,barbara.rodriguez477@gmail.com,1952-08-12,GA,BUSINESS_UNLIMITED,2021-11-07 19:12:00,hotspot,,LTE,1,2019-10-07 22:26:07,,,cash,267.06,780,2,att,2019-02-04 06:39:40,2023-06-08 09:02:35
d668e9b0-79db-4959-878f-2a8fe8e7a624,+14619346238,ACT25758908,William,Gonzalez,william.gonzalez697@gmail.com,1996-01-17,AZ,PREPAID_BASIC,2024-01-31 21:05:25,smartphone,146824215455344,WiFi_calling,1,2022-11-01 09:34:10,,,credit_card,441.23,719,6,,2019-10-31 04:18:22,2024-09-17 03:32:44
013b062b-ec5b-4b7d-9b21-563814600b8d,+14058210426,ACT96744740,William,Taylor,william.taylor634@gmail.com,1979-01-13,MA,POSTPAID_ELITE,2020-03-26 14:10:24,tablet,385314704380434,4G,1,2019-05-18 12:14:06,,,cash,410.12,533,2,cricket,2019-04-09 14:55:31,2019-05-30 08:40:18
649d3df5-cb0a-4b00-9e7d-773ffd6417ae,+19691595085,ACT50708204,Thomas,Martinez,thomas.martinez778@gmail.com,1966-03-26,NJ,POSTPAID_ELITE,2021-07-08 03:03:00,smartwatch,,3G,1,2019-08-21 12:48:33,,,credit_card,302.31,828,5,,2018-09-15 17:40:00,2023-03-17 05:15:23
94f1ee3d-a9c3-4493-97af-9b24ede51ce0,+16090089070,ACT37912435,Charles,Jones,charles.jones543@gmail.com,1955-01-07,CA,POSTPAID_PRO,2024-07-26 16:49:56,tablet,642579887586624,WiFi_calling,1,2019-01-04 10:48:21,,,auto_pay,174.23,730,6,porting_unknown,2018-03-30 22:23:45,2021-09-23 13:05:38
37ed0713-fecc-4627-877d-2f969ca67df8,+18359755239,ACT30122021,Mary,Taylor,mary.taylor833@gmail.com,1994-04-16,NC,BUSINESS_UNLIMITED,2023-01-31 22:12:18,smartwatch,,LTE,1,2019-12-10 12:01:17,,,check,177.41,467,5,sprint,2018-12-18 12:08:19,2024-02-26 21:16:44
de132fd6-9585-46ca-81d2-0629c9d5451f,+12085837424,ACT82024499,Robert,Moore,robert.moore429@gmail.com,1987-01-27,VA,POSTPAID_PRO,2024-12-27 12:06:32,feature_phone,528618546396704,LTE,1,2020-07-28 18:11:39,,,bank_transfer,218.02,758,6,boost,2018-09-27 21:40:20,2023-07-22 00:23:57
228c828c-fd81-4e24-9e9b-a24638c49333,+16407132704,ACT22787309,Charles,Garcia,charles.garcia898@gmail.com,1964-01-20,MA,POSTPAID_STARTER,2024-05-22 23:27:46,hotspot,,WiFi_calling,1,2021-12-20 09:24:08,,,bank_transfer,149.16,430,6,boost,2019-08-13 09:17:37,2022-01-09 09:06:33
e6f7456a-1fad-402b-a567-8e77cca29b02,+18918748093,ACT23815885,David,Davis,david.davis308@gmail.com,1991-10-26,MA,BUSINESS_UNLIMITED,2021-06-09 07:43:08,hotspot,,3G,0,2020-09-24 07:53:45,2022-07-13 05:01:00,service_quality,bank_transfer,330.73,667,1,,2018-01-10 07:24:07,2020-11-06 17:55:14
9d68fc09-7e14-4887-8662-ebfd8d378019,+17765019386,ACT64063944,Michael,Johnson,michael.johnson486@gmail.com,1956-02-02,NJ,PREPAID_UNLIMITED,2021-08-27 10:13:27,hotspot,,LTE,1,2020-07-19 20:12:24,,,voucher,315.02,670,1,,2019-05-01 09:10:43,2022-08-17 16:17:44
9d68fc09-7e14-4887-8662-ebfd8d378019,+17765019386,ACT64063944,MICHAEL,Johnson,michael.johnson486@gmail.com,1956-02-02,NJ,PREPAID_UNLIMITED,2021-08-27 10:13:27,hotspot,,LTE,1,2020-07-19 20:12:24,,,voucher,315.02,670,1,,2019-05-01 09:10:43,2022-08-17 16:17:44
4b8ae5bc-ce69-4a51-9300-b131117e03d5,+15382616232,ACT94796786,Michael,Garcia,michael.garcia375@gmail.com,1983-09-13,CO,POSTPAID_PRO,2024-01-06 04:09:34,smartwatch,,5G,1,2019-05-18 18:33:22,,,auto_pay,428.67,454,3,tmobile,2019-01-01 23:10:13,2024-11-11 19:46:31
27a6e368-8d33-4806-bc81-1b9cbd022740,+18227821164,ACT27524626,Charles,Brown,charles.brown553@gmail.com,,NC,POSTPAID_ELITE,2023-02-10 19:45:06,hotspot,,5G_NSA,0,2019-05-06 21:02:56,2024-05-14 08:11:27,unknown,voucher,151.05,701,3,boost,2018-03-06 06:31:55,2020-09-26 15:33:07
d3978667-ba86-4e28-a9b7-2f247841785a,+15486145747,ACT71655883,Mary,Jackson,mary.jackson253@gmail.com,1975-12-18,NY,BUSINESS_UNLIMITED,2022-01-17 01:21:13,smartphone,507553773630334,5G_NSA,1,2019-02-04 21:09:17,,,bank_transfer,118.25,693,1,tmobile,2018-10-13 05:54:45,2024-01-09 14:54:27
3cb7aac6-8b3c-435e-8568-44b7b670d5f9,+16988007241,ACT28862161,Jennifer,Jones,jennifer.jones442@gmail.com,1975-09-12,NC,POSTPAID_PRO,2023-05-12 03:16:32,tablet,593269587457405,3G,0,2019-02-18 02:58:26,2023-06-24 09:10:06,coverage_issue,debit_card,423.27,686,2,,2018-06-15 18:52:00,2019-03-16 23:37:36
44aff6e5-5b16-4065-ae4f-1d6db9d35c76,+14136884369,ACT62783451,Joseph,Jones,joseph.jones543@gmail.com,1994-08-04,IL,POSTPAID_ELITE,2023-01-24 19:22:39,feature_phone,345401265199925,WiFi_calling,1,2020-03-17 00:58:38,,,bank_transfer,306.48,604,6,,2019-04-09 02:22:46,2023-07-12 13:40:06
5e68dde5-93ae-4f07-b97e-e653ce18c255,+18369981195,ACT74045453,Joseph,Garcia,joseph.garcia488@gmail.com,1964-12-02,CO,BUSINESS_50,2021-03-10 00:04:44,tablet,569015408608490,5G,1,2019-12-17 20:04:21,,,credit_card,136.21,803,5,boost,2019-04-21 20:58:03,2021-01-13 12:34:07
10c92dc6-031b-437b-a0bd-cd40fd56378b,+13279485711,ACT26564997,Barbara,Garcia,barbara.garcia446@gmail.com,1980-09-24,TX,BUSINESS_UNLIMITED,2024-07-13 12:53:24,smartwatch,,3G,1,2022-01-28 23:26:24,,,bank_transfer,195.23,834,4,,2021-01-31 02:37:26,2022-10-29 10:11:09
f0cb285c-99c1-4c3f-b5eb-1adce8916b42,+15742892717,ACT52803598,Mary,Wilson,mary.wilson191@gmail.com,1962-01-16,IL,FAMILY_PLAN,2023-07-30 07:02:14,tablet,943231789931884,LTE,1,2019-07-01 20:06:34,,,auto_pay,24.97,369,5,att,2019-05-06 23:22:58,2020-12-21 23:06:00
371ade1a-706d-49d9-9390-820092f3bf57,+17855267465,ACT98470898,John,Wilson,john.wilson836@gmail.com,1996-11-11,IL,FAMILY_PLAN,2023-03-14 05:17:46,hotspot,,WiFi_calling,0,2019-10-26 06:35:10,2023-04-30 01:58:31,unknown,debit_card,238.19,756,6,,2018-09-21 10:57:17,2023-12-08 19:22:15
31905687-9320-4b43-b6ac-27a7cc6e8e22,+12984663401,ACT17224928,Richard,Davis,richard.davis848@gmail.com,1969-03-08,NY,POSTPAID_ELITE,2023-06-11 03:46:38,smartwatch,,5G,0,2019-11-14 21:54:56,2024-03-27 02:02:21,price_sensitivity,bank_transfer,56.05,762,1,att,2019-02-01 16:23:38,2021-01-21 11:46:32
30bc8ed4-4fbd-4c89-8825-abd10a486bc4,+12729919049,ACT97137753,John,Lopez,john.lopez500@gmail.com,1998-02-07,MI,POSTPAID_PRO,2023-04-19 00:40:16,smartwatch,,WiFi_calling,0,2019-05-26 00:34:08,2023-12-03 18:44:48,device_upgrade,check,205.5,368,4,,2018-12-06 03:21:59,2024-05-27 20:51:20
666375ed-bda2-4bfd-b80e-d9e5d23b0656,+15834803193,ACT20385197,Michael,Lopez,michael.lopez618@gmail.com,1966-06-08,AZ,BUSINESS_50,2023-05-02 02:28:41,tablet,764960880179586,3G,1,2021-05-27 14:42:05,,,voucher,166.41,842,5,verizon,2018-11-11 15:28:54,2022-10-02 05:08:01
960c4643-c857-4546-9a61-4b2383ea2228,+14341384441,ACT23351730,James,Garcia,james.garcia424@gmail.com,1991-11-26,MI,FAMILY_PLAN,2021-09-08 23:45:46,tablet,247778156474546,3G,1,2021-05-02 11:29:39,,,credit_card,139.47,507,4,,2019-12-10 19:00:33,2023-01-30 04:19:58
36331cf4-71c4-4c5e-9918-23f39e38dcfd,+13904511067,ACT16795002,Michael,Hernandez,michael.hernandez170@gmail.com,1974-10-24,WA,PREPAID_UNLIMITED,2022-11-20 22:43:47,tablet,884562056931510,5G,1,2020-02-06 17:40:20,,,cash,229.04,729,6,porting_unknown,2019-03-14 13:38:09,2021-04-13 03:46:21
988bdc2b-aa82-4f53-8707-c2f4beae7767,+14546586252,ACT11724379,Barbara,Jackson,barbara.jackson207@gmail.com,1950-04-28,MI,POSTPAID_STARTER,2022-01-14 16:51:23,smartwatch,,WiFi_calling,1,2019-04-21 10:10:35,,,auto_pay,259.68,742,4,sprint,2018-12-19 00:34:16,2024-09-22 02:40:52
fe930972-b468-43c1-a74b-f8afa6fa9a37,+13462614341,ACT41436741,Michael,Jones,michael.jones341@gmail.com,1981-01-12,VA,POSTPAID_PRO,2021-03-05 07:40:17,feature_phone,277048474009849,4G,1,2019-09-28 08:10:25,,,auto_pay,98.41,420,3,tmobile,2018-05-24 23:02:16,2024-04-24 23:04:02
3511158f-39dd-4fb4-a961-f9fbcf29a424,+12843120513,ACT45277027,Jennifer,Smith,jennifer.smith806@gmail.com,1977-04-09,CO,PREPAID_UNLIMITED,2023-02-08 06:20:35,smartwatch,,4G,1,2020-07-14 08:29:56,,,debit_card,36.25,713,2,,2018-06-28 17:01:15,2022-04-29 16:48:26
06022f24-82b0-4e78-bbc6-6447f8e0d109,+13401270441,ACT10286705,David,Davis,david.davis345@gmail.com,1983-11-11,AZ,PREPAID_UNLIMITED,2021-05-26 15:29:47,feature_phone,803777041278285,5G_NSA,1,2021-02-01 01:20:12,,,auto_pay,266.84,675,4,,2019-04-17 08:03:03,2024-02-20 14:49:42
1a8c7ecc-e798-44d3-a936-8b4acf2e06f2,+12110706048,ACT94774867,Karen,Johnson,karen.johnson292@gmail.com,1981-05-24,NY,POSTPAID_ELITE,2020-12-21 23:18:24,tablet,138192278082528,5G_NSA,1,2019-10-07 20:36:32,,,check,334.73,470,6,,2018-08-07 00:22:23,2024-08-09 20:20:12
48049fcc-6812-4c89-83d7-61f6ca59d58f,+13912592601,ACT88535120,Lisa,Anderson,lisa.anderson174@gmail.com,1987-03-05,OH,POSTPAID_ELITE,2022-07-16 03:08:24,feature_phone,330678629943232,WiFi_calling,1,2021-05-20 01:10:14,,,voucher,236.93,619,3,,2020-12-09 01:48:14,2024-04-30 03:34:01
0700579d-1993-4330-8160-c58a60b3b8a2,+15431540314,ACT47854263,Lisa,Davis,lisa.davis984@gmail.com,1978-08-18,VA,POSTPAID_PRO,2021-10-05 21:53:51,hotspot,,4G,1,2019-05-15 06:33:08,,,auto_pay,434.96,728,5,verizon,2018-02-28 07:41:39,2020-11-17 16:59:58
a9bb5689-e667-4220-b7aa-624dcd79954e,+17434658756,ACT81130428,Jennifer,Williams,jennifer.williams121@gmail.com,1960-01-04,AZ,BUSINESS_UNLIMITED,2021-06-16 01:28:42,smartwatch,,3G,1,2020-08-01 12:57:43,,,voucher,332.33,454,1,,2019-07-23 15:58:46,2023-12-02 23:57:45
69e10691-3d1c-45e5-a58c-4ec9525181cc,+16036339936,ACT81463678,James,Lopez,james.lopez366@gmail.com,1984-04-11,MA,POSTPAID_PRO,2022-02-22 11:28:05,smartwatch,,WiFi_calling,1,2019-06-22 13:40:59,,,debit_card,295.9,,1,tmobile,2019-03-05 12:55:01,2022-10-02 03:39:20
151aa59b-3665-4ca5-bb61-e52b665556cf,+16368838740,ACT46611219,Charles,Martinez,charles.martinez359@gmail.com,1962-12-01,NY,BUSINESS_UNLIMITED,2022-08-09 07:38:34,hotspot,,LTE,1,2022-06-03 19:17:30,,,cash,160.69,715,3,,2018-11-15 22:45:27,2023-07-03 21:46:50
4ddb769d-a5f2-4f2a-ae88-cc80faa5b93d,+15531960190,ACT58872241,Michael,Jones,michael.jones389@gmail.com,1963-07-04,WA,BUSINESS_UNLIMITED,2022-12-06 23:34:35,feature_phone,924382391202502,4G,1,2019-07-16 07:45:44,,,cash,138.69,773,2,,2018-02-11 20:25:40,2023-07-17 02:09:43
dcfa0cc4-27db-49f5-b5d3-7b42a5e8fc3b,+19656516466,ACT55362531,David,Smith,david.smith50@gmail.com,1967-10-27,MI,BUSINESS_50,2023-03-06 17:22:29,smartwatch,,5G,1,2022-08-04 04:30:38,,,credit_card,293.79,800,1,,2021-10-29 06:48:36,2022-10-14 06:42:49
efd9db89-8b90-4969-8c57-e7bf2234447d,+19400012567,ACT88532769,Richard,Lopez,richard.lopez992@gmail.com,1960-02-26,WA,POSTPAID_STARTER,2020-10-13 00:23:32,smartwatch,,WiFi_calling,0,2019-12-21 21:45:58,2021-12-20 17:38:44,service_quality,voucher,374.27,510,1,,2019-11-14 12:32:52,2023-10-21 08:14:40
44567e9f-b910-4909-ac90-8fd32a4028cf,+16420414592,ACT75068358,Barbara,Miller,barbara.miller543@gmail.com,1992-07-14,CO,POSTPAID_STARTER,2020-02-09 18:20:45,smartphone,929062862140420,5G,1,2019-08-31 12:00:38,,,check,140.37,496,3,,2018-08-02 11:02:53,2020-06-02 15:20:23
fdb6e041-beb0-432d-a41b-59c9e5f8d03e,+14310043062,ACT90953919,Thomas,Brown,thomas.brown802@gmail.com,1979-05-04,CA,PREPAID_UNLIMITED,2023-09-06 10:31:32,feature_phone,554168725250787,5G_NSA,0,2021-03-27 23:15:33,2023-11-27 00:15:46,competitor_offer,credit_card,78.97,452,3,,2020-08-16 02:26:34,2022-10-13 13:45:13
f8cabbfe-7043-45a5-af2a-25cf2f66cc45,+12764587540,ACT13348298,Michael,Hernandez,michael.hernandez167@gmail.com,1961-08-21,NY,PREPAID_UNLIMITED,2020-09-18 04:27:19,hotspot,,5G_NSA,1,2019-07-06 11:20:57,,,credit_card,365.07,620,6,porting_unknown,2018-10-31 22:31:20,2021-05-13 07:40:52
afcdfc35-a9a5-424e-b2df-38881e5af46b,+14642889514,ACT80398310,Karen,Brown,karen.brown953@gmail.com,,NC,PREPAID_BASIC,2024-08-28 07:08:59,smartwatch,,WiFi_calling,0,2023-05-23 08:26:46,2024-09-18 06:41:36,,check,165.86,703,6,cricket,2023-01-04 23:54:23,2024-07-12 04:37:39
742058ca-b823-4ace-92c5-3e580bd5eda5,+15288699088,ACT29359320,Susan,Martin,susan.martin554@gmail.com,2000-06-21,NC,POSTPAID_STARTER,2023-04-17 02:33:36,smartwatch,,5G,1,2019-08-13 20:39:55,,,credit_card,414.13,516,6,tmobile,2019-05-27 03:51:21,2024-01-17 22:35:14
d95303aa-02e5-4705-8546-73c892e0861f,+13233194211,ACT58348636,William,Lopez,william.lopez6@gmail.com,2004-09-04,IL,POSTPAID_PRO,2024-05-20 14:38:32,tablet,625753593243963,5G,1,2020-05-28 07:57:28,,,debit_card,261.62,754,6,,2018-10-21 14:55:07,2024-11-28 17:29:04
69788bf2-0c84-45c6-9bb5-6559fcbad248,+12383347704,ACT14910034,Lisa,Martinez,lisa.martinez179@gmail.com,2003-12-16,WA,POSTPAID_STARTER,2021-07-18 10:48:33,smartphone,531666576539093,5G,1,2020-10-29 19:28:43,,,auto_pay,89.84,359,2,,2018-12-28 11:12:06,2022-08-23 17:36:50
a8cf78a5-285f-4421-9b93-e0eccd6ad3e0,+18886872144,ACT80805877,Susan,Davis,susan.davis612@gmail.com,1954-09-22,FL,PREPAID_UNLIMITED,2022-09-04 11:19:36,smartphone,507182975394310,WiFi_calling,1,2020-11-08 09:38:53,,,cash,401.04,657,4,att,2020-09-05 22:34:54,2023-12-05 06:47:34
2ac1e7df-69f0-49cc-9488-79a196cc225b,+18108930277,ACT21654851,Jessica,Anderson,jessica.anderson255@gmail.com,1988-12-13,IL,PREPAID_BASIC,2021-10-24 18:02:28,hotspot,,5G_NSA,1,2019-06-06 07:46:18,,,auto_pay,72.12,844,6,,2018-07-09 16:23:58,2022-07-16 10:25:04
520d76e7-be46-4856-a3a1-a3e94ca12997,+15920976734,ACT12778474,Michael,Martinez,,1963-07-11,TX,FAMILY_PLAN,2023-07-26 10:06:56,tablet,617480517982955,5G,1,2020-03-02 17:52:41,,,check,324.46,784,3,,2019-12-12 05:28:50,2021-07-18 04:42:29
a6150e53-f876-42e0-86e0-4c6d285d6408,+18013308764,ACT20919098,Barbara,Moore,barbara.moore580@gmail.com,2000-04-10,AZ,BUSINESS_50,2024-06-16 10:11:06,smartphone,609604915376824,3G,1,2024-05-22 06:43:36,,,credit_card,425.89,838,3,att,2020-06-28 16:34:50,2024-10-10 05:45:25
eb76f68d-66bd-42ac-9390-91f3ba45ca34,+17121983097,ACT70844513,David,Thomas,david.thomas528@gmail.com,1988-01-21,WA,PREPAID_BASIC,2021-07-03 09:18:51,smartwatch,,5G,1,2019-10-29 01:34:29,,,cash,364.34,794,3,verizon,2018-04-23 00:39:52,2024-11-29 17:44:32
6d6ea6f1-a22b-4603-bc17-e3c8e7ddaaed,+13236758468,ACT99917486,David,Rodriguez,,1972-06-27,NJ,FAMILY_PLAN,2021-01-12 21:43:29,smartwatch,,3G,1,2020-03-25 00:06:23,,,debit_card,36.35,631,5,cricket,2018-02-12 23:17:17,2020-11-06 03:47:13
6b42aa2a-aa65-429a-9649-7508d4190b26,+17518212675,ACT50610900,Susan,Anderson,susan.anderson328@gmail.com,1962-08-09,TX,BUSINESS_50,2020-09-16 09:54:31,hotspot,,WiFi_calling,1,2020-08-30 19:59:37,,,debit_card,24.92,397,1,,2018-03-27 14:47:03,2021-12-30 20:03:12
a83a5981-4415-448f-8183-4436768a817b,+15700042420,ACT45279744,Jennifer,Thomas,jennifer.thomas360@gmail.com,2002-11-28,NC,POSTPAID_ELITE,2022-02-23 03:33:06,hotspot,,3G,1,2020-06-06 10:43:56,,,check,212.29,685,1,cricket,2018-05-11 04:33:33,2022-06-01 13:45:02
5573ac00-6d07-4996-a747-b776cec037c0,+13782471136,ACT37175048,Barbara,Johnson,,1982-06-16,NY,BUSINESS_50,2022-03-05 14:46:50,smartwatch,,3G,1,2020-06-29 08:34:42,,,voucher,330.41,690,2,verizon,2019-11-05 06:44:32,2024-02-17 06:37:21
f6990512-a2ff-4fb1-b8d7-34aeffd47050,+19432265303,ACT15353687,Lisa,Brown,lisa.brown346@gmail.com,1959-09-27,IL,PREPAID_BASIC,2023-09-15 11:00:35,smartwatch,,LTE,1,2021-04-25 19:48:23,,,check,361.94,,3,,2020-09-10 12:09:20,2024-10-13 20:29:59
5bb9619d-683c-4a56-bcc5-c200a824c596,+17234125028,ACT28799398,Lisa,Martin,,1993-02-10,AZ,BUSINESS_UNLIMITED,2023-02-12 10:15:51,smartphone,802723318285322,5G_NSA,1,2019-03-26 19:08:47,,,check,289.97,532,2,,2018-04-22 13:09:14,2024-09-30 08:10:11
02363696-bc6a-489e-9f54-4d24aaa91ea2,+17131949286,ACT86364791,Patricia,Lopez,patricia.lopez484@gmail.com,1959-07-21,NY,BUSINESS_50,2021-04-22 04:55:49,tablet,399642352659839,3G,1,2019-11-23 06:04:57,,,check,365.39,699,4,,2018-03-02 16:15:06,2020-03-13 05:07:29
9b46558c-cf96-46f9-97e9-26a16de4a6bc,+12239781628,ACT89940396,Patricia,Hernandez,patricia.hernandez359@gmail.com,1981-07-09,WA,PREPAID_UNLIMITED,2020-06-22 13:24:35,smartwatch,,5G_NSA,1,2020-01-28 02:28:21,,,bank_transfer,97.44,723,6,,2018-03-19 17:49:35,2021-06-11 13:18:05
67ad1178-94cd-4fbb-bf37-0f0c2942b576,+12120027162,ACT34608802,Joseph,Jackson,joseph.jackson547@gmail.com,1979-12-10,NY,POSTPAID_PRO,2023-09-30 05:52:09,feature_phone,420362876208705,4G,1,2021-04-19 12:58:26,,,check,173.86,612,3,porting_unknown,2019-05-14 23:17:46,2021-09-22 08:04:12
8009adb4-6ffc-4767-8e76-31b786b6bac2,+16682787427,ACT98783279,Michael,Davis,michael.davis361@gmail.com,1996-03-13,IL,PREPAID_BASIC,2023-04-07 09:19:59,smartwatch,,5G,0,2022-03-23 07:42:35,2024-08-14 19:47:39,service_quality,credit_card,153.07,391,4,,2021-07-05 05:54:32,2024-08-29 15:14:08
ba652573-14b4-4d70-b88b-7bdab6808843,+17741919797,ACT35437938,Barbara,Wilson,barbara.wilson224@gmail.com,1998-09-18,MA,PREPAID_UNLIMITED,2020-11-11 00:49:00,smartphone,940516646842379,5G,1,2020-01-05 00:01:29,,,voucher,174.98,610,1,boost,2019-05-20 13:09:27,2023-12-18 06:57:34
8cd826aa-a0f6-448e-9e0b-8ccfee487cd3,+18394394731,ACT34646122,John,Hernandez,john.hernandez395@gmail.com,1966-03-23,NC,BUSINESS_UNLIMITED,2021-12-20 05:02:16,feature_phone,185156588387989,LTE,1,2020-05-10 20:09:36,,,voucher,448.04,723,2,,2019-06-08 14:18:57,2024-02-16 22:24:54
5d012496-ac6f-4b80-a008-1eb925ffa29c,+17775389115,ACT69202368,Thomas,Anderson,thomas.anderson805@gmail.com,1982-10-26,MI,POSTPAID_STARTER,2021-11-21 01:36:04,feature_phone,362785175583745,5G,1,2021-03-25 09:48:06,,,cash,306.16,572,5,sprint,2018-12-30 22:48:48,2021-09-15 06:07:42
510fd065-5371-4c8a-9a97-623d6509bc6f,+19201758047,ACT48154510,Lisa,Jackson,lisa.jackson977@gmail.com,1966-03-05,NY,BUSINESS_UNLIMITED,2024-06-19 03:56:24,feature_phone,331133048930278,LTE,1,2020-11-30 20:02:04,,,check,116.95,596,2,,2019-12-17 09:05:36,2024-11-07 03:10:52
d67f78fd-2b0e-4892-b5b7-5dda01f33e32,+14837727577,ACT99195267,Barbara,Taylor,barbara.taylor111@gmail.com,1975-09-21,CA,PREPAID_UNLIMITED,2020-07-12 11:26:09,tablet,873247636205404,3G,1,2020-04-28 06:21:33,,,auto_pay,188.19,686,5,,2018-11-19 10:03:48,2021-06-10 08:16:14
0472a3cd-b198-40ae-a97c-62fec1158fb8,+16574135810,ACT37932441,Susan,Johnson,susan.johnson941@gmail.com,1985-10-01,WA,PREPAID_UNLIMITED,2024-07-31 13:32:51,smartphone,476549790228195,5G_NSA,1,2023-07-25 15:14:15,,,voucher,302.3,784,3,,2018-03-13 04:59:30,2023-11-28 16:15:12
0f91fad7-30c7-4819-8d6d-04851f5a6135,+15655273344,ACT12069598,Charles,Hernandez,charles.hernandez214@gmail.com,1998-10-18,AZ,BUSINESS_UNLIMITED,2022-03-09 02:56:15,tablet,402660175566923,4G,1,2021-02-12 19:06:45,,,debit_card,420.12,461,2,,2018-08-07 08:16:49,2022-09-03 17:14:43
e044bda0-f62f-4cdf-b77f-c0512bbb7c51,+13574279256,ACT36064862,Barbara,Wilson,barbara.wilson626@gmail.com,1961-03-05,TX,PREPAID_UNLIMITED,2023-11-07 02:04:17,smartphone,422090355978473,4G,1,2020-11-14 22:21:55,,,auto_pay,303.66,547,4,porting_unknown,2018-05-05 13:51:43,2024-11-12 01:47:56
03fcdb1a-6069-4330-96e2-7131f8f5c9af,+15877964395,ACT44974251,William,Lopez,william.lopez182@gmail.com,1953-08-23,AZ,BUSINESS_UNLIMITED,2022-08-07 15:41:01,smartwatch,,LTE,1,2019-01-05 09:24:20,,,voucher,331.12,617,1,,2018-10-27 03:02:11,2020-02-16 03:19:44
ab66e531-232f-4dcc-b712-2518ae2c2c3d,+17142697054,ACT80555871,Susan,Jackson,susan.jackson588@gmail.com,1968-01-12,IL,BUSINESS_UNLIMITED,2023-01-21 21:43:26,tablet,168202360258759,5G_NSA,1,2020-06-17 10:03:04,,,cash,254.23,335,6,,2020-04-05 12:48:15,2023-11-01 23:07:00
dd1e5698-705f-47a5-9cf5-4b2acf0cc9df,+18045692899,ACT12758372,Jessica,Lopez,jessica.lopez352@gmail.com,1976-01-11,CA,BUSINESS_UNLIMITED,2023-02-07 04:44:54,smartwatch,,3G,1,2020-05-30 06:29:58,,,bank_transfer,289.21,706,5,verizon,2018-12-15 16:42:03,2022-07-05 18:23:10
39d8d907-9745-41b2-a7f5-b4821faf598b,+18801582433,ACT44482117,Karen,Miller,karen.miller280@gmail.com,1996-04-12,NJ,POSTPAID_STARTER,2020-02-16 12:30:12,hotspot,,5G,1,2019-08-11 04:50:45,,,check,276.5,549,4,,2018-11-20 01:48:07,2019-10-14 09:26:11
80827bdf-d904-449c-add3-86fd3b821478,+15216058137,ACT39497913,Joseph,Brown,joseph.brown35@gmail.com,1985-07-20,CO,PREPAID_UNLIMITED,2023-06-12 15:58:56,tablet,389528732346751,3G,1,2021-09-25 09:36:56,,,cash,345.25,302,5,sprint,2019-06-17 15:43:43,2023-07-27 18:54:34
ec9812d2-8a87-41df-a7e7-98da9821ede4,+15534647123,ACT35519492,Susan,Anderson,susan.anderson449@gmail.com,1963-03-13,GA,PREPAID_BASIC,2022-06-14 17:25:28,feature_phone,591867574312555,LTE,1,2019-02-04 04:56:11,,,bank_transfer,33.16,442,4,,2018-05-01 19:57:34,2023-02-23 00:07:00
a9dfcb63-0284-4c6a-9bb8-6d63e0f1f709,+14665799420,ACT27679538,Patricia,Thomas,patricia.thomas499@gmail.com,1979-09-09,AZ,BUSINESS_50,2021-09-02 13:57:59,smartphone,665584439511135,4G,1,2019-06-05 08:55:38,,,debit_card,106.47,526,1,att,2018-04-06 15:25:39,2024-03-23 08:05:40
251a1fbf-00fe-4a10-865f-fca4a57b097e,+16624269303,ACT83979962,Patricia,Taylor,patricia.taylor733@gmail.com,1956-05-22,MI,POSTPAID_STARTER,2021-04-25 03:25:34,hotspot,,LTE,1,2020-06-21 20:59:47,,,check,268.41,669,5,sprint,2018-05-20 04:09:40,2023-01-01 14:26:46
251a1fbf-00fe-4a10-865f-fca4a57b097e,+16624269303,ACT83979962,PATRICIA,Taylor,patricia.taylor733@gmail.com,1956-05-22,MI,POSTPAID_STARTER,2021-04-25 03:25:34,hotspot,,LTE,1,2020-06-21 20:59:47,,,check,268.41,669,5,sprint,2018-05-20 04:09:40,2023-01-01 14:26:46
922f4c01-9994-4972-8411-0e77697d89c5,+14892428646,ACT41169785,William,Smith,william.smith264@gmail.com,1966-08-15,MI,BUSINESS_50,2024-03-31 22:05:13,tablet,837281031474398,3G,1,2019-05-14 21:59:17,,,check,352.27,577,5,porting_unknown,2018-04-14 03:19:01,2021-03-05 00:10:33
f718cbcf-286e-405f-aad8-774eae63780c,+19227236113,ACT95907859,Jessica,Anderson,jessica.anderson371@gmail.com,1976-04-27,GA,POSTPAID_STARTER,2024-01-10 02:03:14,tablet,404503072857073,LTE,1,2023-06-03 10:22:37,,,debit_card,136.47,534,2,,2021-09-16 10:12:45,2023-07-09 12:09:02
1cba4748-88cd-42c3-8338-5d0db6e15837,+13079194908,ACT92408815,Karen,Moore,karen.moore481@gmail.com,1988-08-27,CO,POSTPAID_ELITE,2020-10-03 14:08:57,smartwatch,,WiFi_calling,0,2019-02-21 19:02:30,2023-05-23 18:45:34,relocation,cash,168.34,586,3,,2018-06-10 20:02:10,2023-03-23 03:40:20
8579ed38-ca8b-41fe-87f3-c8109bc15133,+14614031213,ACT34327627,Susan,Hernandez,susan.hernandez9@gmail.com,1988-08-08,NC,BUSINESS_50,2024-05-31 18:31:16,hotspot,,5G_NSA,1,2022-09-21 18:52:05,,,voucher,99.75,529,2,,2019-07-17 04:23:56,2023-08-16 03:19:09
6ded30c5-cd68-4cbe-8996-74490ea017a3,+17360913846,ACT64487610,Linda,Thomas,linda.thomas633@gmail.com,1962-02-24,NJ,BUSINESS_UNLIMITED,2020-10-04 18:59:18,smartphone,603526996258227,3G,1,2020-07-09 08:29:52,,,cash,229.26,316,2,boost,2020-05-10 04:59:49,2024-12-30 08:37:23
3dcf37b8-ca43-4878-bc1d-0d1b879d37c0,+14707344008,ACT70339017,James,Davis,james.davis804@gmail.com,1987-06-24,NY,POSTPAID_ELITE,2024-05-10 03:40:37,feature_phone,187218706520983,5G_NSA,1,2023-04-08 01:30:18,,,check,389.52,485,1,cricket,2018-11-28 18:12:23,2023-05-16 01:46:33
e351ed73-44da-4280-98d8-277632119bfd,+16634690389,ACT29552804,Lisa,Lopez,lisa.lopez933@gmail.com,1988-08-22,IL,POSTPAID_STARTER,2022-09-07 19:41:09,smartphone,482452737409563,3G,1,2021-11-10 05:24:50,,,bank_transfer,32.18,797,3,,2018-11-20 00:18:08,2022-10-06 07:07:22
244a7d62-eb20-4c10-a884-bc4c2716f851,+13408695154,ACT77983852,David,Taylor,david.taylor222@gmail.com,1987-12-02,GA,PREPAID_UNLIMITED,2023-10-07 15:21:16,tablet,560933894129509,LTE,1,2022-05-10 22:12:18,,,bank_transfer,207.07,709,2,cricket,2019-06-28 15:18:26,2024-02-23 21:02:17
e8c6e2c9-a03e-42b3-8e09-29441ebabe21,+15726393893,ACT25086995,Michael,Jackson,michael.jackson724@gmail.com,,AZ,BUSINESS_50,2023-05-15 00:49:02,feature_phone,108463991770156,5G_NSA,1,2019-10-09 11:03:04,,,check,180.08,595,3,cricket,2019-09-13 17:54:03,2022-07-05 16:14:35
0748d3db-3225-47a1-8735-dee32a71cb76,+16482761601,ACT82015167,John,Moore,john.moore50@gmail.com,1962-09-24,GA,FAMILY_PLAN,2023-12-03 23:26:59,tablet,871027744050973,5G_NSA,1,2019-08-11 20:11:07,,,credit_card,203.26,702,4,,2019-01-11 13:52:15,2019-09-02 02:26:16
c537e567-fb66-4c1a-adc1-fdef9b456c45,+18592161366,ACT62757311,Thomas,Rodriguez,thomas.rodriguez515@gmail.com,1967-03-12,GA,BUSINESS_50,2020-02-21 00:33:45,feature_phone,119247359567929,LTE,0,2019-07-05 17:13:38,2022-08-18 07:48:49,coverage_issue,voucher,153.01,842,4,,2018-11-09 09:48:59,2023-12-09 04:13:17
b95d6e83-0f5d-4bdc-9768-489c6d977a40,+13747909167,ACT38860688,Jessica,Johnson,jessica.johnson493@gmail.com,1959-10-04,NY,POSTPAID_STARTER,2021-05-15 01:11:20,feature_phone,751123282643857,LTE,1,2019-11-14 22:16:27,,,check,142.99,610,4,sprint,2019-01-06 00:23:23,2022-04-10 01:37:07
3b6c1a4c-e7d1-47f3-bfa5-b601337368d0,+18275309278,ACT53580046,Lisa,Lopez,lisa.lopez149@gmail.com,1968-01-28,OH,FAMILY_PLAN,2022-05-05 15:47:45,smartwatch,,4G,1,2020-10-14 21:42:29,,,check,342.71,462,6,sprint,2018-07-05 05:55:17,2023-09-11 08:16:39
ced4396d-7f8b-46af-b508-13d3702ceb53,+18526694944,ACT79100526,Michael,Garcia,michael.garcia492@gmail.com,,WA,PREPAID_BASIC,2024-09-21 01:28:58,hotspot,,LTE,1,2021-09-26 21:54:39,,,bank_transfer,423.5,678,2,,2021-03-17 11:20:36,2023-03-13 02:03:25
0871c33b-9009-41e7-a968-ff7da762de04,+18248162918,ACT44755296,Robert,Brown,robert.brown850@gmail.com,1986-04-11,MI,PREPAID_UNLIMITED,2024-08-14 17:01:29,smartphone,732709366642248,5G,1,2019-01-22 06:35:59,,,credit_card,75.3,621,3,,2018-08-05 10:30:15,2021-03-08 08:07:43
c53268c9-c303-4f3b-8626-8fe8b62c3a99,+14537717494,ACT44619009,Lisa,Smith,lisa.smith705@gmail.com,1972-10-11,TX,FAMILY_PLAN,2023-03-05 18:21:58,feature_phone,424322726000775,3G,1,2020-05-20 00:43:23,,,auto_pay,,420,4,verizon,2020-03-13 00:26:20,2021-05-22 06:50:47
20f59de7-3d61-4b1a-b1f3-40d7fcf94143,+14104578247,ACT37407854,David,Moore,david.moore505@gmail.com,1950-08-22,OH,PREPAID_BASIC,2022-08-24 15:39:37,feature_phone,183796015626262,5G_NSA,1,2022-01-19 01:58:59,,,auto_pay,149.63,619,4,,2018-07-25 13:20:08,2023-09-24 07:44:56
f4f2ff11-d2d6-4751-a411-7984a12d151b,+15576505774,ACT92562587,Mary,Garcia,mary.garcia348@gmail.com,1969-09-03,WA,PREPAID_UNLIMITED,2023-10-24 04:08:31,hotspot,,5G_NSA,1,2022-02-19 21:51:52,,,cash,355.48,765,5,att,2019-09-06 03:48:14,2022-11-09 11:11:45
3932fe48-f70b-4a2a-9481-8517dfe7f9f6,+17876936922,ACT43147220,Thomas,Smith,thomas.smith161@gmail.com,1977-04-18,VA,POSTPAID_STARTER,2020-10-11 11:31:38,smartphone,836413609222810,5G_NSA,1,2019-03-29 09:32:14,,,bank_transfer,46.03,323,1,,2018-03-07 22:54:32,2024-04-27 00:34:02
e58f987b-b929-48f5-86fc-6fd6c6960e8b,+16553500346,ACT69684026,Linda,Thomas,linda.thomas278@gmail.com,1977-05-27,MI,POSTPAID_STARTER,2021-08-15 18:45:41,smartwatch,,5G_NSA,1,2021-05-21 11:53:01,,,debit_card,385.34,816,3,,2020-12-15 17:39:06,2021-08-29 00:50:47
4fad9e4f-0372-48d2-a053-eb15027893b7,+17558179632,ACT91543628,Richard,Lopez,richard.lopez513@gmail.com,2001-11-08,MI,PREPAID_UNLIMITED,2021-12-23 09:25:22,smartphone,797629326459177,4G,1,2021-12-09 08:14:06,,,bank_transfer,229.7,547,2,,2018-09-27 02:07:25,2023-07-10 18:12:41
599e64f6-b67c-4a1a-a4b5-5103446cb977,+13920932678,ACT90714766,John,Wilson,john.wilson818@gmail.com,1984-07-19,WA,PREPAID_BASIC,2021-10-18 11:17:07,smartphone,126626549303084,3G,1,2020-12-17 14:11:25,,,credit_card,44.69,716,1,porting_unknown,2019-09-06 08:44:49,2024-06-03 04:28:44
1d4b3284-2bc5-438f-b873-0ede8cc41e75,+17064792861,ACT60698946,Mary,Miller,mary.miller62@gmail.com,1989-11-12,GA,PREPAID_UNLIMITED,2023-11-22 03:35:59,feature_phone,216485965231921,LTE,1,2023-05-17 20:37:17,,,debit_card,313.83,557,5,cricket,2020-10-09 06:47:23,2024-03-03 15:08:09
230a1dcd-2721-4097-aab5-c313913882c8,+17635275192,ACT10395977,Sarah,Hernandez,sarah.hernandez660@gmail.com,2004-01-21,WA,POSTPAID_ELITE,2023-09-01 21:36:04,smartwatch,,5G,0,2023-03-10 07:40:33,2024-07-02 18:47:33,device_upgrade,bank_transfer,404.55,525,3,boost,2019-10-21 07:54:21,2024-05-04 10:29:22
a2bf2282-f52b-459f-88d8-66384f316e27,+12735342064,ACT52638987,Sarah,Williams,sarah.williams855@gmail.com,1955-05-25,TX,PREPAID_UNLIMITED,2022-12-28 14:04:25,hotspot,,5G,1,2022-05-30 17:06:19,,,cash,99.88,,5,porting_unknown,2018-02-11 13:00:20,2023-05-10 08:11:34
0fb8b660-720b-407d-afe3-fb861acd07f3,+14555634479,ACT65673805,Michael,Martinez,michael.martinez858@gmail.com,1985-04-06,AZ,BUSINESS_50,2023-05-25 18:04:33,hotspot,,WiFi_calling,1,2021-11-26 12:11:52,,,voucher,227.25,675,3,,2020-03-16 03:18:00,2023-07-28 15:34:59
a76ebf51-beb9-4f82-abcd-93e9e5eba3b7,+15290839077,ACT34830890,Sarah,Smith,sarah.smith339@gmail.com,1983-09-07,TX,BUSINESS_50,2024-08-14 03:46:28,hotspot,,3G,1,2024-06-26 23:04:35,,,bank_transfer,389.31,582,3,,2019-09-09 08:18:00,2024-09-19 04:09:09
8e179af9-5f13-4e88-a13b-1c40ab5452d6,+15380136982,ACT97229173,Michael,Jones,michael.jones382@gmail.com,1992-02-03,VA,BUSINESS_UNLIMITED,2024-10-14 09:43:06,smartwatch,,LTE,1,2023-05-08 22:06:26,,,auto_pay,326.47,830,3,,2022-05-09 03:35:17,2024-06-18 18:07:11
4450030a-ec31-4191-bbab-ff6abf063c69,+12336266430,ACT15949542,Charles,Smith,charles.smith437@gmail.com,1975-02-26,TX,BUSINESS_UNLIMITED,2022-11-16 09:16:34,tablet,528161314141287,3G,1,2020-10-13 08:38:31,,,voucher,413.57,426,1,,2020-06-04 09:32:02,2020-12-15 19:57:37
78ced725-cc10-4c7f-8059-57c48cdec97c,+14725669468,ACT44585317,Linda,Gonzalez,linda.gonzalez750@gmail.com,1974-04-20,MA,BUSINESS_UNLIMITED,2023-11-20 19:34:15,hotspot,,5G,0,2023-03-19 17:48:27,2024-08-06 03:41:24,unknown,debit_card,96.39,513,6,,2021-01-29 18:04:22,2024-07-17 16:18:22
8be22287-bf2e-444a-9fd4-1f452e67c316,+15239471846,ACT33966112,Susan,Martinez,susan.martinez996@gmail.com,,CA,PREPAID_UNLIMITED,2023-08-13 03:34:52,smartphone,944116460434925,4G,1,2019-07-21 08:19:25,,,check,147.75,486,1,,2019-03-06 04:08:28,2023-03-14 05:03:49
aae946ad-5ce9-4d13-94ad-4ce58524a86c,+15635887797,ACT37990333,Linda,Martinez,linda.martinez836@gmail.com,1972-10-07,GA,PREPAID_UNLIMITED,2021-12-03 20:21:30,tablet,288046558422433,5G,1,2019-08-08 00:30:31,,,cash,252.55,545,3,,2018-05-03 02:54:02,2021-05-26 07:20:30
cc103fab-cb55-4729-8155-1f56a243abc6,+15513845969,ACT29122477,Linda,Martin,linda.martin135@gmail.com,1957-10-28,NY,POSTPAID_PRO,2022-10-11 07:54:34,hotspot,,3G,1,2019-04-17 03:42:34,,,bank_transfer,432.79,820,1,tmobile,2018-10-30 13:08:18,2020-07-06 10:35:14
c179e67a-5014-4ec2-b153-ccc63676107c,+18439253461,ACT82929702,Linda,Garcia,linda.garcia578@gmail.com,2002-12-09,IL,PREPAID_UNLIMITED,2023-08-24 18:48:33,tablet,145349934515806,LTE,0,2021-05-22 18:55:06,2024-09-04 20:13:21,device_upgrade,check,23.65,807,1,,2020-01-21 16:23:16,2022-05-21 18:18:35
a98da482-3544-49d9-84ab-9b63716e62db,+13301991515,ACT38054267,Thomas,Williams,thomas.williams808@gmail.com,1989-10-04,WA,POSTPAID_PRO,2021-01-06 03:38:54,hotspot,,WiFi_calling,1,2019-11-17 20:32:14,,,bank_transfer,271.41,829,4,,2019-09-01 06:54:58,2020-03-26 10:42:44
6316eedb-5e9a-47f6-a438-023012fdf39d,+16058134947,ACT20661334,William,Davis,william.davis8@gmail.com,1951-01-04,AZ,POSTPAID_ELITE,2020-07-06 22:24:49,feature_phone,537697422867488,5G_NSA,1,2019-07-28 01:04:26,,,credit_card,423.39,648,2,cricket,2019-05-14 14:27:38,2023-09-30 14:25:59
7bf33d7c-e999-4f31-9096-397fe348d431,+13052370331,ACT66239221,William,Taylor,william.taylor322@gmail.com,2000-01-22,MA,PREPAID_BASIC,2021-01-23 04:10:50,smartphone,377082355774823,LTE,1,2020-06-12 23:09:41,,,check,97.52,763,2,,2020-01-28 21:05:30,2023-08-19 14:48:10
3a69d4fd-dbf3-4ef1-b71c-9eb44f96cfea,+14811243231,ACT94326344,David,Martinez,david.martinez678@gmail.com,1957-08-19,IL,FAMILY_PLAN,2023-07-07 21:12:32,tablet,689680004931011,5G,1,2019-02-22 11:04:36,,,credit_card,317.46,595,6,,2018-02-01 19:58:37,2020-12-02 09:42:45
70d09d38-9c2b-4865-b849-fd6e1c616e84,+17279802504,ACT76673658,Barbara,Gonzalez,barbara.gonzalez237@gmail.com,2001-02-14,CO,FAMILY_PLAN,2021-07-06 00:36:07,smartphone,790469684830902,5G_NSA,1,2019-04-22 17:15:43,,,debit_card,41.89,657,6,sprint,2018-09-25 02:50:32,2020-03-11 18:36:30
4816eaa7-915e-48e4-92fe-7102eb5f8d5b,+12022309288,ACT86068239,Patricia,Thomas,patricia.thomas394@gmail.com,1988-02-04,NY,FAMILY_PLAN,2023-07-17 05:51:33,smartphone,295821271415310,4G,1,2022-12-16 06:30:59,,,cash,89.98,584,1,,2021-12-24 20:46:37,2023-03-15 10:07:30
ecca7a98-4edc-4bfd-bd16-2fca40863087,+16933219528,ACT41701420,Patricia,Wilson,patricia.wilson719@gmail.com,1957-04-11,CA,POSTPAID_ELITE,2020-10-28 15:56:04,smartwatch,,5G,1,2020-05-16 13:39:12,,,credit_card,175.62,850,5,tmobile,2019-12-08 09:02:02,2023-10-03 02:50:26
31608d87-a705-4a56-a7ae-e086e03d41c8,+16839664781,ACT43050641,James,Gonzalez,,1955-07-03,FL,PREPAID_UNLIMITED,2024-08-15 11:16:33,smartphone,431455861494927,WiFi_calling,0,2023-10-01 07:46:32,2024-10-24 14:27:05,deceased,cash,100.97,406,4,,2023-01-09 15:59:25,2024-07-08 11:43:13
73f4e79d-5005-42b5-9651-f13daae19a23,+16750800141,ACT99313279,Michael,Davis,michael.davis786@gmail.com,1958-01-15,TX,BUSINESS_UNLIMITED,2022-02-27 06:32:22,feature_phone,302868768073570,4G,0,2022-01-01 12:32:42,2022-08-28 07:12:18,service_quality,cash,42.44,555,4,boost,2021-04-26 08:25:46,2022-03-12 06:15:31
bd57a560-0b95-40a7-a2c7-446ba0c3fca6,+13947330730,ACT82232281,Patricia,Martinez,patricia.martinez3@gmail.com,1968-04-15,IL,PREPAID_BASIC,2020-09-08 13:28:34,tablet,641782831989522,3G,1,2019-11-29 13:40:21,,,auto_pay,78.8,787,1,,2019-06-13 00:43:10,2023-01-19 10:03:45
17575c31-99e4-4203-ac7c-11389e1dc35f,+16710209218,ACT67668146,Thomas,Wilson,thomas.wilson440@gmail.com,1972-03-21,CA,POSTPAID_STARTER,2024-08-11 21:56:55,tablet,415282902684778,5G,1,2021-10-29 06:44:09,,,credit_card,414.17,496,1,,2020-01-07 11:12:28,2024-02-28 13:27:29
98dce6e4-9ed2-4b49-b71c-33c3503fb0d6,+14904250397,ACT86439013,Barbara,Lopez,barbara.lopez967@gmail.com,1992-03-17,MI,BUSINESS_50,2022-08-31 07:37:33,tablet,959333848931763,3G,1,2022-01-20 02:45:45,,,check,89.34,310,1,,2019-07-14 13:19:04,2024-09-14 03:49:21
78d268ce-55b2-4a42-8083-fd9efa326ff9,+18706635039,ACT52915728,Jennifer,Jackson,jennifer.jackson252@gmail.com,1950-10-18,FL,BUSINESS_50,2021-06-08 18:35:25,feature_phone,394368859504543,4G,1,2020-03-13 07:20:08,,,credit_card,106.7,404,2,att,2019-06-21 04:43:44,2023-03-23 05:19:20
94ab5d0e-a0f9-4780-842c-95afb79095e5,+18651817721,ACT75850196,Lisa,Moore,lisa.moore467@gmail.com,,MI,POSTPAID_ELITE,2024-10-19 21:30:32,smartphone,187490760068373,5G,1,2019-03-10 12:12:41,,,bank_transfer,394.94,461,5,,2018-05-02 17:02:23,2024-02-29 23:33:04
e079fb15-538f-48ec-bbb6-04f594062276,+14710586433,ACT27556872,William,Jones,william.jones875@gmail.com,1958-10-27,NY,POSTPAID_ELITE,2023-09-23 18:26:25,hotspot,,5G,0,2019-08-11 19:34:23,2024-01-02 22:16:28,service_quality,cash,410.54,342,3,,2019-01-13 20:33:59,2024-05-09 04:03:27
a1351735-3452-4dd8-9356-0f6eb4e62e63,+12338647666,ACT79221259,David,Jones,david.jones666@gmail.com,1982-07-02,NJ,PREPAID_UNLIMITED,2023-02-04 02:19:35,tablet,598603751791757,3G,1,2019-01-05 00:25:46,,,cash,,672,3,tmobile,2018-12-04 01:06:09,2019-08-10 02:50:38
ee204676-e61f-401a-9d7a-01e771e9a364,+12716767384,ACT32450206,Karen,Johnson,karen.johnson197@gmail.com,1985-04-09,TX,POSTPAID_STARTER,2021-09-18 13:10:40,tablet,552898026640394,3G,0,2019-11-06 03:41:14,2023-08-26 06:55:41,,voucher,73.19,803,5,,2018-11-16 14:55:22,2020-08-13 18:41:01
98c4d191-2f0d-435b-a6c0-369f0a7d0244,+17639081974,ACT97918407,Richard,Moore,richard.moore256@gmail.com,1996-08-18,VA,POSTPAID_STARTER,2020-08-24 05:43:50,tablet,880670215711154,5G_NSA,1,2019-04-02 07:02:15,,,cash,433.45,741,4,,2018-05-13 19:40:58,2024-10-12 00:52:30
49260eb9-81d6-4227-a3fa-72b2f656be3a,+19372080546,ACT31453682,Linda,Wilson,linda.wilson687@gmail.com,1960-12-12,FL,BUSINESS_50,2021-03-12 06:54:20,smartwatch,,LTE,1,2019-04-04 11:59:04,,,debit_card,219.85,547,4,,2018-04-12 01:51:34,2022-01-26 01:04:06
1637c1a2-4870-4269-82b9-ba55603744ee,+14677032114,ACT18453135,Lisa,Hernandez,lisa.hernandez392@gmail.com,1952-01-18,CO,PREPAID_UNLIMITED,2023-01-13 12:34:15,smartwatch,,5G_NSA,1,2020-02-25 06:30:46,,,auto_pay,155.41,705,6,,2018-05-11 07:11:25,2023-12-11 03:34:41
0f6f1a30-0299-48ac-96f4-7c5f6d6e7a80,+12261936833,ACT97646118,John,Martin,john.martin521@gmail.com,1965-01-27,NJ,PREPAID_BASIC,2024-06-08 21:38:33,tablet,537411860715792,4G,1,2024-06-03 01:46:04,,,auto_pay,285.25,682,5,,2020-02-17 16:00:51,2024-12-03 14:08:01
22949852-83cc-4ead-a5ee-50367334c8cd,+15301590420,ACT48852222,Richard,Anderson,richard.anderson643@gmail.com,1967-05-03,GA,PREPAID_UNLIMITED,2023-04-29 13:28:42,tablet,448245896212027,5G,1,2019-05-09 17:19:02,,,check,164.17,749,6,,2019-01-19 18:38:27,2022-04-27 23:23:44
182373d8-d576-4953-a721-5752ee7c7d48,+15430564579,ACT28825377,Jennifer,Brown,,2001-11-05,TX,POSTPAID_PRO,2023-10-22 16:17:13,smartphone,937815836258911,5G,0,2021-07-31 01:22:41,2024-11-27 01:35:50,relocation,debit_card,266.12,476,6,verizon,2021-04-08 13:54:07,2024-03-23 23:37:37
78654647-1a43-4529-8e5c-3ec901daf293,+16960732494,ACT92369982,John,Moore,john.moore469@gmail.com,1980-04-26,NY,BUSINESS_UNLIMITED,2024-09-24 17:54:39,smartwatch,,LTE,1,2023-03-07 17:11:40,,,bank_transfer,392.21,463,3,,2022-08-29 20:18:23,2024-05-06 13:43:58
c944b3bb-638b-4dc8-a1fb-5aaea89322b7,+18705000906,ACT17409889,David,Anderson,david.anderson759@gmail.com,1993-07-23,MI,BUSINESS_UNLIMITED,2023-03-29 09:50:23,smartphone,286669452257671,4G,1,2020-06-22 13:00:47,,,bank_transfer,186.25,423,6,,2018-09-19 05:55:05,2023-02-11 20:30:00
c78dfb9d-0987-4815-b784-107c707fdb41,+12704406334,ACT89436765,Charles,Moore,charles.moore943@gmail.com,1962-08-11,MI,PREPAID_UNLIMITED,2024-10-18 08:40:37,tablet,606316363395247,5G_NSA,0,2022-05-28 20:59:03,2024-12-07 02:16:26,competitor_offer,check,151.61,331,4,cricket,2022-01-18 15:50:10,2023-05-09 16:38:35
46925d50-563a-44be-9f1a-6018f7dfe9ff,+14888601154,ACT23548801,Linda,Miller,linda.miller242@gmail.com,1957-08-16,OH,POSTPAID_PRO,2023-04-14 07:30:57,tablet,422366518075028,5G_NSA,1,2020-06-15 21:31:48,,,check,382.74,515,1,,2018-05-20 16:24:13,2021-12-25 15:16:41
e9c07020-0d43-4bdf-acb7-c6372aaaa54a,+15189805253,ACT92227037,Thomas,Martin,thomas.martin742@gmail.com,,CA,POSTPAID_STARTER,2021-06-21 16:50:50,smartwatch,,5G,1,2020-06-23 17:11:38,,,debit_card,234.84,581,5,,2018-09-30 14:35:53,2021-04-23 21:02:41
e42996bf-1dbb-406c-a050-1ec4cc80f0ae,+16939145584,ACT60983762,Charles,Jackson,charles.jackson866@gmail.com,1954-03-15,GA,BUSINESS_UNLIMITED,2021-09-30 19:12:07,hotspot,,3G,1,2019-02-24 23:59:13,,,voucher,405.52,809,2,,2018-06-15 07:59:45,2021-03-10 14:36:19
fa59ce8b-c5df-433c-84aa-1a0d8a22e544,+15701409425,ACT35272329,James,Hernandez,james.hernandez179@gmail.com,1959-07-09,VA,FAMILY_PLAN,2020-04-30 09:36:05,feature_phone,708693159867256,5G,1,2019-08-23 19:25:45,,,cash,152.35,807,3,,2018-06-12 12:18:51,2021-01-10 17:58:23
32a8077e-f59b-4457-9552-e7cda9254a06,+13884079570,ACT92714735,Jessica,Martin,,1988-09-22,OH,PREPAID_UNLIMITED,2021-02-09 01:39:27,smartphone,588776594437093,LTE,1,2019-03-03 17:22:41,,,credit_card,127.36,363,3,verizon,2018-03-09 22:10:24,2021-08-28 01:36:08
b269d5b0-f2bf-48f3-8421-df27ee692a1d,+16253457779,ACT42677524,James,Davis,james.davis482@gmail.com,1969-02-28,NY,FAMILY_PLAN,2021-09-05 14:05:26,tablet,717997950103477,5G,0,2019-06-28 14:12:09,2024-05-01 21:15:23,coverage_issue,auto_pay,241.98,534,4,cricket,2018-07-09 13:05:47,2021-11-06 16:21:07
1c79937d-f741-48b9-9aa4-fa66d0f8f436,+17089152314,ACT96696470,David,Martin,david.martin485@gmail.com,1974-11-02,TX,BUSINESS_50,2023-08-08 16:15:30,smartwatch,,4G,1,2021-03-23 13:55:06,,,cash,101.66,525,1,cricket,2018-06-29 20:30:46,2022-03-18 23:52:08
bcc6fbd1-cbbe-41a5-a7b4-72084a88b6bf,+14413827875,ACT98086852,David,Smith,david.smith694@gmail.com,1971-07-27,CA,PREPAID_BASIC,2021-12-24 11:40:56,feature_phone,936804120159805,LTE,0,2019-05-25 09:46:12,2022-08-11 11:03:59,relocation,credit_card,114.5,456,5,,2018-11-11 08:27:28,2022-11-02 14:54:22
175e964f-78e7-46ef-86c4-401d2b35314d,+13875250677,ACT24915679,Robert,Martin,robert.martin437@gmail.com,1998-07-03,WA,BUSINESS_50,2024-09-16 06:27:19,smartwatch,,WiFi_calling,1,2022-10-16 22:13:45,,,debit_card,144.91,389,6,att,2018-11-03 01:37:53,2023-07-02 02:22:48
9c3d0e90-6c6e-4d8e-b27f-f3003ea82d1e,+18690893976,ACT91168126,Charles,Martinez,charles.martinez374@gmail.com,1976-04-11,TX,POSTPAID_STARTER,2024-08-27 12:47:49,smartphone,174851698011634,5G_NSA,1,2022-08-06 18:02:40,,,check,57.49,812,2,att,2018-04-01 03:15:20,2024-08-23 01:34:20
2d47597d-d964-4017-9f04-12ba64c451f6,+18955048433,ACT85497657,Lisa,Gonzalez,lisa.gonzalez67@gmail.com,1962-11-16,MI,POSTPAID_ELITE,2022-09-26 16:21:12,smartwatch,,5G_NSA,1,2019-07-03 23:32:31,,,voucher,55.3,658,1,cricket,2019-02-28 07:17:55,2024-09-19 23:36:54
7e95e0c3-87fe-43ca-98cc-42802ccb90db,+18085903468,ACT76490058,Linda,Martinez,linda.martinez93@gmail.com,1973-04-09,CA,PREPAID_UNLIMITED,2021-09-20 23:29:24,feature_phone,933076864455977,4G,1,2020-02-04 03:11:11,,,credit_card,384.12,779,6,,2018-04-10 18:23:23,2024-10-28 14:55:27
7d3e0596-f9db-459d-993d-27db368c8d5a,+15710394027,ACT58725559,Michael,Smith,michael.smith885@gmail.com,1980-10-15,NC,PREPAID_UNLIMITED,2021-07-21 02:07:09,tablet,467847772911318,WiFi_calling,0,2020-05-14 07:42:53,2022-10-19 02:26:52,coverage_issue,auto_pay,327.78,567,2,verizon,2018-07-03 18:24:57,2022-03-05 23:30:27
47e12748-8353-40d0-abad-0a4f3f7466c3,+14665158655,ACT42781658,Patricia,Davis,patricia.davis631@gmail.com,1954-06-02,MI,POSTPAID_ELITE,2021-01-22 09:25:36,smartwatch,,5G_NSA,1,2021-01-21 06:40:40,,,debit_card,134.11,735,2,,2018-06-10 01:32:35,2022-01-28 04:47:57
7df92b47-b749-474b-b32e-4ee2d985a151,+15836706740,ACT30683480,Mary,Taylor,mary.taylor390@gmail.com,1985-01-26,CO,PREPAID_BASIC,2021-11-23 19:18:58,feature_phone,808660158924515,5G,1,2021-05-21 13:26:30,,,cash,400.17,624,6,,2018-02-06 10:47:39,2024-03-22 18:57:57
36299058-2f29-4dab-82a2-cc0366e5686b,+13931386386,ACT91358672,Jennifer,Johnson,jennifer.johnson331@gmail.com,1972-04-18,NY,PREPAID_UNLIMITED,2023-03-08 11:39:44,smartphone,908866437608910,5G,1,2020-07-31 16:26:58,,,debit_card,274.79,840,6,,2019-04-23 07:36:20,2022-08-05 19:18:39
7433d762-46fd-4adf-8c74-200b3b0ceddd,+12807627972,ACT66810104,Jennifer,Smith,jennifer.smith968@gmail.com,1995-02-03,MI,POSTPAID_STARTER,2021-09-13 04:19:05,smartphone,936744413998608,3G,1,2020-08-04 20:47:30,,,cash,81.67,315,3,boost,2018-03-17 07:18:47,2023-11-24 14:27:11
fa531a7b-cd73-41ad-8db7-3894273ee521,+15210634871,ACT75192077,David,Garcia,david.garcia522@gmail.com,1972-09-16,NJ,BUSINESS_50,2024-11-29 06:33:50,feature_phone,444919744289053,5G,1,2020-01-18 16:38:52,,,credit_card,266.11,,6,,2018-09-19 07:49:50,2020-12-18 05:26:33
81c6db5c-396b-48e6-a214-e9142562cb95,+12577834446,ACT39332317,Thomas,Anderson,thomas.anderson368@gmail.com,1981-03-17,CO,BUSINESS_50,2020-11-30 13:47:27,hotspot,,WiFi_calling,1,2020-05-05 10:51:52,,,bank_transfer,302.73,318,5,,2019-01-05 18:48:01,2024-07-16 01:42:21
b44cec04-4330-4d3b-b0de-0e4401d3977d,+13329706794,ACT87618988,Thomas,Garcia,thomas.garcia971@gmail.com,1956-07-07,NC,POSTPAID_STARTER,2022-07-11 15:01:14,smartwatch,,5G_NSA,1,2019-06-01 20:25:27,,,check,52.9,622,1,,2018-11-28 07:38:01,2024-06-05 12:14:56
8e126ca7-cbbe-447c-a4cf-9743d164c9cc,+12620841132,ACT54211538,Thomas,Gonzalez,thomas.gonzalez247@gmail.com,1965-03-28,NC,FAMILY_PLAN,2021-12-13 22:45:14,tablet,592193025134162,5G_NSA,0,2019-03-20 19:10:04,2022-11-20 10:40:27,service_quality,credit_card,184.71,389,3,boost,2018-05-17 15:09:07,2022-09-07 15:48:38
f4622296-957f-463e-bf1f-6ddc3526fb21,+19354712958,ACT89119581,Jennifer,Thomas,jennifer.thomas595@gmail.com,1954-08-06,NJ,POSTPAID_ELITE,2021-12-20 10:20:18,smartwatch,,LTE,1,2019-03-07 01:44:15,,,credit_card,165.42,638,2,,2018-11-04 16:02:58,2024-04-17 06:25:53
39a1c6c7-755c-4d9b-9256-657a39dde51c,+14322296038,ACT57825636,Charles,Martin,charles.martin988@gmail.com,1965-01-11,MI,PREPAID_BASIC,2021-05-18 14:31:35,smartphone,919459977533566,4G,1,2020-10-14 09:11:01,,,credit_card,70.72,435,6,,2020-07-02 04:54:00,2022-11-18 02:23:50
89a30a14-2ef5-4c2b-a040-1c711844cf07,+14600013874,ACT14429137,Susan,Thomas,susan.thomas30@gmail.com,1980-03-06,FL,POSTPAID_ELITE,2021-12-22 08:07:16,hotspot,,5G_NSA,1,2021-11-05 12:18:56,,,auto_pay,376.6,561,2,verizon,2021-08-31 19:50:09,2022-04-13 05:36:24
c06d31e4-9127-4f37-b28f-a015297769cb,+19650824968,ACT92576789,James,Jones,james.jones858@gmail.com,1987-07-20,NC,POSTPAID_ELITE,2020-05-17 17:05:20,smartphone,914370759436983,4G,1,2019-09-08 16:14:19,,,check,421.19,717,6,,2018-03-30 23:16:14,2022-08-10 21:33:12
5a67819e-df49-408b-9d77-526f4a5673e3,+14351475657,ACT21009965,William,Thomas,william.thomas672@gmail.com,1958-08-15,MI,POSTPAID_STARTER,2023-05-03 15:55:04,hotspot,,5G,1,2019-05-12 07:36:09,,,check,58.66,315,4,,2018-06-02 18:32:28,2024-10-02 01:24:39
bf27a886-9ad6-40ec-b516-d749b5fa178c,+14105178119,ACT35766648,Joseph,Rodriguez,joseph.rodriguez743@gmail.com,1952-10-06,GA,POSTPAID_STARTER,2024-02-04 03:37:40,smartphone,525317021940984,5G_NSA,1,2019-06-24 11:06:06,,,bank_transfer,57.09,305,6,,2019-01-23 10:32:35,2023-09-27 13:21:12
3802c697-cc3b-479c-9d2b-ce9b7870944b,+18642029960,ACT41037022,Karen,Rodriguez,karen.rodriguez91@gmail.com,1984-12-28,OH,POSTPAID_ELITE,2020-11-24 02:11:31,feature_phone,946077798246102,4G,0,2019-08-25 15:46:12,2022-06-03 06:43:50,unknown,credit_card,284.95,591,2,porting_unknown,2019-07-06 01:43:54,2020-01-18 07:48:22
3802c697-cc3b-479c-9d2b-ce9b7870944b,+18642029960,ACT41037022,KAREN,Rodriguez,karen.rodriguez91@gmail.com,1984-12-28,OH,POSTPAID_ELITE,2020-11-24 02:11:31,feature_phone,946077798246102,4G,0,2019-08-25 15:46:12,2022-06-03 06:43:50,unknown,credit_card,284.95,591,2,porting_unknown,2019-07-06 01:43:54,2020-01-18 07:48:22
d4ce9171-e126-46fa-9209-a1c52b9847ca,+16429212777,ACT98523895,Joseph,Wilson,joseph.wilson594@gmail.com,2002-10-24,NJ,POSTPAID_PRO,2020-09-08 02:34:05,smartwatch,,LTE,1,2019-11-15 02:17:08,,,credit_card,57.08,,6,att,2019-02-11 10:14:16,2022-03-21 17:56:14
8482b347-444f-4211-beca-833fcd75b827,+15484706496,ACT27140524,Mary,Taylor,mary.taylor8@gmail.com,2002-12-15,MA,BUSINESS_50,2024-11-29 04:56:25,smartphone,908069464437942,5G,1,2024-05-27 04:46:51,,,voucher,53.16,449,4,,2018-08-30 00:09:36,2024-08-27 09:42:29
d7e8252a-2502-4c39-9cb2-99a49a2a8f30,+15231123756,ACT36973150,Charles,Rodriguez,charles.rodriguez799@gmail.com,1984-05-12,OH,POSTPAID_STARTER,2020-06-17 04:53:42,smartwatch,,5G,1,2019-08-23 13:09:44,,,voucher,51.52,608,3,,2019-02-24 18:22:30,2022-12-04 18:38:39
94664e58-d7f1-4dde-b855-a9392422f857,+19282869990,ACT38635271,Jessica,Davis,jessica.davis280@gmail.com,1988-04-21,MA,FAMILY_PLAN,2021-03-24 10:38:51,feature_phone,784807997607950,5G,1,2020-04-09 01:47:52,,,check,135.99,319,3,porting_unknown,2018-11-02 20:06:29,2023-01-31 10:08:39
3cd34d86-6520-411e-82f8-3e45d92e1592,+14645371145,ACT92954089,Michael,Miller,michael.miller177@gmail.com,1995-02-26,WA,BUSINESS_50,2020-01-02 14:29:39,hotspot,,WiFi_calling,1,2019-01-04 04:52:11,,,credit_card,337.77,734,1,,2018-09-13 06:56:29,2022-09-20 01:56:03
f6466038-6d0c-44fd-9a9f-8d3fd8c335e8,+12989737728,ACT60737382,Robert,Davis,robert.davis405@gmail.com,1995-07-08,WA,BUSINESS_50,2023-09-04 10:38:27,tablet,709737953292430,5G_NSA,1,2023-07-28 12:12:03,,,debit_card,372.48,374,5,,2022-11-23 09:21:47,2024-02-06 03:28:53
1b9e3f87-4d86-4d6b-8372-bfc24ca7083e,+14783706735,ACT91908715,Lisa,Smith,lisa.smith344@gmail.com,1993-03-15,NJ,POSTPAID_STARTER,2024-09-01 17:08:12,hotspot,,LTE,1,2022-12-08 04:34:25,,,debit_card,402.46,431,1,cricket,2021-09-09 17:58:33,2023-04-05 21:25:43
fa29d837-5885-4e66-8a4f-66a4f13bea06,+15920145008,ACT18643101,John,Wilson,john.wilson166@gmail.com,1953-05-06,OH,BUSINESS_50,2020-11-24 21:20:05,tablet,833365161028053,LTE,1,2020-01-12 12:08:00,,,check,254.82,575,3,,2019-12-06 15:50:44,2023-01-13 01:04:10
8ddc7a56-c999-4252-894b-2d8e4d652ab3,+17296492354,ACT69432299,Thomas,Garcia,thomas.garcia827@gmail.com,1985-08-17,CA,POSTPAID_STARTER,2021-04-29 06:33:30,smartphone,228983326058800,WiFi_calling,1,2020-04-04 07:08:33,,,debit_card,290.57,672,5,porting_unknown,2020-02-28 20:04:53,2020-06-06 03:46:50
e31a7795-e1b8-45c4-b22d-2d0a4aa58c9b,+15022939313,ACT68459904,David,Hernandez,david.hernandez740@gmail.com,1985-11-22,MI,FAMILY_PLAN,2020-05-11 04:16:33,hotspot,,5G,1,2019-01-10 07:07:45,,,cash,210.32,600,5,verizon,2018-07-03 14:23:05,2024-11-12 17:46:50
6b3fd329-9340-4da4-9ecf-82418f0b9bb0,+19041288698,ACT58381475,David,Anderson,david.anderson116@gmail.com,1970-03-28,NJ,PREPAID_BASIC,2021-06-20 21:48:41,hotspot,,3G,1,2020-04-02 11:06:20,,,credit_card,388.16,411,3,,2019-08-15 15:37:31,2021-03-09 10:09:52
8b110204-07f9-4485-9d98-2cd73d9088a0,+13704415776,ACT56768112,David,Davis,david.davis503@gmail.com,1959-03-21,MI,POSTPAID_ELITE,2023-09-14 20:18:55,feature_phone,523712361590947,4G,1,2023-08-10 18:03:42,,,auto_pay,139.77,305,5,,2021-09-01 17:32:22,2024-01-23 14:54:19
85366068-5f05-4a72-b071-240845fb4576,+14297621831,ACT60446543,Charles,Jones,charles.jones641@gmail.com,1990-03-19,NC,POSTPAID_STARTER,2022-03-02 02:55:13,tablet,858435564053142,4G,0,2019-04-12 07:31:00,2022-04-25 15:49:30,service_quality,debit_card,101.34,617,6,,2018-02-09 05:45:03,2020-08-19 23:23:28
ee92bd4a-e39a-4a54-92d4-05dab8701387,+13090248170,ACT29317757,William,Gonzalez,william.gonzalez979@gmail.com,1971-12-22,FL,POSTPAID_STARTER,2021-02-07 14:36:20,smartwatch,,5G_NSA,0,2019-01-30 20:13:58,2022-02-15 13:07:04,service_quality,cash,195.72,833,2,,2018-01-11 09:52:06,2019-11-05 06:44:25
99de9869-fed1-41e5-8949-2ef973fa731c,+16314335727,ACT37480545,Jessica,Taylor,jessica.taylor221@gmail.com,1954-04-17,OH,PREPAID_UNLIMITED,2020-03-26 18:26:31,hotspot,,5G,1,2020-01-19 09:26:00,,,cash,51.65,474,6,,2018-09-14 02:53:30,2021-12-08 04:08:33
5dcc997b-5a2e-46c2-860f-bfaed3a08650,+13266192642,ACT44205236,Richard,Garcia,richard.garcia439@gmail.com,1962-03-20,MA,POSTPAID_STARTER,2020-10-28 10:57:58,smartphone,366452668354141,WiFi_calling,1,2020-09-07 08:24:43,,,auto_pay,294.53,,3,boost,2019-01-05 00:54:15,2022-08-04 21:44:58
0cef7fb7-7254-406f-b6b1-f507d3561826,+12339820866,ACT54142216,Sarah,Lopez,sarah.lopez404@gmail.com,1970-07-01,IL,POSTPAID_ELITE,2023-04-29 11:11:16,feature_phone,922976383696690,LTE,1,2022-02-24 04:53:24,,,check,305.21,681,6,cricket,2021-06-05 08:45:49,2023-06-03 01:36:57
d9bfb399-3893-42bc-960d-425afd0aa493,+17763208401,ACT14600289,Richard,Davis,richard.davis411@gmail.com,1988-02-04,MI,BUSINESS_50,2024-12-07 09:07:35,feature_phone,258314383588004,LTE,1,2023-10-31 13:29:32,,,auto_pay,226.06,435,1,,2022-03-13 20:41:34,2024-03-21 15:28:52
cabca326-8949-4a89-8c68-4e969a5b7859,+18457891091,ACT68334685,John,Jones,john.jones716@gmail.com,1972-08-19,NY,POSTPAID_PRO,2022-01-21 07:19:14,tablet,806726389630544,5G_NSA,1,2021-05-13 14:54:03,,,check,109.0,,6,sprint,2019-04-26 22:48:10,2024-01-18 04:25:39
f7de60ae-7a06-41d1-b249-e0eb61da75ce,+16355953300,ACT38863872,Patricia,Anderson,patricia.anderson393@gmail.com,1958-02-25,MI,BUSINESS_UNLIMITED,2024-06-29 10:24:46,smartwatch,,4G,0,2022-01-14 15:12:45,2024-10-12 11:10:17,unknown,auto_pay,345.22,398,3,,2021-03-25 04:25:21,2022-02-08 23:07:37
9ce243d9-a541-42ab-aa9f-7ceec453baa8,+18613973706,ACT83381736,John,Smith,john.smith230@gmail.com,2003-09-14,VA,POSTPAID_ELITE,2020-05-07 22:18:19,hotspot,,LTE,1,2019-05-27 01:41:06,,,cash,346.34,681,2,boost,2018-04-28 03:16:11,2020-09-01 17:08:27
486933c1-d945-4008-bdc0-a0e73519d890,+13551300014,ACT81046447,Charles,Jackson,charles.jackson748@gmail.com,1970-01-26,CA,POSTPAID_PRO,2024-08-28 05:03:29,smartwatch,,WiFi_calling,1,2019-07-31 16:38:44,,,auto_pay,46.04,333,2,,2019-03-29 00:09:26,2023-04-30 12:15:13
42586280-fefe-4652-9d0a-e86404467b41,+18840541772,ACT84486894,William,Jackson,william.jackson774@gmail.com,1953-06-02,OH,PREPAID_UNLIMITED,2024-11-14 19:53:47,tablet,907342941810018,3G,1,2021-04-17 05:43:08,,,voucher,105.11,802,5,,2019-05-18 18:59:37,2023-01-30 11:52:15
852ede2d-f618-4a13-873d-6e1570b801e5,+13252232183,ACT60611260,James,Brown,james.brown907@gmail.com,1979-01-21,TX,POSTPAID_PRO,2024-04-01 18:15:02,hotspot,,WiFi_calling,0,2021-08-05 22:32:31,2024-08-14 02:30:39,,voucher,294.48,678,3,,2018-09-01 01:33:51,2023-10-18 05:26:21
a8e47aa6-1451-460b-8064-660833806d72,+16555367441,ACT28373598,Jennifer,Moore,jennifer.moore860@gmail.com,1980-10-06,WA,POSTPAID_ELITE,2024-06-25 18:46:15,tablet,402184347758679,3G,0,2022-06-25 21:09:39,2024-10-26 19:53:35,relocation,bank_transfer,299.42,506,4,att,2019-03-18 15:23:04,2023-05-06 16:03:54
53263ae5-9f6d-4275-a210-f22b3fb6505e,+19304322137,ACT67128894,Patricia,Miller,patricia.miller852@gmail.com,1982-11-12,CA,POSTPAID_STARTER,2020-02-01 00:32:07,hotspot,,3G,0,2019-03-15 08:46:07,2024-08-22 19:44:34,competitor_offer,bank_transfer,401.22,460,5,att,2018-01-30 23:24:46,2023-07-27 00:30:08
cb7b0a14-d208-412b-be8b-c10096c66a48,+14802094617,ACT11949524,Sarah,Miller,sarah.miller298@gmail.com,1961-03-09,NY,POSTPAID_PRO,2023-09-16 02:39:19,hotspot,,3G,1,2022-05-18 06:50:50,,,cash,362.55,604,6,,2020-06-20 01:55:02,2022-08-20 23:16:16
0fdea3b8-fcf5-4588-9ac9-6ef5afbd11b6,+18706653849,ACT92433985,Linda,Thomas,linda.thomas675@gmail.com,1979-09-21,MA,PREPAID_UNLIMITED,2022-11-23 06:25:28,feature_phone,266961917592030,WiFi_calling,1,2019-08-17 10:34:17,,,bank_transfer,81.41,458,6,cricket,2018-08-25 15:08:26,2019-12-19 22:50:40
15b4327e-effd-4bc0-acd8-7103bce0d51c,+13649151487,ACT19587917,Barbara,Martinez,barbara.martinez31@gmail.com,1958-10-18,IL,POSTPAID_STARTER,2022-12-25 21:36:56,hotspot,,5G_NSA,1,2020-04-14 21:00:33,,,credit_card,183.14,486,2,,2020-02-10 22:38:27,2021-08-12 02:39:25
ebe6fd34-c538-415a-abb0-3311956ca10c,+14316122975,ACT81488177,Susan,Jackson,susan.jackson122@gmail.com,1952-12-21,MA,PREPAID_BASIC,2021-12-28 06:27:03,smartwatch,,5G_NSA,1,2019-11-24 21:00:20,,,voucher,296.87,790,2,sprint,2018-03-17 00:22:38,2020-04-03 03:21:48
9f14f64e-3251-403d-a42d-6b4e83d8eca3,+16040758480,ACT53990856,Charles,Gonzalez,charles.gonzalez932@gmail.com,1963-08-26,VA,BUSINESS_UNLIMITED,2022-04-01 01:01:57,smartphone,824880334456701,WiFi_calling,1,2020-09-19 07:43:50,,,check,43.99,624,4,porting_unknown,2019-05-01 01:27:59,2021-10-24 06:02:28
ee678b35-d259-4f70-8f87-f9e2f6a3d6e0,+16720699190,ACT61471833,Lisa,Jackson,lisa.jackson210@gmail.com,1958-01-01,VA,PREPAID_UNLIMITED,2023-02-11 10:46:43,smartwatch,,LTE,0,2020-07-28 11:48:36,2024-03-13 10:08:28,competitor_offer,cash,352.87,802,3,,2019-01-11 10:46:25,2024-05-27 10:49:40
bbc72944-af0b-4373-b0f8-6c70292dad72,+16641431127,ACT41631862,Linda,Moore,,1956-12-16,CA,FAMILY_PLAN,2022-09-10 07:09:24,feature_phone,747709562741135,3G,1,2022-05-24 10:21:44,,,credit_card,313.1,,6,,2020-04-10 05:59:07,2023-01-06 09:41:33
e075650c-ffc0-4b18-a95e-cc73a8ce7c43,+13015583297,ACT68563009,Mary,Williams,mary.williams478@gmail.com,1995-06-21,WA,PREPAID_BASIC,2021-05-11 01:48:02,feature_phone,307781452927395,WiFi_calling,1,2020-11-12 10:43:06,,,credit_card,224.94,669,4,verizon,2019-09-07 01:19:40,2022-07-04 23:09:34
95d7b6fa-07d9-415f-846f-e724f025c45e,+15268617867,ACT34618709,Mary,Thomas,mary.thomas315@gmail.com,1974-07-04,TX,POSTPAID_STARTER,2022-06-06 08:15:31,tablet,467097480290823,5G,0,2022-01-23 09:23:06,2022-08-11 17:27:42,coverage_issue,cash,217.08,376,6,,2019-12-26 18:05:21,2024-11-09 12:07:55
6284efe3-0466-4ecf-aba3-dc47b074092b,+15131127813,ACT53974916,William,Johnson,william.johnson31@gmail.com,1975-10-20,NJ,POSTPAID_STARTER,2020-01-16 11:08:05,tablet,914999358619581,WiFi_calling,1,2019-06-19 11:38:29,,,bank_transfer,35.01,530,3,,2018-02-08 18:55:58,2022-02-02 22:14:57
3f167142-0834-46b7-be39-b3e94f8e2c2c,+17340217616,ACT76252019,James,Moore,james.moore381@gmail.com,2004-06-20,AZ,POSTPAID_STARTER,2021-09-14 13:04:12,smartwatch,,5G_NSA,0,2020-12-19 08:17:58,2022-11-28 23:53:39,price_sensitivity,auto_pay,74.45,587,6,,2020-07-15 15:40:48,2022-10-20 23:07:15
0b4b5888-ce0b-470b-ba69-7644bdfafb80,+18563055634,ACT37635387,William,Miller,william.miller986@gmail.com,2002-07-26,MA,PREPAID_UNLIMITED,2022-11-21 09:59:41,tablet,316669219150986,4G,1,2019-11-22 11:04:53,,,check,353.81,455,3,tmobile,2019-08-11 21:11:06,2022-05-13 17:28:56
0ed83dc5-1471-4374-bd32-f520668bfea6,+19637428506,ACT36597640,Jessica,Martin,jessica.martin131@gmail.com,1981-11-27,WA,BUSINESS_UNLIMITED,2020-05-17 16:44:24,tablet,114748126345283,LTE,1,2019-11-27 22:41:13,,,bank_transfer,273.83,655,2,,2018-02-16 23:03:22,2020-10-10 16:18:25
dc1f309a-5490-4a61-abb1-ccfb7eb8a7cd,+18958932463,ACT38445188,Thomas,Garcia,thomas.garcia882@gmail.com,1956-03-20,GA,POSTPAID_STARTER,2021-08-22 01:23:31,smartwatch,,WiFi_calling,1,2021-02-01 06:25:48,,,check,,584,1,,2019-01-27 23:25:26,2021-09-07 03:53:45
452a7612-2cd5-4c2f-9bca-b1e2a396a677,+14487672801,ACT54736968,Richard,Rodriguez,richard.rodriguez184@gmail.com,1965-07-21,OH,POSTPAID_STARTER,2020-11-04 20:10:26,hotspot,,WiFi_calling,1,2020-01-31 08:43:36,,,debit_card,436.43,652,5,,2018-01-12 18:03:36,2023-04-27 21:28:52
9b8a5410-60b3-47a9-a977-3457c4c10c90,+13670951943,ACT77997295,James,Taylor,james.taylor714@gmail.com,1973-05-12,IL,POSTPAID_ELITE,2022-12-09 18:26:47,hotspot,,3G,0,2020-01-19 22:14:51,2023-01-16 11:43:09,relocation,credit_card,215.48,594,5,,2018-04-01 23:14:09,2022-04-29 16:50:19
ea61e6b4-0fe4-4db7-a1d6-a87def3a04d7,+12506401285,ACT88186406,Patricia,Gonzalez,patricia.gonzalez384@gmail.com,1965-09-22,FL,PREPAID_BASIC,2021-03-06 21:59:37,hotspot,,WiFi_calling,1,2019-06-05 03:30:26,,,cash,366.1,695,3,,2018-07-27 20:23:33,2022-05-21 04:33:09
8ee7759a-5fec-40ab-8daf-9134aa83ab9d,+12603882292,ACT89257104,Charles,Hernandez,charles.hernandez827@gmail.com,1969-12-23,CO,POSTPAID_ELITE,2020-12-15 13:39:29,hotspot,,WiFi_calling,1,2019-08-12 04:58:25,,,voucher,17.24,547,2,,2019-03-22 21:36:42,2020-04-29 14:42:55
cc0a86b1-b0dd-49b3-859c-65da2a773413,+18806067156,ACT64488376,Charles,Gonzalez,charles.gonzalez764@gmail.com,1966-02-20,VA,POSTPAID_ELITE,2022-04-10 04:48:48,hotspot,,3G,1,2021-12-25 12:16:08,,,debit_card,17.6,830,6,tmobile,2018-01-14 19:40:44,2023-01-21 12:22:29
751f3cc9-1634-41f6-949e-f0e67d0d195e,+12184126462,ACT84428982,James,Gonzalez,james.gonzalez665@gmail.com,1968-11-23,MI,POSTPAID_STARTER,2020-03-02 13:24:04,tablet,352998336334132,5G,0,2020-01-17 18:46:01,2021-11-25 17:12:25,device_upgrade,debit_card,161.82,662,6,,2019-02-20 10:43:15,2020-05-03 21:45:22
3a101e01-6f22-4478-8d42-de3ee4dc1a14,+15085719481,ACT58025662,James,Rodriguez,james.rodriguez849@gmail.com,1954-06-13,GA,PREPAID_BASIC,2020-06-08 10:54:02,tablet,110693154797770,5G_NSA,1,2019-08-02 18:38:34,,,debit_card,424.95,360,6,att,2019-04-17 06:51:25,2023-02-15 05:14:57
fbe288ca-7078-4ac9-8a1b-279bf277b7f8,+18709875624,ACT32222218,Sarah,Hernandez,sarah.hernandez515@gmail.com,1971-05-27,NJ,POSTPAID_PRO,2022-07-25 11:30:25,hotspot,,3G,1,2021-03-02 01:25:58,,,credit_card,412.45,843,5,att,2018-12-05 22:14:36,2022-05-03 00:17:41
123aae1f-f97d-408a-8212-aa8fe07ae1be,+12617273544,ACT17998320,Patricia,Martinez,patricia.martinez856@gmail.com,1964-09-18,MI,BUSINESS_UNLIMITED,2023-04-12 19:07:58,tablet,167570897262225,4G,1,2020-09-20 19:44:12,,,bank_transfer,227.75,325,2,verizon,2019-02-26 08:45:32,2022-05-12 06:01:45
81232510-10c8-4416-aa36-2e3e6f04b1ab,+19592700407,ACT16059922,John,Garcia,john.garcia497@gmail.com,1963-09-22,OH,POSTPAID_ELITE,2024-02-25 15:02:27,smartwatch,,3G,1,2022-04-24 23:03:44,,,check,422.97,423,5,,2020-04-24 09:40:37,2023-06-07 08:16:52
c5ac76c6-1e70-4a33-8ebc-3e1b8b4875e5,+16515261498,ACT99360549,Thomas,Hernandez,,,AZ,POSTPAID_ELITE,2023-02-17 18:47:59,smartphone,830222608394161,5G,0,2020-07-31 16:45:27,2023-12-07 11:08:31,deceased,auto_pay,271.22,391,4,,2019-06-04 01:42:30,2021-09-24 02:38:38
9ec998a9-c4ab-4a24-9c47-8b724bbb9565,+19370342289,ACT27870097,John,Davis,john.davis472@gmail.com,1956-02-06,FL,POSTPAID_PRO,2024-01-31 05:40:43,feature_phone,924285110793200,5G,1,2019-01-20 22:47:23,,,bank_transfer,157.03,850,6,,2018-01-19 10:15:01,2024-11-18 02:58:33
25582508-08f5-49bf-8b30-9231448c4469,+16344487987,ACT91198482,Lisa,Lopez,lisa.lopez10@gmail.com,1998-09-27,GA,BUSINESS_UNLIMITED,2021-12-14 08:15:17,smartphone,964858469825392,5G,1,2020-08-26 10:50:43,,,credit_card,254.2,737,1,,2018-11-22 16:17:48,2024-06-11 16:45:23
68e49535-e215-4b86-a7d2-3cc30218c4f3,+18902043285,ACT39644723,Joseph,Davis,joseph.davis328@gmail.com,1980-05-25,CA,BUSINESS_UNLIMITED,2023-02-02 04:12:52,smartphone,778905266210901,3G,0,2023-01-29 09:02:42,2023-09-03 16:32:29,,voucher,80.77,396,4,,2020-10-14 02:39:17,2023-03-18 03:17:00
f3d67776-9153-4178-bebe-809482a8cb87,+15846611733,ACT56631395,Lisa,Jackson,lisa.jackson2@gmail.com,1978-09-11,MA,POSTPAID_STARTER,2024-01-16 21:53:00,tablet,737810203474704,5G,1,2023-03-23 14:54:08,,,voucher,183.26,766,1,tmobile,2019-02-26 02:27:04,2024-02-06 10:06:26
6aaf3aee-c424-409b-b0ad-0a4f59dc4039,+13378853756,ACT31191901,Karen,Smith,karen.smith84@gmail.com,1967-07-10,OH,PREPAID_BASIC,2021-08-01 09:22:00,smartphone,697775318110425,WiFi_calling,1,2019-03-13 02:03:21,,,cash,241.09,317,3,porting_unknown,2019-02-09 07:14:26,2023-06-24 19:18:05
e02a72b9-efa8-4a23-aef7-ebf12ec143cc,+15299520886,ACT32254094,Barbara,Jackson,barbara.jackson979@gmail.com,1999-03-15,FL,POSTPAID_STARTER,2022-09-05 23:13:14,feature_phone,710061434310753,5G_NSA,1,2021-02-15 05:31:50,,,debit_card,40.86,667,6,tmobile,2020-05-16 18:04:42,2024-06-09 04:37:45
e68394bf-e80c-479a-9c4f-10681e129ef1,+13183699386,ACT99007442,Linda,Rodriguez,linda.rodriguez606@gmail.com,1983-02-24,MI,POSTPAID_ELITE,2020-12-06 10:22:37,feature_phone,304065381892431,3G,1,2020-04-25 20:50:12,,,cash,87.3,723,1,tmobile,2019-02-15 07:32:50,2023-03-14 01:04:47
e6695f17-7653-41b5-bd6a-42ffaeb6709c,+13903055366,ACT67504338,William,Hernandez,william.hernandez737@gmail.com,1988-04-19,MA,FAMILY_PLAN,2020-10-26 13:30:44,smartwatch,,WiFi_calling,1,2020-07-26 15:21:28,,,voucher,66.73,486,6,,2019-11-18 12:11:08,2020-12-28 16:00:52
b5604606-d6c4-4d9f-baf8-ddf71324c169,+13146710613,ACT33600615,Robert,Thomas,robert.thomas135@gmail.com,1966-11-12,CO,POSTPAID_ELITE,2024-06-23 04:03:06,smartwatch,,LTE,1,2022-09-11 15:53:33,,,credit_card,241.47,784,5,sprint,2018-02-07 16:57:51,2023-11-08 22:58:07
118ef06b-7aaf-4ab2-9406-e4f659d1ef0d,+18952437835,ACT10240099,Robert,Moore,robert.moore651@gmail.com,1984-04-26,CA,PREPAID_BASIC,2020-05-24 10:31:24,smartwatch,,WiFi_calling,1,2020-03-31 10:14:14,,,debit_card,212.01,708,4,,2018-11-07 03:58:02,2022-07-21 14:54:00
8d4c45ce-8bb1-4367-8717-06657ab2a657,+14787355908,ACT78071965,Thomas,Martin,thomas.martin914@gmail.com,1977-10-18,CA,POSTPAID_PRO,2024-04-10 12:08:21,tablet,549589194895679,5G,1,2023-09-04 16:43:18,,,voucher,184.47,405,2,boost,2019-12-25 01:49:02,2023-11-28 07:30:03
a0756194-e090-4695-982d-70ebbddac8ac,+16431424609,ACT38939120,Barbara,Jackson,barbara.jackson224@gmail.com,1963-11-09,OH,POSTPAID_STARTER,2023-02-18 18:21:17,feature_phone,846587643363530,WiFi_calling,1,2022-11-25 15:28:59,,,auto_pay,219.82,734,3,boost,2018-11-14 03:52:15,2023-11-19 22:30:58
4cf062c3-160e-40cd-8319-2c2baf0dc609,+19096305881,ACT39379716,Michael,Miller,michael.miller268@gmail.com,1980-02-13,NY,BUSINESS_UNLIMITED,2021-09-13 02:37:32,hotspot,,LTE,1,2021-02-04 21:00:04,,,voucher,144.39,437,2,porting_unknown,2020-02-05 01:09:50,2022-10-11 10:30:28
01b523b2-9259-4c73-a689-f11f279196c7,+13881405081,ACT40170064,Sarah,Moore,sarah.moore64@gmail.com,1957-05-12,CA,PREPAID_BASIC,2022-11-23 19:49:02,feature_phone,747468772881726,LTE,1,2020-01-30 13:13:54,,,debit_card,328.67,541,3,,2019-07-19 13:18:41,2023-04-26 06:33:30
0d36e66a-5cba-4c3b-a6b2-d14e975c85cf,+16880642135,ACT55551012,Joseph,Jones,joseph.jones919@gmail.com,1969-03-25,WA,FAMILY_PLAN,2022-10-26 21:52:19,feature_phone,272622206178954,WiFi_calling,1,2020-07-06 08:42:57,,,credit_card,170.69,517,6,boost,2020-02-05 07:10:14,2021-11-05 09:50:18
cd573bbc-bdaa-44f4-b1be-00e8d978645c,+17166903446,ACT25892279,Mary,Martin,mary.martin547@gmail.com,1968-07-05,CA,POSTPAID_STARTER,2023-11-20 13:38:57,feature_phone,866515360359329,4G,1,2020-09-11 17:53:15,,,check,211.27,449,4,porting_unknown,2020-01-09 08:15:59,2024-06-03 17:58:31
6057ba8b-01f0-4a5f-bbda-bbdafe51caca,+16561691675,ACT38363826,Susan,Thomas,susan.thomas186@gmail.com,1963-07-05,NY,FAMILY_PLAN,2021-09-14 11:14:55,smartwatch,,LTE,1,2019-06-30 23:34:47,,,auto_pay,113.27,336,3,att,2019-04-17 02:33:06,2020-05-30 11:50:46
cb266910-cf9e-4aa5-9a21-ea9330bc5a50,+15069578330,ACT55821524,Michael,Brown,michael.brown283@gmail.com,1985-02-16,NC,PREPAID_BASIC,2023-11-29 01:20:31,smartphone,714150171171568,4G,1,2022-12-02 11:46:15,,,auto_pay,143.9,618,2,,2022-10-28 16:17:57,2023-09-23 21:20:02
a97f57c9-7117-4369-809a-215d77768d59,+18616387260,ACT99299585,Thomas,Jackson,thomas.jackson772@gmail.com,1956-12-22,FL,POSTPAID_PRO,2023-07-14 15:16:41,hotspot,,3G,1,2019-01-10 08:01:06,,,check,80.7,799,5,sprint,2018-07-06 23:58:24,2020-01-07 21:24:07
193cdbf5-2d56-41a4-ae5c-70aabbc24509,+12111168904,ACT60641329,Mary,Johnson,mary.johnson670@gmail.com,1984-04-19,MA,BUSINESS_UNLIMITED,2021-08-30 22:47:26,smartphone,819451368597489,LTE,1,2020-04-09 13:42:31,,,cash,215.7,407,5,,2019-11-20 07:22:24,2024-07-29 20:02:22
b0a11d3b-8277-4f37-8a14-97cc04df0e68,+15409094240,ACT99798061,Sarah,Jackson,sarah.jackson160@gmail.com,1978-04-10,OH,PREPAID_BASIC,2020-11-29 02:39:58,smartwatch,,3G,0,2020-03-18 02:26:26,2023-02-12 00:19:11,price_sensitivity,debit_card,25.4,563,4,,2018-01-05 23:24:56,2022-03-03 06:45:34
e2744243-ad2b-4120-80c3-561dbb3d2dd3,+13197704218,ACT25958103,Robert,Smith,robert.smith518@gmail.com,1972-08-27,CO,PREPAID_UNLIMITED,2020-04-08 15:30:46,feature_phone,885861759564126,5G_NSA,1,2019-03-01 15:06:53,,,auto_pay,64.63,469,6,verizon,2018-05-09 04:51:54,2023-03-15 13:42:37
6a46bf80-3cad-4555-9acf-d6c2b42d882a,+17833025397,ACT52987906,Thomas,Garcia,,1993-08-04,NJ,POSTPAID_STARTER,2022-12-26 17:23:09,hotspot,,5G,1,2019-03-02 05:16:43,,,auto_pay,333.42,418,5,,2019-01-05 08:11:24,2019-10-17 18:49:48
1b23c1c7-c4c9-4333-bb1b-9de325846dcb,+14185006418,ACT52127516,John,Lopez,,1976-10-03,GA,BUSINESS_UNLIMITED,2022-03-05 03:10:14,hotspot,,4G,0,2021-02-02 02:24:11,2023-09-12 02:36:54,competitor_offer,debit_card,162.83,343,1,cricket,2019-11-26 08:55:01,2023-05-09 00:49:04
daabcaba-fd5c-454a-8d09-fdfb005e693c,+19624690236,ACT49442499,Charles,Wilson,charles.wilson820@gmail.com,1986-01-21,CO,PREPAID_UNLIMITED,2023-06-10 12:18:35,smartphone,965131557860190,3G,1,2021-03-07 08:09:55,,,voucher,330.92,343,4,,2018-05-21 17:43:41,2024-09-03 02:19:44
e2efdad6-418f-4b1f-b232-f9705d5f46d4,+18265811085,ACT94844622,Karen,Garcia,karen.garcia540@gmail.com,1967-08-18,CA,BUSINESS_50,2021-08-08 16:45:38,hotspot,,4G,0,2019-01-30 10:50:01,2023-09-09 18:54:02,relocation,bank_transfer,51.89,797,3,,2018-10-07 22:30:38,2024-04-30 02:41:11
5bfdcf56-2c48-4fe6-b5b2-49e7badc187a,+18728165921,ACT38976525,Mary,Jackson,mary.jackson457@gmail.com,1951-10-01,WA,FAMILY_PLAN,2024-05-11 22:27:45,smartphone,823394150621196,5G,1,2023-01-15 08:06:26,,,cash,125.16,379,5,tmobile,2018-05-16 04:30:24,2024-12-22 23:32:07
ce7c9631-d931-4630-a10e-d2ca6de061a2,+15955306578,ACT36846984,Jennifer,Thomas,jennifer.thomas373@gmail.com,1961-04-15,GA,POSTPAID_ELITE,2020-06-29 06:58:44,feature_phone,871577499158733,3G,1,2019-06-02 19:52:11,,,credit_card,227.21,338,6,verizon,2019-05-25 16:26:58,2021-03-31 23:12:30
cafd935b-5431-49f1-b4aa-023b342a1844,+13095518565,ACT31497907,Richard,Johnson,richard.johnson666@gmail.com,1969-03-06,IL,FAMILY_PLAN,2024-02-04 12:14:00,smartphone,229864432268961,LTE,1,2021-03-22 20:11:25,,,check,269.65,656,2,,2019-05-27 08:05:19,2021-06-29 11:04:29
559d985f-96d8-420f-8a93-6c13aecf6bea,+15225048820,ACT45544641,Karen,Williams,karen.williams281@gmail.com,1992-07-02,MI,POSTPAID_PRO,2022-05-21 13:09:44,smartphone,181755432931581,3G,1,2019-06-25 13:51:39,,,auto_pay,108.51,586,5,,2018-11-21 11:20:56,2020-09-23 17:28:12
bbf03ee4-8dbf-484b-a9e7-dc5144716eea,+13372997254,ACT29596164,Sarah,Jackson,,1951-03-05,GA,PREPAID_UNLIMITED,2022-09-10 06:07:40,tablet,933649796218591,4G,1,2020-09-12 06:08:59,,,debit_card,130.45,340,3,porting_unknown,2019-09-18 19:36:00,2020-12-01 10:51:42
8def7998-25dd-4075-b173-c6c0a7c5d208,+12834790920,ACT83567087,Charles,Brown,charles.brown859@gmail.com,1961-09-18,IL,BUSINESS_UNLIMITED,2022-09-15 09:50:39,tablet,119618087643076,3G,1,2021-05-17 20:00:20,,,check,29.47,680,3,,2018-08-09 00:32:31,2024-11-24 12:51:26
12a3251f-182f-4bfb-b1be-c1d7c72afdd1,+14108471746,ACT18117470,Mary,Rodriguez,mary.rodriguez214@gmail.com,,CA,FAMILY_PLAN,2022-02-27 07:11:18,smartphone,792439551453497,LTE,1,2020-09-10 13:23:21,,,check,277.62,751,6,,2018-07-09 06:01:08,2024-12-30 00:29:22
78f9aabb-0095-47ba-bf21-c5b11b19f6fe,+13336976821,ACT88027214,John,Anderson,john.anderson818@gmail.com,1972-08-15,MA,PREPAID_UNLIMITED,2020-10-13 05:48:32,smartwatch,,3G,1,2019-08-24 07:04:51,,,debit_card,215.31,804,2,,2018-09-24 19:32:40,2020-01-20 02:49:30
c0998418-e4ba-4e21-929b-2a8b68c546db,+17371203394,ACT16322222,Linda,Rodriguez,linda.rodriguez263@gmail.com,1959-05-25,IL,FAMILY_PLAN,2024-07-02 02:28:12,smartwatch,,3G,1,2023-05-05 22:14:07,,,auto_pay,255.08,481,6,,2018-10-11 06:45:41,2024-05-27 05:12:21
3222212b-e69c-4293-85dd-08913682db42,+19652848028,ACT23818177,James,Gonzalez,james.gonzalez141@gmail.com,1960-09-05,CA,BUSINESS_UNLIMITED,2022-12-18 15:53:51,hotspot,,LTE,1,2021-06-05 07:15:53,,,cash,316.8,595,5,,2018-07-01 06:35:02,2023-11-08 07:38:25
3222212b-e69c-4293-85dd-08913682db42,+19652848028,ACT23818177,JAMES,Gonzalez,james.gonzalez141@gmail.com,1960-09-05,CA,BUSINESS_UNLIMITED,2022-12-18 15:53:51,hotspot,,LTE,1,2021-06-05 07:15:53,,,cash,316.8,595,5,,2018-07-01 06:35:02,2023-11-08 07:38:25
d1989638-debe-4f93-a5bb-0f4c0211f766,+18718002455,ACT66996143,James,Anderson,james.anderson353@gmail.com,1973-12-05,GA,POSTPAID_ELITE,2021-12-30 15:04:56,hotspot,,WiFi_calling,1,2019-04-07 14:57:37,,,cash,126.88,573,5,,2018-10-10 23:06:27,2022-08-18 22:07:51
bf99af1e-e663-4341-bfe3-fc82fdbbe0d0,+12257046813,ACT18445868,Karen,Thomas,karen.thomas680@gmail.com,1956-11-16,VA,POSTPAID_ELITE,2023-11-09 10:57:35,tablet,353180136532300,4G,1,2022-11-02 01:38:50,,,bank_transfer,124.11,739,1,,2019-10-27 21:53:10,2024-07-06 05:02:52
9dc19ef3-6d0c-460d-97ee-249743205e57,+18175750496,ACT89325467,James,Smith,james.smith262@gmail.com,1986-05-27,VA,PREPAID_UNLIMITED,2022-09-01 09:20:52,feature_phone,199130706255144,5G,1,2021-09-17 21:23:55,,,auto_pay,278.61,484,5,boost,2020-12-11 06:26:29,2024-10-14 14:01:23
77262c3f-cda0-42b7-a69b-f11d822f63ac,+15098964600,ACT61187422,Jessica,Brown,jessica.brown15@gmail.com,1971-02-08,WA,BUSINESS_50,2022-07-29 04:38:41,smartphone,377217836604749,4G,1,2019-09-15 02:19:38,,,voucher,225.94,533,5,tmobile,2019-08-06 06:12:11,2023-09-07 04:33:59
acfe61cc-1fb6-4999-9457-d5fd1271d70c,+15645560066,ACT16847135,Lisa,Martin,lisa.martin448@gmail.com,1989-07-08,FL,POSTPAID_ELITE,2022-12-07 06:03:12,hotspot,,WiFi_calling,1,2021-03-08 10:02:25,,,cash,60.21,705,4,porting_unknown,2020-04-09 09:14:21,2022-05-10 04:38:05
2c96a091-40f3-49e1-adbe-707a086a8520,+16478295161,ACT10280294,Mary,Martin,mary.martin577@gmail.com,1985-01-21,MI,BUSINESS_50,2022-12-17 03:35:18,smartwatch,,5G,1,2022-12-08 06:19:52,,,auto_pay,392.85,417,6,sprint,2020-02-09 06:23:48,2023-05-28 16:54:54
f7118a62-ea7a-4d8e-a7b9-14c611d59b03,+14410277072,ACT92306185,Thomas,Gonzalez,thomas.gonzalez834@gmail.com,1996-07-05,MI,BUSINESS_50,2023-11-25 17:11:15,tablet,626200129918133,4G,1,2023-03-16 13:16:21,,,cash,166.93,459,1,,2022-07-10 12:39:52,2023-11-04 03:02:21
957030b7-4f1b-4c54-8e03-3c5379efe985,+19165192836,ACT50162135,Sarah,Smith,sarah.smith987@gmail.com,1980-06-13,NC,POSTPAID_ELITE,2022-05-08 08:49:19,tablet,531561660916779,LTE,1,2019-07-23 17:59:24,,,debit_card,435.5,757,6,att,2018-06-19 00:31:53,2024-09-05 22:46:09
9a3f4420-8112-49a7-a707-ee350291b8fc,+17525094865,ACT74059788,Thomas,Johnson,thomas.johnson529@gmail.com,1987-09-02,GA,POSTPAID_PRO,2021-07-16 07:41:05,hotspot,,5G_NSA,1,2019-06-04 18:31:31,,,debit_card,34.63,849,4,cricket,2018-04-24 18:38:56,2021-11-15 00:25:37
8d58254e-ae02-4c54-9a24-08be1a754784,+15092848944,ACT69477643,Mary,Taylor,mary.taylor414@gmail.com,1964-04-22,AZ,POSTPAID_PRO,2024-06-10 08:03:46,smartwatch,,LTE,0,2023-09-23 05:04:28,2024-10-01 01:00:40,device_upgrade,cash,47.34,630,5,verizon,2022-12-06 05:28:28,2024-09-27 08:34:08
a8b1908c-480a-4241-8329-49700a9e1a0b,+14492348293,ACT70014657,Karen,Taylor,,2003-04-19,NY,FAMILY_PLAN,2021-10-23 13:59:27,smartphone,590755312175201,3G,1,2021-08-01 17:40:09,,,cash,403.88,770,2,tmobile,2019-01-01 03:06:55,2021-12-25 14:47:43
64d5d3d1-5547-4de9-9b27-ddd2e0a152af,+15705433987,ACT33249263,William,Anderson,william.anderson742@gmail.com,1982-04-12,OH,POSTPAID_ELITE,2023-01-18 12:34:31,hotspot,,5G_NSA,1,2022-03-28 04:54:01,,,voucher,365.09,412,1,,2020-12-22 12:00:34,2024-11-17 21:01:28
168cd9f8-745b-41fc-bb9b-f24e1d1b2f3b,+16491862030,ACT33365560,Sarah,Thomas,sarah.thomas155@gmail.com,1974-08-19,OH,POSTPAID_STARTER,2024-03-03 13:35:38,smartwatch,,4G,1,2022-11-21 01:06:31,,,voucher,313.71,328,3,,2020-12-17 08:19:55,2024-07-03 13:40:00
1b2a616a-efb3-4eaa-b569-fdd653dd3d3c,+16333838467,ACT74373642,Robert,Smith,robert.smith132@gmail.com,1964-10-06,GA,PREPAID_UNLIMITED,2021-10-29 14:32:28,tablet,548591519403858,WiFi_calling,1,2020-01-29 08:05:11,,,cash,355.41,702,6,tmobile,2020-01-24 14:11:05,2022-11-25 12:37:31
681fab55-0944-4960-93e8-6208b05ad36a,+17859092503,ACT16484218,Lisa,Thomas,lisa.thomas590@gmail.com,2000-09-16,OH,FAMILY_PLAN,2022-05-05 07:40:46,hotspot,,WiFi_calling,1,2022-03-24 15:19:09,,,cash,366.05,629,2,,2018-11-10 01:56:41,2022-08-16 09:30:17
5672036a-e8d8-494d-9d32-954a25f783aa,+13316072282,ACT21514431,John,Rodriguez,john.rodriguez767@gmail.com,1962-12-18,NJ,POSTPAID_PRO,2020-05-18 14:36:36,hotspot,,WiFi_calling,0,2019-12-10 12:37:29,2024-06-30 19:11:02,relocation,voucher,401.24,729,6,verizon,2018-07-07 19:18:56,2024-06-22 03:12:33
0e5a1ab1-15b1-455f-aff1-79ddbcf3c679,+19531760854,ACT33020567,Susan,Hernandez,susan.hernandez140@gmail.com,1996-02-20,IL,POSTPAID_ELITE,2021-07-24 14:31:09,feature_phone,981744381484670,WiFi_calling,1,2020-05-20 08:49:10,,,cash,113.36,563,2,,2018-06-03 09:48:01,2023-06-28 15:24:45
4d9b8cbf-8125-4699-9440-94d6674f7656,+19469216731,ACT40304616,James,Martin,james.martin124@gmail.com,1974-10-17,NC,PREPAID_BASIC,2024-03-03 14:13:54,feature_phone,470715286092126,5G_NSA,1,2020-01-01 01:37:22,,,debit_card,128.44,405,2,,2018-02-20 11:59:34,2024-04-13 02:26:07
f91122e8-a320-4eff-abd2-6a6509e128c6,+13841629815,ACT26762779,James,Taylor,james.taylor188@gmail.com,1977-02-22,NJ,BUSINESS_UNLIMITED,2024-11-08 22:01:00,feature_phone,251508427016448,5G,1,2020-03-04 08:15:42,,,credit_card,180.6,305,2,,2018-07-07 16:21:37,2022-02-20 21:32:29
d1951395-6f2c-4d66-ba1f-7bcd93fafb26,+14250740172,ACT59506212,Richard,Gonzalez,richard.gonzalez202@gmail.com,1991-10-11,TX,POSTPAID_STARTER,2020-11-30 02:00:30,smartphone,178887542852726,5G,1,2019-08-31 06:10:42,,,bank_transfer,79.95,357,2,,2018-09-29 08:03:45,2024-06-10 06:33:10
b86524ce-1fd5-402d-a775-b7a36c336856,+18055763225,ACT35170658,John,Anderson,john.anderson374@gmail.com,1999-02-20,WA,FAMILY_PLAN,2021-04-15 12:18:33,feature_phone,938559762272666,WiFi_calling,0,2020-12-14 05:08:51,2024-02-25 04:34:21,unknown,credit_card,171.97,621,6,,2018-07-05 05:18:38,2024-10-15 07:19:48
88c02fb2-54a2-4a82-94d0-69119f53c21a,+14295776332,ACT60092096,Lisa,Williams,lisa.williams277@gmail.com,1966-10-22,FL,BUSINESS_UNLIMITED,2020-03-29 19:02:42,smartwatch,,4G,1,2019-08-26 10:33:27,,,credit_card,121.77,511,1,,2018-03-14 05:19:04,2021-10-14 04:17:01
9fb42366-0801-4c22-93fc-7e35ad137c7a,+18963579365,ACT61196695,John,Wilson,john.wilson328@gmail.com,1968-08-22,TX,POSTPAID_ELITE,2021-11-02 07:34:35,hotspot,,5G_NSA,1,2021-06-28 17:21:41,,,check,269.35,818,3,,2018-10-01 17:41:24,2024-06-01 20:30:36
206b92bf-1199-483a-a516-380a903d085e,+14574858410,ACT96350159,Linda,Taylor,linda.taylor731@gmail.com,1964-06-06,FL,PREPAID_BASIC,2021-06-09 13:17:21,hotspot,,4G,1,2019-06-01 05:04:47,,,auto_pay,149.09,569,3,att,2019-01-20 06:38:48,2022-04-08 20:12:25
815346f2-001e-4939-90b5-a5e7babe8f24,+15580996493,ACT70642925,Jessica,Lopez,jessica.lopez801@gmail.com,1996-03-05,WA,PREPAID_UNLIMITED,2022-09-09 06:34:16,hotspot,,WiFi_calling,1,2021-04-19 14:57:52,,,credit_card,270.33,583,4,,2020-11-24 17:58:50,2024-04-17 16:06:34
053a8223-31b4-4b47-ae9b-0a70efbd0b97,+15727864461,ACT35655978,Karen,Jones,karen.jones625@gmail.com,1956-01-28,VA,POSTPAID_ELITE,2023-01-22 01:21:02,feature_phone,540403149887764,3G,1,2022-11-19 00:13:37,,,auto_pay,211.29,814,5,cricket,2018-08-18 04:30:28,2023-10-08 05:28:26
5fe7d498-8cf0-4f15-ae5f-94c3e437a8fd,+17964020915,ACT50517071,Thomas,Jackson,thomas.jackson61@gmail.com,1952-09-24,NJ,POSTPAID_STARTER,2023-04-09 06:36:22,feature_phone,811895642346329,LTE,1,2019-05-25 12:14:18,,,credit_card,448.47,357,4,,2018-10-20 03:13:01,2021-08-04 23:59:11
49f4ab43-5b05-444b-ae54-efe3c9bd818c,+14866652372,ACT88325849,Patricia,Martin,patricia.martin570@gmail.com,1988-06-26,NY,PREPAID_BASIC,2021-03-24 22:52:46,smartwatch,,3G,1,2019-11-11 14:01:03,,,debit_card,285.81,461,2,porting_unknown,2018-04-09 19:33:05,2022-12-12 09:57:43
545a53e2-182a-4a82-aabb-ccd33de5488d,+19063498564,ACT86543336,Thomas,Gonzalez,thomas.gonzalez678@gmail.com,1952-06-26,MI,BUSINESS_50,2020-06-27 12:40:06,smartphone,901444189878530,5G_NSA,0,2019-08-12 14:06:51,2021-05-19 08:41:20,unknown,auto_pay,424.38,836,5,,2018-05-06 14:30:04,2022-03-01 04:34:12
cf983bec-7492-438e-9a2f-4d755a2db75e,+19190268253,ACT28220106,Charles,Gonzalez,charles.gonzalez279@gmail.com,1998-07-19,MA,POSTPAID_ELITE,2024-12-30 22:16:53,tablet,678216528208449,3G,1,2019-08-11 14:47:09,,,cash,72.64,792,2,cricket,2018-12-08 00:15:24,2021-05-07 15:14:39
adbc3f23-1413-43c8-bf5e-58e1f254991e,+17680322710,ACT20375255,James,Jones,james.jones195@gmail.com,1983-01-09,OH,FAMILY_PLAN,2022-07-08 01:55:16,feature_phone,322341602032186,5G_NSA,1,2020-05-21 00:57:09,,,check,158.26,593,6,verizon,2019-04-16 21:12:56,2021-03-13 13:04:52
25e9db86-f6f9-480b-be4c-2692033ccee2,+13312137333,ACT62298045,William,Miller,william.miller684@gmail.com,1968-09-25,MA,FAMILY_PLAN,2023-03-08 00:04:25,hotspot,,WiFi_calling,1,2019-05-05 18:45:09,,,voucher,85.3,724,3,tmobile,2018-02-25 11:08:20,2023-12-30 16:53:26
7aa3bfff-bc6f-43ff-9aff-cc46acdffa55,+16980317204,ACT28822756,Sarah,Williams,sarah.williams202@gmail.com,2001-06-14,AZ,POSTPAID_ELITE,2024-04-27 14:04:29,smartphone,837747028403439,3G,1,2020-01-18 08:18:50,,,debit_card,264.21,724,3,boost,2018-06-27 04:42:19,2021-05-12 06:35:46
12055bf8-7026-4b6e-bd96-5ef648aa7044,+17730699218,ACT40732314,Barbara,Moore,barbara.moore76@gmail.com,1959-09-09,WA,POSTPAID_PRO,2024-02-23 10:08:47,smartwatch,,5G,1,2020-02-18 23:05:10,,,credit_card,390.3,566,2,tmobile,2019-10-24 05:28:07,2022-06-02 06:23:08
9e33ab1d-ad50-4474-8888-499d24bf8d6a,+18626846883,ACT86234774,Joseph,Martinez,joseph.martinez666@gmail.com,1951-01-03,IL,POSTPAID_PRO,2024-07-08 11:22:37,smartphone,295472580306830,3G,1,2021-01-18 23:14:31,,,check,278.0,492,1,,2020-04-04 09:46:02,2021-12-10 05:00:58
7b29a68c-d8c9-424c-a227-a5e9c12ee76a,+15209555683,ACT80832610,Robert,Martinez,robert.martinez194@gmail.com,1964-01-14,WA,BUSINESS_50,2022-02-02 21:14:11,smartwatch,,LTE,0,2020-12-06 22:51:03,2024-08-22 13:29:56,relocation,check,257.61,560,1,,2018-09-01 14:08:51,2024-10-15 23:47:49
44a084bc-68b4-4b0d-95f3-6d6851c09a36,+19621183839,ACT77766771,John,Rodriguez,john.rodriguez201@gmail.com,,WA,BUSINESS_UNLIMITED,2023-08-03 03:19:58,hotspot,,3G,0,2020-08-18 20:21:59,2024-11-25 20:52:29,competitor_offer,auto_pay,255.88,,2,,2019-07-29 02:14:37,2022-04-04 15:50:05
56f388e4-0fe1-4f1b-b963-0f2d07b81bdb,+17373217377,ACT46479434,Jessica,Anderson,jessica.anderson801@gmail.com,1984-06-07,CO,FAMILY_PLAN,2020-06-28 18:57:20,hotspot,,5G_NSA,0,2020-03-11 22:17:17,2020-11-13 06:08:42,service_quality,cash,27.54,,3,,2019-07-19 02:36:30,2021-11-02 12:33:01
f905d4a9-a60b-4783-87e1-b3ff4c9191bc,+16918667268,ACT76178916,Joseph,Hernandez,joseph.hernandez432@gmail.com,1957-02-26,NC,POSTPAID_STARTER,2021-03-06 23:18:12,tablet,950669200210031,3G,1,2019-02-04 14:19:40,,,debit_card,378.42,768,5,,2018-10-27 00:52:52,2020-08-08 01:14:47
6fddc94c-73a2-4c64-bfd1-a81770fd13a0,+16110958198,ACT88580977,Susan,Brown,susan.brown882@gmail.com,1974-02-14,IL,BUSINESS_50,2020-04-17 00:34:10,hotspot,,5G_NSA,1,2019-01-03 18:16:24,,,check,387.95,,4,cricket,2018-02-06 09:26:41,2024-01-26 00:33:20
0a377cad-59bd-4719-bdb9-4d7b364caa26,+16805151724,ACT27979425,Thomas,Gonzalez,thomas.gonzalez45@gmail.com,1954-12-21,TX,FAMILY_PLAN,2022-01-12 18:32:55,feature_phone,802269119539469,5G,1,2019-04-17 10:56:13,,,check,421.25,526,5,cricket,2018-01-20 08:05:25,2021-01-15 18:41:06
a28f0190-71d0-47ba-8a8b-fd7063d243d7,+13394368421,ACT48682630,Joseph,Gonzalez,joseph.gonzalez525@gmail.com,1958-08-21,NC,BUSINESS_50,2023-08-20 21:53:29,tablet,261968567667883,4G,1,2019-09-13 13:20:56,,,check,47.45,428,5,att,2019-03-17 18:16:04,2023-12-05 14:14:27
d95906b3-48db-4fda-a63e-33d029583f3b,+15658666868,ACT18544599,Karen,Lopez,karen.lopez560@gmail.com,1969-09-09,GA,PREPAID_UNLIMITED,2024-04-16 23:31:41,smartphone,122424199940723,4G,1,2022-05-18 14:43:19,,,cash,431.25,632,2,,2018-08-13 08:24:18,2022-08-12 07:18:04
bcc97f4b-bbbf-49d1-945e-41f706b2c88a,+15296136644,ACT67203975,Richard,Hernandez,richard.hernandez717@gmail.com,1952-06-09,IL,POSTPAID_PRO,2020-12-10 04:44:01,hotspot,,3G,1,2020-06-18 03:34:24,,,check,127.9,313,2,tmobile,2018-03-22 05:17:44,2020-06-30 11:09:49
fb59806a-de6f-41d9-a6c0-dc75b768f0bf,+17736445584,ACT33952058,Susan,Smith,susan.smith748@gmail.com,1992-05-28,TX,BUSINESS_50,2022-03-06 16:08:19,tablet,107128897339722,LTE,1,2021-06-04 00:57:01,,,debit_card,259.55,768,2,boost,2019-04-11 13:58:57,2024-10-01 21:06:05
aab10acc-341b-4504-8789-873fef864ae7,+13793800259,ACT55887681,William,Johnson,william.johnson101@gmail.com,1985-01-06,GA,FAMILY_PLAN,2023-02-08 10:37:08,smartwatch,,LTE,1,2022-11-30 17:27:25,,,auto_pay,39.25,455,4,boost,2018-05-15 04:15:01,2023-07-18 21:23:08
45e9f732-d66c-41a9-9e5e-016259bd9683,+14198325585,ACT21511026,Thomas,Wilson,thomas.wilson3@gmail.com,2001-08-03,WA,PREPAID_UNLIMITED,2024-09-16 09:55:44,feature_phone,294840910807091,5G,1,2023-01-31 20:09:05,,,auto_pay,351.61,399,1,porting_unknown,2018-12-16 10:00:12,2024-04-16 08:13:51
c1b19ac7-2756-4214-b1c9-467139b6b9f9,+19913292552,ACT27554817,Mary,Taylor,mary.taylor858@gmail.com,1987-02-06,TX,PREPAID_BASIC,2022-02-17 22:16:53,feature_phone,385572139289399,5G_NSA,1,2020-06-21 01:35:09,,,bank_transfer,206.74,359,6,,2018-11-25 03:25:43,2021-04-30 20:30:58
f9842d9f-d261-4766-81cc-29332a9504a1,+18757021561,ACT73128358,Joseph,Martinez,joseph.martinez244@gmail.com,1953-05-01,VA,POSTPAID_PRO,2021-07-27 16:37:57,smartphone,777124556794591,LTE,1,2021-04-18 12:45:08,,,credit_card,82.15,655,4,,2019-09-20 00:30:33,2022-05-26 11:36:10
d7c1f35b-87ce-45ad-8091-22177ebf2a80,+16218873281,ACT27557789,Richard,Wilson,richard.wilson433@gmail.com,1992-07-06,OH,POSTPAID_ELITE,2022-03-11 13:27:40,feature_phone,863575699514732,3G,1,2020-04-25 10:49:44,,,credit_card,89.52,591,1,,2020-03-01 12:02:23,2022-06-26 10:59:37
5fbbdbdd-56bb-4f40-9f57-2e1d2ee95387,+13493578791,ACT28119935,John,Lopez,john.lopez57@gmail.com,1991-02-12,WA,POSTPAID_PRO,2020-02-08 23:05:05,tablet,641794486113061,LTE,1,2019-04-01 19:46:54,,,debit_card,443.35,335,1,tmobile,2018-10-05 19:50:31,2024-06-18 14:11:34
2cb84d41-078c-4f5f-8607-25c6df53cee4,+15445110949,ACT77789637,Michael,Moore,michael.moore846@gmail.com,1960-05-06,NJ,FAMILY_PLAN,2023-08-29 12:47:25,tablet,116260852175681,5G_NSA,1,2021-05-08 08:18:57,,,voucher,279.73,422,5,tmobile,2018-04-10 17:25:04,2023-07-09 22:06:21
66eb83c2-f243-4deb-beaa-34bac76656b8,+19330747368,ACT20784776,Linda,Garcia,linda.garcia496@gmail.com,1995-07-17,VA,FAMILY_PLAN,2022-03-26 20:01:18,smartwatch,,5G_NSA,0,2019-07-23 19:22:20,2023-02-26 08:43:32,,voucher,354.9,730,3,tmobile,2018-01-07 22:20:03,2020-10-13 13:12:54
260c4194-6703-4394-8f76-19eeef20d44a,+13560214863,ACT99382322,Patricia,Davis,patricia.davis691@gmail.com,1955-05-09,MA,FAMILY_PLAN,2022-03-05 18:28:12,tablet,547833278530845,LTE,1,2020-04-07 13:51:06,,,credit_card,398.66,670,5,att,2018-07-26 04:13:55,2023-11-21 02:18:35
42067bb0-a6f3-4f3e-9e6d-79ed604ba2f8,+14781924839,ACT73951336,Jessica,Thomas,jessica.thomas501@gmail.com,1988-11-02,AZ,POSTPAID_PRO,2020-06-02 06:08:20,smartphone,348746913902850,4G,0,2020-02-28 07:55:02,2022-06-14 18:55:23,,auto_pay,211.57,481,1,sprint,2020-02-20 20:38:41,2023-08-22 11:31:17
88a3565c-04ee-4099-ba6a-e5e15d964ffb,+18434908442,ACT16071038,David,Jackson,david.jackson757@gmail.com,1963-08-27,MI,POSTPAID_PRO,2023-07-06 03:31:36,tablet,264260879472476,5G,1,2022-07-08 12:21:10,,,debit_card,298.14,635,3,att,2018-03-25 22:47:26,2024-02-22 19:55:22
102e2b95-003e-48ad-ba2c-9121dba0ea6c,+19076227049,ACT75243669,Jennifer,Lopez,jennifer.lopez608@gmail.com,1997-01-12,MA,PREPAID_BASIC,2023-11-03 07:18:48,feature_phone,597468186645305,WiFi_calling,1,2020-05-26 11:23:00,,,cash,441.98,506,6,verizon,2018-05-02 08:25:42,2022-07-10 18:32:36
b6da1b16-4e31-4c01-96b5-ceed47966351,+15937029853,ACT87822740,Charles,Taylor,charles.taylor778@gmail.com,1963-04-26,OH,POSTPAID_STARTER,2024-04-01 10:08:04,tablet,611419800251133,5G_NSA,1,2022-04-08 17:32:51,,,bank_transfer,178.46,771,3,att,2021-11-12 17:11:10,2024-02-09 21:23:42
c9949aff-d5ce-4c0c-b50e-951e7e07ec14,+12436010531,ACT64712396,Barbara,Garcia,barbara.garcia78@gmail.com,1954-11-28,CO,FAMILY_PLAN,2021-10-11 00:54:11,hotspot,,4G,1,2021-04-24 13:44:48,,,voucher,263.2,778,6,,2020-03-23 12:57:16,2024-09-27 07:43:10
7e6e12a7-0a9c-4403-9a18-90def9de5680,+15172157082,ACT81488460,Karen,Jones,karen.jones882@gmail.com,1984-01-22,NC,FAMILY_PLAN,2020-03-26 20:34:04,hotspot,,5G_NSA,1,2019-11-12 14:16:17,,,voucher,423.56,751,2,,2019-02-23 18:49:46,2020-02-05 18:46:56
669e3ee0-3a38-4a0f-b100-7c9a92320758,+15498984019,ACT51575215,Barbara,Brown,barbara.brown167@gmail.com,1982-05-03,MA,POSTPAID_PRO,2023-09-23 15:13:53,feature_phone,923460518040915,WiFi_calling,1,2019-02-09 14:15:50,,,voucher,154.6,596,4,,2019-01-09 01:30:33,2022-05-14 18:20:30
86c4ab84-6fec-463c-a676-fd927f0a1609,+17337939863,ACT30215843,Joseph,Gonzalez,joseph.gonzalez596@gmail.com,1968-09-18,NY,POSTPAID_ELITE,2021-01-31 11:04:23,feature_phone,619268526645840,5G,1,2020-12-20 01:10:29,,,auto_pay,307.09,499,6,porting_unknown,2019-03-21 03:39:30,2023-06-20 12:07:27
68ff36f0-b963-42b2-91b4-09d1c1edb776,+15715568090,ACT86468264,David,Davis,david.davis278@gmail.com,1989-01-28,TX,BUSINESS_50,2022-05-05 00:51:09,smartwatch,,3G,0,2020-04-17 13:58:26,2024-01-15 07:55:59,deceased,credit_card,345.2,687,3,cricket,2019-02-27 00:00:08,2021-09-11 22:49:53
5968ac41-3e48-49ae-a1ce-5615e5db0763,+17976035391,ACT37868799,Lisa,Wilson,lisa.wilson553@gmail.com,1983-12-14,NC,PREPAID_UNLIMITED,2021-10-12 10:27:18,smartwatch,,3G,1,2019-04-10 07:34:25,,,bank_transfer,346.77,411,3,att,2019-03-28 10:29:47,2023-02-15 05:24:04
ccfce8c2-450b-4958-bfae-03710556dfb6,+16066677565,ACT35392849,Patricia,Martin,patricia.martin772@gmail.com,1968-11-10,AZ,POSTPAID_PRO,2023-06-05 03:40:48,smartphone,145860633673572,WiFi_calling,1,2020-08-30 02:59:28,,,cash,140.12,480,3,sprint,2019-12-22 17:14:50,2020-09-25 11:15:54
6bbfcd4b-5b94-4905-913d-499f30b75982,+14227467956,ACT24587697,Karen,Gonzalez,karen.gonzalez328@gmail.com,1975-05-06,MA,PREPAID_UNLIMITED,2022-09-08 11:57:19,smartwatch,,3G,1,2019-12-23 04:29:33,,,voucher,31.43,658,1,sprint,2019-11-19 01:47:42,2022-09-22 09:31:11
322f31b2-ef54-47d9-80d4-5a534bd2ec33,+19499077911,ACT11484586,Michael,Wilson,michael.wilson410@gmail.com,,CO,BUSINESS_UNLIMITED,2021-04-09 19:49:10,tablet,610501565356746,3G,1,2019-11-21 23:01:18,,,credit_card,193.54,,2,,2019-09-04 22:09:35,2023-11-12 11:28:28
5cd8ba26-deb7-4337-b818-5634514d2f0c,+18117797827,ACT67729587,Joseph,Martin,joseph.martin71@gmail.com,1993-12-15,AZ,POSTPAID_STARTER,2021-03-13 18:01:33,smartphone,847815164107656,3G,1,2019-02-07 00:02:29,,,debit_card,253.79,605,5,,2019-01-04 08:33:01,2023-09-25 00:39:15
be1e0c03-56dc-46f6-b214-7786a5176565,+13301013213,ACT55314828,James,Anderson,james.anderson676@gmail.com,1989-02-26,IL,POSTPAID_ELITE,2020-03-20 02:00:37,hotspot,,WiFi_calling,1,2019-11-28 10:15:47,,,credit_card,366.8,367,2,verizon,2018-02-20 00:50:55,2024-09-23 07:06:08
604a5f89-d078-4999-9cd8-86a4f7cd153e,+13927536986,ACT23730012,Jessica,Jackson,jessica.jackson636@gmail.com,1956-12-01,MA,POSTPAID_PRO,2020-02-20 03:53:43,feature_phone,919162952244985,4G,1,2019-01-20 05:58:24,,,cash,398.3,595,3,,2018-12-14 23:25:36,2020-01-08 05:41:58
6bee72dd-d19a-4a79-ae4c-867d4b10592c,+18142798829,ACT15862855,Jessica,Wilson,jessica.wilson522@gmail.com,1990-12-26,NC,BUSINESS_UNLIMITED,2023-03-11 21:28:20,smartphone,684611682739203,4G,1,2023-01-19 06:09:04,,,check,207.1,312,1,cricket,2020-10-12 16:17:00,2024-04-03 10:19:27
66b5eada-aee2-4a75-abbf-9cfe79adf797,+15307916166,ACT95256276,William,Gonzalez,william.gonzalez934@gmail.com,1961-04-19,MI,POSTPAID_ELITE,2024-04-27 12:36:54,smartwatch,,5G_NSA,1,2022-07-31 12:52:48,,,check,29.78,775,2,tmobile,2022-04-26 23:02:43,2023-12-12 15:17:11
ea1d36d7-0e08-4f5c-bdd6-ef5d12282eea,+17520558578,ACT97159258,Sarah,Martin,sarah.martin960@gmail.com,1965-08-22,TX,POSTPAID_ELITE,2024-07-19 19:02:14,feature_phone,694786669847290,WiFi_calling,1,2023-04-12 09:58:52,,,auto_pay,252.28,344,5,,2019-10-12 20:50:49,2024-11-02 22:49:41
09824f9c-bdb7-4300-b1ea-49ced746bae6,+14113869768,ACT70928271,Richard,Hernandez,richard.hernandez873@gmail.com,1958-06-04,MA,POSTPAID_PRO,2021-01-08 12:52:17,feature_phone,976419278951582,5G_NSA,1,2019-10-19 22:42:49,,,credit_card,94.77,670,3,,2018-08-16 15:45:16,2019-11-17 20:22:27
62c33d18-6328-442b-b74d-4d63c294e099,+19184781227,ACT26742473,Lisa,Davis,lisa.davis583@gmail.com,1962-09-15,AZ,BUSINESS_UNLIMITED,2023-05-09 00:35:55,feature_phone,742408494139882,WiFi_calling,0,2023-03-05 19:19:43,2024-11-16 16:17:13,deceased,auto_pay,121.29,737,5,,2019-06-09 13:01:37,2023-07-11 18:40:25
891e05e6-bc49-4ce9-a35c-a6c32f4cb0bd,+19040757905,ACT95794170,Lisa,Wilson,lisa.wilson430@gmail.com,1982-05-08,MA,PREPAID_UNLIMITED,2024-10-25 02:11:44,smartphone,526253435658694,3G,1,2024-08-29 21:40:12,,,cash,390.56,540,4,verizon,2021-05-04 17:01:43,2024-10-29 00:21:15
b0651c4f-d584-41c6-9b2a-7cd173e99269,+15970322364,ACT51145985,Barbara,Johnson,barbara.johnson575@gmail.com,1955-12-04,MA,FAMILY_PLAN,2023-11-23 23:18:56,hotspot,,5G,1,2020-12-12 02:21:22,,,check,200.66,356,2,,2020-08-20 16:00:57,2024-02-12 05:08:55
ddeba046-a62e-43b5-83a3-7655c1b1b42b,+15494162802,ACT69598760,Patricia,Thomas,patricia.thomas779@gmail.com,1969-09-05,GA,FAMILY_PLAN,2020-10-06 15:31:57,hotspot,,5G,0,2019-01-03 01:56:59,2022-10-03 09:36:47,competitor_offer,cash,207.34,,2,,2018-12-24 11:09:07,2020-04-27 01:23:46
391dbcf8-cb6f-4300-8fb1-0aafb1d177aa,+18928826000,ACT21346118,Charles,Thomas,charles.thomas777@gmail.com,1992-06-22,OH,BUSINESS_UNLIMITED,2020-12-07 17:52:51,smartwatch,,WiFi_calling,1,2019-01-02 10:14:07,,,cash,249.05,723,5,sprint,2018-06-11 02:54:08,2019-12-29 06:57:01
482f0142-c6c3-4159-b9fa-adcd35840959,+15959599647,ACT59823990,James,Rodriguez,james.rodriguez394@gmail.com,2001-09-11,VA,BUSINESS_50,2020-02-24 15:01:24,tablet,802427900443481,WiFi_calling,1,2019-07-01 11:00:36,,,auto_pay,158.63,334,4,,2019-03-07 15:23:01,2022-07-05 04:37:18
f8c2658f-0255-42fb-942a-c6c7cb602ac4,+16685072235,ACT73989041,Thomas,Thomas,thomas.thomas857@gmail.com,1988-01-25,OH,FAMILY_PLAN,2020-02-20 00:11:05,smartwatch,,3G,1,2019-10-11 19:26:56,,,cash,158.27,335,5,,2018-11-20 05:33:01,2022-11-08 16:45:12
c097d7bf-ec09-4595-a68c-ad95ecfb9f47,+19523633275,ACT36360233,Sarah,Moore,sarah.moore833@gmail.com,1974-12-03,GA,POSTPAID_PRO,2023-03-25 13:50:19,smartphone,124853671075285,4G,1,2022-10-22 02:02:28,,,voucher,71.75,644,3,,2019-11-01 14:47:10,2024-12-11 13:54:31
c1b24ef3-4d00-4f28-b0d7-4249b34d1d62,+14625264086,ACT80487033,Lisa,Anderson,lisa.anderson740@gmail.com,1998-11-25,VA,POSTPAID_STARTER,2020-05-04 10:17:18,feature_phone,969622659789716,3G,1,2019-04-12 02:45:55,,,voucher,129.83,785,6,,2019-01-13 19:45:32,2019-12-01 10:47:03
4a9675d3-8b9c-44f5-864e-52870e64ba20,+19636948074,ACT41826748,Michael,Jackson,michael.jackson60@gmail.com,1997-10-16,WA,PREPAID_BASIC,2022-11-21 20:24:19,smartphone,562012329753637,3G,0,2022-06-10 08:31:29,2024-11-27 12:54:56,competitor_offer,debit_card,28.65,567,6,att,2019-05-14 00:56:42,2023-04-01 21:08:39
a767352a-f595-46f7-8dd1-848d7d1a3646,+19733393628,ACT12852548,David,Johnson,david.johnson269@gmail.com,2001-04-14,NC,POSTPAID_PRO,2021-12-27 06:29:30,hotspot,,WiFi_calling,1,2020-05-07 02:22:21,,,cash,76.59,566,5,,2018-09-30 06:11:11,2020-09-06 14:57:23
af741349-a5b3-4b2a-b7b1-779edc34a7ed,+16436194861,ACT55964577,Jennifer,Rodriguez,jennifer.rodriguez64@gmail.com,1967-10-16,NJ,BUSINESS_UNLIMITED,2023-07-11 06:53:38,smartwatch,,5G,1,2022-05-12 09:03:59,,,check,394.71,,4,,2018-08-27 05:08:07,2024-10-16 23:38:54
6b0d1044-9004-4621-aa37-5e6157966a32,+12554309359,ACT76624444,Linda,Davis,linda.davis542@gmail.com,1953-10-01,CA,PREPAID_BASIC,2023-08-20 00:42:14,feature_phone,369282756206121,4G,0,2021-02-01 15:04:51,2024-02-18 02:13:44,deceased,voucher,141.65,723,5,att,2019-08-29 16:05:11,2022-10-12 21:41:18
7fd178e0-b150-4447-b4ee-56b97bbeb7e8,+17737184829,ACT89366961,Sarah,Smith,sarah.smith303@gmail.com,2004-04-15,FL,PREPAID_BASIC,2024-01-29 00:36:27,smartphone,398952206050804,5G_NSA,1,2019-03-09 21:20:47,,,voucher,418.99,435,3,sprint,2019-03-08 01:23:49,2022-03-09 20:14:09
61c93252-8ab7-409c-a087-13dbc8fde032,+12177682953,ACT69408199,David,Martin,,1999-07-19,TX,PREPAID_UNLIMITED,2024-12-25 07:54:14,smartwatch,,3G,1,2022-08-28 08:29:12,,,auto_pay,99.72,779,1,sprint,2021-08-24 22:56:00,2023-06-07 09:56:48
f43be645-8d64-4470-9119-f47635d31b07,+16602440031,ACT15203381,Jessica,Davis,jessica.davis619@gmail.com,1997-08-26,NY,POSTPAID_STARTER,2022-12-05 16:55:32,smartphone,218661104808238,5G_NSA,1,2019-06-04 10:27:55,,,auto_pay,240.04,731,1,,2018-11-08 13:29:24,2019-11-03 03:36:35
de9aa901-c1ac-4c10-9e89-8d37d859ff8a,+14612571207,ACT94757901,Lisa,Wilson,lisa.wilson328@gmail.com,1964-02-23,WA,BUSINESS_UNLIMITED,2020-05-21 20:47:40,tablet,276849953117236,LTE,1,2020-04-03 23:28:40,,,check,365.03,644,5,,2020-02-12 05:31:21,2021-04-26 07:30:46
4b860a57-d3b1-42fc-9579-b3cee830df02,+14963875871,ACT60607191,John,Martinez,john.martinez746@gmail.com,1960-02-11,CA,POSTPAID_ELITE,2021-01-12 01:39:17,tablet,158616352089384,WiFi_calling,1,2019-04-19 10:29:00,,,auto_pay,215.45,581,5,,2019-02-12 12:24:07,2024-12-28 10:10:10
77e51c7b-b8bc-4aa0-942b-c8e366b15c35,+13992145442,ACT74333289,Richard,Davis,richard.davis963@gmail.com,1953-08-07,CO,POSTPAID_STARTER,2024-09-06 01:39:06,smartphone,779820422259442,LTE,1,2021-02-01 09:34:51,,,bank_transfer,260.69,332,2,,2020-10-10 03:06:29,2023-10-15 18:26:05
328ecbc8-f9ff-4041-a2f4-edec99cbfdc7,+14739987845,ACT18073222,Sarah,Moore,sarah.moore387@gmail.com,1954-05-20,CA,PREPAID_UNLIMITED,2024-11-07 13:29:48,hotspot,,WiFi_calling,1,2023-09-03 02:55:55,,,credit_card,284.19,706,5,boost,2019-03-16 23:09:15,2024-03-27 17:00:04
11ab5586-166e-4005-921c-9dfa2dd285c7,+17609367105,ACT88902079,Karen,Jackson,,2001-05-07,NC,PREPAID_UNLIMITED,2021-02-10 16:49:39,smartwatch,,LTE,0,2021-01-20 12:50:39,2021-11-03 19:41:38,relocation,check,51.36,773,3,,2020-12-17 14:42:01,2022-04-19 15:01:20
1ce74e07-56ef-4532-abe7-4bd9fec96847,+19980613293,ACT31526431,Linda,Gonzalez,linda.gonzalez468@gmail.com,1956-06-23,NY,POSTPAID_STARTER,2021-11-22 19:48:35,tablet,745788316269858,4G,0,2019-06-19 06:32:17,2023-08-01 00:32:07,device_upgrade,cash,375.11,422,6,tmobile,2018-07-16 10:57:41,2020-11-24 10:13:03
1399d47a-677b-4e20-93ff-d5205c07e7a4,+13398704238,ACT47889577,Joseph,Lopez,joseph.lopez554@gmail.com,1967-12-19,IL,POSTPAID_STARTER,2020-11-15 10:38:47,feature_phone,660028344780154,LTE,1,2019-10-30 23:23:39,,,debit_card,319.39,704,2,,2019-04-13 14:22:32,2024-02-18 04:49:54
589db74c-f35a-447c-857c-ce3edde54899,+19832613249,ACT35006397,Barbara,Wilson,barbara.wilson509@gmail.com,1998-02-01,CA,PREPAID_BASIC,2020-11-25 00:19:27,tablet,413196330982905,3G,1,2019-05-13 02:13:22,,,bank_transfer,348.17,633,6,verizon,2019-02-23 08:51:15,2021-09-26 22:55:55
c0ae4170-4ed6-40af-9124-6c264b57cb30,+19175512223,ACT44859484,Joseph,Taylor,joseph.taylor401@gmail.com,1996-05-06,FL,POSTPAID_STARTER,2020-11-11 11:27:26,hotspot,,4G,1,2020-10-15 08:07:14,,,debit_card,26.53,842,2,,2019-11-15 00:43:40,2023-07-17 07:10:10
3b639f66-e1e4-439a-ad9e-5da2da07173a,+13009985091,ACT32641341,Charles,Rodriguez,charles.rodriguez251@gmail.com,1994-08-19,CO,BUSINESS_UNLIMITED,2020-02-01 19:43:21,feature_phone,337762060992805,LTE,1,2019-05-02 21:35:26,,,auto_pay,317.06,580,6,,2018-05-22 11:33:51,2021-04-03 01:48:43
35ef0569-e3ca-4695-b084-8c39117c158e,+19199409639,ACT25689854,Lisa,Gonzalez,lisa.gonzalez675@gmail.com,1998-05-15,MA,PREPAID_UNLIMITED,2022-02-10 12:05:09,smartwatch,,WiFi_calling,1,2021-04-22 01:49:58,,,cash,213.13,330,4,att,2019-03-19 13:28:16,2023-02-01 11:27:11
87f8d92d-891a-4339-9e48-010aecb51d58,+17024678786,ACT59566680,Robert,Jackson,robert.jackson989@gmail.com,1954-09-23,AZ,BUSINESS_UNLIMITED,2024-04-09 22:07:32,feature_phone,651109136784758,LTE,1,2021-04-21 02:46:49,,,debit_card,180.54,739,3,porting_unknown,2020-12-21 20:29:01,2024-03-25 19:14:10
acc37e4c-d5d2-4464-9b07-a7f39ddc1f8f,+18927276086,ACT52774499,Jessica,Wilson,jessica.wilson482@gmail.com,1993-05-16,TX,POSTPAID_PRO,2024-04-03 20:14:05,tablet,176770705212186,4G,1,2020-11-02 22:03:25,,,debit_card,267.07,579,4,att,2020-05-20 16:15:51,2023-11-12 22:39:57
ae970cbe-ab63-4c5f-b53f-0e2d4a1e61db,+12830186675,ACT45423283,David,Hernandez,david.hernandez738@gmail.com,1984-05-28,AZ,POSTPAID_STARTER,2024-05-14 15:19:49,smartwatch,,LTE,1,2022-11-12 19:31:00,,,bank_transfer,239.01,810,2,,2019-04-25 23:49:54,2024-12-30 03:44:42
c500b93d-32ca-4984-b368-0cf6eb44adc2,+16354132151,ACT50984622,Barbara,Davis,barbara.davis493@gmail.com,2002-04-24,NJ,BUSINESS_UNLIMITED,2020-06-21 13:08:24,feature_phone,416604108637972,LTE,1,2019-02-03 02:55:41,,,bank_transfer,420.13,411,6,boost,2018-04-07 18:54:18,2019-10-23 01:01:48
c2ef4df6-b591-4a35-8a51-99640066319a,+17724794748,ACT80903766,Jennifer,Johnson,jennifer.johnson936@gmail.com,1977-05-05,CA,PREPAID_UNLIMITED,2023-10-07 11:32:55,smartwatch,,WiFi_calling,1,2020-05-27 18:52:36,,,credit_card,242.54,611,2,att,2020-05-26 02:54:02,2024-11-18 19:48:14
7a5bcdb1-87e6-45d1-a678-fa826fe89fb1,+15663344437,ACT38742815,Linda,Gonzalez,linda.gonzalez420@gmail.com,1984-07-24,WA,POSTPAID_STARTER,2022-05-07 12:58:28,feature_phone,237512991784793,3G,1,2021-10-18 12:40:33,,,auto_pay,317.32,745,3,,2021-08-08 08:04:30,2024-05-04 18:37:40
bc21b11b-1692-4116-9a4c-f8a0fdf08fc9,+18760017979,ACT42534102,Sarah,Hernandez,sarah.hernandez432@gmail.com,1960-04-09,MA,FAMILY_PLAN,2021-02-16 19:00:47,feature_phone,107318806808411,5G,0,2020-01-25 08:49:01,2022-04-05 02:27:32,device_upgrade,credit_card,72.94,805,2,,2018-12-30 03:37:35,2021-09-30 14:47:21
b8b76c8a-0b01-4998-b16c-1ee9743f8ff9,+13662286387,ACT57465992,Mary,Williams,mary.williams492@gmail.com,1988-06-09,IL,PREPAID_BASIC,2021-02-20 09:25:47,tablet,546121451026324,5G,1,2019-07-08 05:08:58,,,check,419.72,685,3,,2018-12-19 20:16:43,2023-06-25 19:11:20
5cc5d358-0b28-4434-bd40-4d32438b81a7,+15094150646,ACT40429020,Mary,Miller,mary.miller739@gmail.com,1952-05-17,CA,POSTPAID_PRO,2023-05-14 22:47:48,hotspot,,LTE,1,2022-07-08 02:58:56,,,bank_transfer,420.33,562,3,,2019-11-03 04:24:17,2022-07-11 06:01:41
607990e9-70ca-4689-9c92-fa5347ba704b,+15342604787,ACT71375559,William,Taylor,william.taylor809@gmail.com,1964-08-02,AZ,BUSINESS_50,2023-04-19 06:36:04,hotspot,,4G,0,2019-02-19 23:27:18,2024-03-16 12:36:31,coverage_issue,bank_transfer,376.33,331,4,,2019-02-07 09:18:50,2024-07-30 11:40:53
03c4b690-0777-4734-8d5c-036f0e4e197d,+13911521837,ACT30771980,Lisa,Davis,,1960-09-21,AZ,POSTPAID_STARTER,2023-03-15 23:46:32,smartphone,686981301081092,5G_NSA,1,2022-03-22 00:02:17,,,credit_card,277.46,312,2,,2021-03-18 11:13:03,2023-07-09 23:27:36
14182e59-bdb1-4440-8084-e2cebcd7afba,+15726481080,ACT60733293,Robert,Williams,robert.williams914@gmail.com,1990-08-15,CO,POSTPAID_ELITE,2020-09-28 13:18:02,feature_phone,416400522086457,LTE,1,2019-11-11 09:21:29,,,bank_transfer,165.36,594,5,sprint,2019-06-12 08:04:32,2020-07-09 03:09:56
58651314-5960-4ebb-88fb-27f3daf59a68,+16260940819,ACT57075849,Linda,Jones,linda.jones251@gmail.com,1984-08-04,FL,PREPAID_BASIC,2022-02-25 10:45:48,tablet,988256802700177,5G,1,2021-09-17 03:16:39,,,voucher,407.5,360,3,boost,2019-09-25 22:03:27,2023-09-06 12:32:49
c45bf059-6321-4960-8c72-6f009aabacbd,+17782129117,ACT50262998,William,Rodriguez,william.rodriguez128@gmail.com,1982-05-17,AZ,BUSINESS_UNLIMITED,2023-03-02 16:17:42,feature_phone,970825192236720,WiFi_calling,0,2021-12-02 05:21:08,2023-12-14 14:38:55,coverage_issue,voucher,236.21,571,4,,2019-06-17 14:00:15,2022-11-09 07:40:25
23747d4e-0573-4a11-a5dd-d0ef49f915e5,+17783083312,ACT24695933,Robert,Smith,robert.smith920@gmail.com,1963-02-23,VA,POSTPAID_ELITE,2024-06-30 21:48:48,feature_phone,693174273250688,3G,1,2020-04-05 22:59:42,,,bank_transfer,126.65,541,6,tmobile,2019-10-04 10:21:48,2024-02-24 18:22:31
91f64d7a-b29d-4acf-914d-fa71d764be33,+17264406229,ACT22233825,William,Moore,william.moore780@gmail.com,1968-01-28,IL,PREPAID_BASIC,2022-01-12 21:02:23,smartwatch,,WiFi_calling,1,2021-08-23 15:50:34,,,bank_transfer,215.88,696,2,tmobile,2021-08-12 12:30:33,2022-08-16 08:31:01
e6a3b9da-3fae-4aa8-856c-49a8601f42ca,+18863132887,ACT41386199,Karen,Wilson,karen.wilson855@gmail.com,1967-10-02,NC,FAMILY_PLAN,2023-01-20 19:36:33,feature_phone,476880313548178,5G_NSA,1,2022-10-02 06:53:49,,,auto_pay,149.59,405,2,tmobile,2021-09-20 13:30:09,2024-09-06 12:27:51
d09b21f3-bc49-4af3-a60f-36939dea1473,+13775393346,ACT26611522,Joseph,Moore,joseph.moore566@gmail.com,2002-07-18,MA,POSTPAID_PRO,2023-10-04 01:30:15,tablet,561553636324854,LTE,1,2020-12-18 09:55:24,,,debit_card,259.14,693,5,,2020-03-23 10:01:52,2022-01-09 17:55:21
cdb52ff2-f767-43de-9861-1124c6a35bbd,+18226578357,ACT47865663,Jessica,Jones,jessica.jones404@gmail.com,2000-04-01,CA,PREPAID_BASIC,2020-02-29 17:05:19,smartphone,473557204418298,LTE,1,2019-10-04 17:57:33,,,voucher,418.87,607,3,,2018-12-04 22:05:02,2022-06-23 10:55:43
1eda71f7-978e-4922-ae19-464a2ef8d037,+12077937196,ACT96903806,Charles,Hernandez,charles.hernandez758@gmail.com,1986-07-21,CA,POSTPAID_PRO,2021-04-16 13:45:47,smartphone,745560101389331,5G_NSA,1,2020-07-24 10:20:38,,,voucher,130.3,618,1,,2018-11-03 07:05:01,2022-08-24 04:49:41
a4ba2881-eb3e-4cd2-975c-56ecf2f4d6ae,+14807811464,ACT81491143,Lisa,Rodriguez,lisa.rodriguez310@gmail.com,1980-09-17,AZ,POSTPAID_STARTER,2021-12-04 00:50:19,feature_phone,880317388089817,5G_NSA,1,2019-03-28 03:14:46,,,voucher,222.83,757,6,boost,2018-12-02 07:49:49,2020-05-22 21:18:29
3fc600ae-60f5-4c1d-9b20-9b39062b3f01,+12218612487,ACT34856648,John,Rodriguez,john.rodriguez959@gmail.com,1951-02-01,NJ,FAMILY_PLAN,2022-09-28 23:22:07,tablet,292324668494126,WiFi_calling,1,2020-07-09 17:24:52,,,cash,164.46,575,4,porting_unknown,2019-08-09 12:00:31,2021-05-16 17:07:24
a3100d2a-b8c4-4110-8e65-24a37d665c00,+19594965840,ACT78940577,Robert,Davis,robert.davis44@gmail.com,1962-03-02,WA,POSTPAID_ELITE,2021-05-26 04:10:13,hotspot,,5G_NSA,0,2020-02-26 21:20:49,2023-08-24 07:53:50,,check,74.6,370,4,att,2019-11-15 06:46:06,2023-05-07 16:22:29
3db1dfa5-29c9-4384-9d5a-104bdb8f6c08,+12994466367,ACT71400751,Jennifer,Hernandez,jennifer.hernandez814@gmail.com,1990-07-08,GA,POSTPAID_PRO,2020-09-30 18:25:38,tablet,754519477700601,5G,1,2020-02-05 09:00:57,,,bank_transfer,195.42,441,2,,2018-07-03 07:12:54,2023-06-11 20:27:54
5ed084de-f45b-4a63-9d00-c87f991d5484,+14835887794,ACT66738571,Michael,Johnson,michael.johnson543@gmail.com,1963-04-16,OH,POSTPAID_ELITE,2022-07-25 09:41:19,smartphone,137095789870067,WiFi_calling,1,2019-04-16 22:10:08,,,cash,22.67,576,3,,2018-12-06 21:01:52,2020-11-03 13:19:31
811c0e44-d8e1-43fb-8d2e-702d1823032c,+18322782237,ACT55582408,Linda,Lopez,linda.lopez781@gmail.com,1961-02-08,FL,BUSINESS_50,2021-06-14 12:34:33,hotspot,,4G,1,2019-11-04 10:58:00,,,credit_card,391.89,730,1,,2019-07-17 10:32:07,2023-09-09 02:44:43
089e29a8-6774-44de-a495-c8e9784cc466,+13319988239,ACT22240713,David,Gonzalez,david.gonzalez276@gmail.com,1959-08-07,CA,POSTPAID_ELITE,2021-01-18 15:29:00,hotspot,,LTE,1,2019-12-06 13:36:50,,,credit_card,122.34,531,2,,2018-11-01 12:18:35,2020-04-04 19:27:17
ab0ac577-95d9-43e6-a783-d9a9b00c9e45,+15007356167,ACT85715616,Patricia,Martinez,patricia.martinez41@gmail.com,1994-04-08,NJ,PREPAID_BASIC,2024-11-26 20:25:26,feature_phone,258576234514485,4G,1,2022-05-10 04:55:34,,,auto_pay,331.1,720,5,porting_unknown,2020-08-24 22:45:46,2023-11-28 18:30:08
7afc365b-cf1f-438f-8c9c-d08e07d49695,+12940858628,ACT54671947,Joseph,Smith,joseph.smith441@gmail.com,1969-09-21,MA,BUSINESS_50,2021-06-09 12:56:54,tablet,834024512578562,5G_NSA,1,2019-10-19 07:06:24,,,voucher,329.54,304,4,,2018-10-15 23:23:55,2020-09-02 00:00:56
6e32bfb7-2ee9-47b8-ab7d-850ba54c88b5,+19914102030,ACT34732073,Barbara,Davis,barbara.davis723@gmail.com,1978-05-25,IL,POSTPAID_ELITE,2022-01-17 06:09:33,feature_phone,164302124592910,LTE,1,2020-03-21 03:59:36,,,voucher,287.47,770,6,,2018-05-05 21:07:06,2023-09-02 11:23:52
b2dc7630-26e3-4b98-86b8-ba121ee14481,+17722486254,ACT68753296,David,Williams,david.williams424@gmail.com,1991-12-21,WA,PREPAID_BASIC,2020-01-06 02:49:57,smartphone,698174528476249,WiFi_calling,1,2019-06-10 20:26:48,,,bank_transfer,390.4,476,2,,2018-03-11 10:51:26,2019-09-06 22:57:08
bb02e2e6-5e97-4e1c-ba38-d096fe79c6a5,+13218505393,ACT43979789,William,Davis,william.davis17@gmail.com,1985-09-06,TX,PREPAID_UNLIMITED,2023-02-22 22:23:08,tablet,917083305065684,5G_NSA,1,2020-08-29 10:33:37,,,debit_card,34.74,301,2,boost,2018-12-02 07:50:46,2022-09-26 04:13:23
e9261803-bf63-4b41-bf65-8ef2ce740f9a,+17176413235,ACT22217595,William,Jackson,william.jackson540@gmail.com,2001-03-09,CO,FAMILY_PLAN,2020-08-15 02:44:37,hotspot,,4G,0,2019-08-13 03:13:21,2023-03-20 23:24:09,coverage_issue,debit_card,350.52,628,3,,2018-02-23 13:30:37,2020-11-15 11:26:54
2ffcfbce-9a12-40a0-871e-5ae8b844ba1e,+17372338356,ACT96299751,Jennifer,Garcia,jennifer.garcia539@gmail.com,1988-02-16,FL,FAMILY_PLAN,2020-06-05 22:43:56,smartwatch,,3G,1,2019-04-03 01:29:51,,,credit_card,248.81,465,4,,2019-03-14 14:24:09,2023-08-11 16:09:50
770bcde6-2be4-4840-b004-d1823f6ce989,+19734519073,ACT79516555,William,Garcia,william.garcia122@gmail.com,1990-07-12,GA,BUSINESS_50,2022-03-18 00:50:34,tablet,940521952923756,WiFi_calling,1,2019-06-29 17:01:37,,,auto_pay,152.24,586,6,,2018-03-31 10:19:02,2021-01-12 03:43:15
bf981410-124d-44ac-a34e-a52a0fad394c,+14252696321,ACT14755135,Charles,Smith,charles.smith163@gmail.com,1971-10-27,CA,PREPAID_BASIC,2023-03-09 10:24:18,tablet,772365600372965,4G,1,2021-04-18 09:53:47,,,check,36.46,420,6,,2019-10-27 04:55:11,2024-03-05 13:56:41
e1e4cd90-5fb7-4c81-b69e-c0a21460d7ad,+14588697146,ACT31001564,Thomas,Lopez,thomas.lopez701@gmail.com,2000-09-24,AZ,BUSINESS_UNLIMITED,2023-05-27 19:51:48,feature_phone,386706063253888,3G,0,2022-11-05 01:38:22,2024-11-29 01:03:39,price_sensitivity,bank_transfer,320.91,485,3,tmobile,2019-10-01 10:55:20,2024-08-08 16:48:26
40bc126c-12d7-4ef0-9af9-90ac36324ce5,+18845756106,ACT48060780,Richard,Jones,richard.jones849@gmail.com,1965-02-22,CO,POSTPAID_ELITE,2020-10-15 11:02:50,smartwatch,,WiFi_calling,1,2020-06-09 12:06:51,,,debit_card,333.21,612,6,,2018-03-16 00:01:02,2023-05-27 14:09:22
24ba1885-30cc-421f-a4d9-de574b8728c1,+19559979332,ACT93166899,John,Martin,john.martin523@gmail.com,1998-08-21,OH,POSTPAID_ELITE,2020-06-23 01:07:57,smartwatch,,5G_NSA,1,2019-01-03 17:28:02,,,bank_transfer,252.54,774,4,porting_unknown,2018-11-07 08:25:18,2020-11-21 07:38:00
07ad1e5e-861f-4f5c-a025-967284176cc6,+19034689023,ACT35614721,Joseph,Gonzalez,joseph.gonzalez43@gmail.com,1989-04-01,NC,BUSINESS_50,2020-11-28 08:57:52,tablet,865702775998929,LTE,1,2019-06-14 03:15:40,,,cash,314.72,566,6,verizon,2019-03-23 02:47:44,2021-04-04 21:43:22
f9d9f5e5-0062-43c6-a3ff-aaeb61ca05ff,+16234759980,ACT12755880,Sarah,Anderson,sarah.anderson950@gmail.com,1952-07-25,CO,BUSINESS_UNLIMITED,2023-12-30 23:10:26,smartphone,575276889465791,3G,1,2019-06-21 17:29:29,,,check,337.54,635,3,,2018-02-16 11:01:49,2023-03-30 08:30:51
9d38af4d-d200-44de-9dab-a2fb5ac35876,+16294202451,ACT88600968,Jennifer,Johnson,jennifer.johnson534@gmail.com,1990-03-10,AZ,PREPAID_UNLIMITED,2024-03-23 21:14:15,tablet,948963713689356,3G,1,2022-02-07 00:30:31,,,credit_card,36.21,678,4,,2020-07-06 14:58:22,2023-10-23 08:30:12
b87bf144-eab1-47a0-8659-5673357ad9b5,+14908700696,ACT40285132,Mary,Davis,mary.davis551@gmail.com,1973-05-03,VA,FAMILY_PLAN,2024-03-21 17:36:50,feature_phone,274648117550659,LTE,0,2020-12-29 15:48:03,2024-06-13 13:58:18,service_quality,auto_pay,20.6,648,4,,2020-10-22 23:09:31,2022-04-16 01:07:37
d9a472ce-b38a-4acf-bc69-a76d5993c02b,+18303343763,ACT30682668,Lisa,Brown,lisa.brown21@gmail.com,1996-05-02,IL,POSTPAID_ELITE,2020-01-30 03:23:20,smartwatch,,WiFi_calling,1,2019-11-02 10:16:17,,,auto_pay,378.62,846,2,,2018-04-18 02:21:08,2021-04-18 05:37:28
7c2ec7c8-7e82-4eab-93cb-e805ee09fbfe,+17656051794,ACT87639881,Thomas,Thomas,thomas.thomas815@gmail.com,2004-07-07,GA,BUSINESS_UNLIMITED,2023-04-08 08:26:39,hotspot,,LTE,0,2020-08-06 08:23:00,2023-08-06 23:48:47,price_sensitivity,bank_transfer,436.11,794,4,cricket,2020-05-06 15:48:10,2021-02-03 09:36:33
838b92e0-f368-4c77-b8ad-9abde76fae13,+15995719729,ACT47326753,Susan,Brown,susan.brown729@gmail.com,1953-12-11,NY,PREPAID_UNLIMITED,2024-04-17 18:57:12,smartwatch,,WiFi_calling,1,2022-05-23 13:35:22,,,check,34.45,715,4,cricket,2022-01-27 04:38:31,2024-01-29 15:55:36
3cb2a0bc-a4a3-4373-98be-f64f57d74ed9,+15025992959,ACT93005909,John,Jones,john.jones933@gmail.com,,NC,PREPAID_UNLIMITED,2020-01-15 17:05:39,hotspot,,WiFi_calling,1,2019-10-20 16:26:24,,,check,172.05,442,4,,2019-06-18 00:09:40,2022-06-21 06:14:00
07eab521-cf8d-4d67-8cc7-068ad3a704bc,+16408934413,ACT53609586,Richard,Miller,richard.miller305@gmail.com,2003-01-01,TX,POSTPAID_ELITE,2021-04-04 05:50:18,smartphone,343609475564689,5G,1,2019-10-10 05:28:35,,,debit_card,270.94,661,5,boost,2018-05-31 23:29:28,2022-11-14 19:44:39
04b25dfe-8338-4cb7-a8ad-9485965c0918,+12073643582,ACT94356634,David,Thomas,david.thomas924@gmail.com,1975-12-27,TX,POSTPAID_PRO,2023-04-06 22:30:48,hotspot,,5G_NSA,0,2021-01-11 15:39:16,2024-07-08 17:58:02,competitor_offer,voucher,,349,3,att,2019-08-27 06:27:53,2023-10-06 23:40:50
08e4c108-4048-4eec-b3a6-1c9f9ab86675,+15294822489,ACT95780554,Thomas,Hernandez,thomas.hernandez175@gmail.com,1975-06-06,FL,POSTPAID_PRO,2024-10-26 04:03:26,smartwatch,,4G,1,2020-09-08 04:01:30,,,credit_card,165.76,744,2,verizon,2019-09-06 12:41:23,2024-10-26 12:07:36
15596ebf-fafc-4ff5-83cd-d65a22e9f1b6,+18794769267,ACT94430153,Lisa,Williams,,1997-11-06,OH,FAMILY_PLAN,2023-03-24 18:06:35,smartphone,214096212747309,LTE,1,2022-03-26 06:35:24,,,check,63.52,,5,porting_unknown,2021-07-02 02:14:03,2023-05-18 13:40:53
e07bdda6-6fe8-41f5-a3bf-4b7a12caa0e8,+12942139874,ACT65766474,Patricia,Jones,patricia.jones20@gmail.com,1972-05-17,MI,POSTPAID_ELITE,2020-03-24 07:04:40,hotspot,,WiFi_calling,1,2019-04-13 22:27:35,,,bank_transfer,115.42,575,6,,2018-08-13 03:50:20,2024-06-02 21:01:48
f45ebada-b6c8-4698-a107-3f8b9c81ab5b,+17348792034,ACT86507480,Susan,Hernandez,susan.hernandez984@gmail.com,1972-05-11,OH,BUSINESS_50,2022-11-28 18:42:34,hotspot,,WiFi_calling,1,2021-12-14 14:37:04,,,cash,321.02,361,5,verizon,2020-07-05 19:12:11,2024-10-18 04:02:32
a53b9543-008f-4307-bec7-1fab1ba755c7,+12118569936,ACT93907372,Linda,Rodriguez,linda.rodriguez934@gmail.com,1965-04-13,NJ,POSTPAID_ELITE,2023-09-22 02:10:44,hotspot,,5G,1,2019-03-20 21:21:03,,,voucher,41.14,520,5,verizon,2018-06-03 22:19:41,2024-09-25 13:07:50
490d24af-5581-468d-8b29-15870f8fb44e,+14432075117,ACT90785836,William,Garcia,william.garcia956@gmail.com,1975-11-04,WA,PREPAID_BASIC,2021-07-06 17:48:37,tablet,659864001730421,WiFi_calling,1,2019-11-30 01:39:11,,,cash,119.49,654,6,,2018-05-07 01:49:56,2020-03-04 14:22:00
68c7ad77-c59f-4a86-a37e-19cd29de090a,+16389302740,ACT98075129,Patricia,Jackson,patricia.jackson660@gmail.com,2001-02-19,FL,POSTPAID_STARTER,2023-09-15 12:46:53,tablet,605571620535570,4G,0,2020-05-10 14:42:13,2024-10-07 03:23:01,coverage_issue,credit_card,304.13,511,6,,2019-05-07 11:12:13,2020-12-15 20:05:16
49d01040-8934-4803-9336-6e599064e4cf,+13936920578,ACT66186926,Robert,Brown,robert.brown861@gmail.com,2002-09-18,NC,PREPAID_UNLIMITED,2020-09-02 15:28:30,smartphone,826789467542792,WiFi_calling,0,2019-01-03 00:46:03,2023-06-05 11:22:54,device_upgrade,cash,149.99,435,6,att,2018-08-18 15:57:08,2021-04-13 12:24:37
525491a9-cb95-4754-bb05-eabd5a1d520c,+19026410685,ACT38773116,Karen,Gonzalez,karen.gonzalez877@gmail.com,1995-12-25,NC,POSTPAID_PRO,2023-11-07 06:41:47,hotspot,,3G,1,2022-04-11 14:11:28,,,credit_card,130.13,575,4,,2020-02-19 08:14:17,2024-10-29 06:07:03
e0035921-2d0e-4745-846b-20cee23f8c38,+15097039863,ACT37572385,William,Jones,william.jones847@gmail.com,1958-08-05,NC,PREPAID_BASIC,2022-09-23 03:04:10,tablet,483639798469126,3G,1,2019-09-23 16:53:25,,,auto_pay,444.04,,6,,2018-02-23 02:04:35,2020-07-31 09:21:21
bcac1cd2-364a-4022-84f4-ace1fe2fb938,+19667848614,ACT70729629,Thomas,Taylor,thomas.taylor37@gmail.com,1991-05-13,IL,PREPAID_BASIC,2023-10-18 14:50:19,feature_phone,918744821972178,3G,1,2019-10-17 22:13:33,,,debit_card,431.34,443,2,,2018-08-02 09:55:10,2022-09-22 00:27:19
84918aee-02b3-4ced-a6cb-9fdcb522963d,+13012691493,ACT76887562,Karen,Anderson,karen.anderson617@gmail.com,1982-10-26,TX,POSTPAID_STARTER,2022-05-23 08:54:18,smartphone,803141159256873,WiFi_calling,1,2020-01-28 15:44:45,,,debit_card,381.31,747,4,tmobile,2018-10-02 14:54:13,2022-04-30 05:51:43
07d577b0-7ae6-4207-b55d-7856ba5b168f,+19731484980,ACT17845124,Sarah,Lopez,sarah.lopez98@gmail.com,,TX,FAMILY_PLAN,2020-06-10 22:29:20,smartphone,356946126351705,4G,1,2020-01-28 06:30:24,,,credit_card,183.97,397,6,verizon,2019-01-11 02:52:55,2021-02-21 03:40:40
ff6eea5e-7b14-43e8-aad8-966e9c8f34ba,+17468172862,ACT23323979,Karen,Lopez,karen.lopez279@gmail.com,1952-08-20,NJ,POSTPAID_PRO,2024-01-16 04:06:53,feature_phone,617243564256623,LTE,1,2022-02-04 10:27:04,,,bank_transfer,293.19,,5,boost,2020-04-03 21:31:43,2022-06-02 06:56:35
16d52506-3ffc-4f8d-8499-6c8a6b16e8e4,+12393095936,ACT59272719,Linda,Gonzalez,linda.gonzalez616@gmail.com,1990-05-02,NJ,FAMILY_PLAN,2023-09-03 00:36:48,smartphone,129218414628761,4G,1,2019-07-19 07:00:41,,,check,285.57,652,6,tmobile,2018-01-28 22:24:10,2021-07-21 12:35:17
997099f9-7864-4391-ad16-aa2a17b335f2,+14785401804,ACT99405306,Jessica,Williams,jessica.williams496@gmail.com,1988-03-14,AZ,POSTPAID_PRO,2024-05-20 09:55:05,feature_phone,250486932522588,5G,1,2021-06-14 02:32:16,,,bank_transfer,271.22,594,1,,2018-04-22 14:37:51,2024-06-26 04:52:35
0a97d70f-ec0e-4989-bc9c-375a93c0bccc,+13854619585,ACT77210571,Linda,Martin,linda.martin302@gmail.com,1969-07-07,MA,POSTPAID_STARTER,2020-02-03 12:03:35,smartwatch,,5G,0,2019-03-19 20:56:51,2021-07-01 07:58:27,deceased,cash,409.09,378,5,porting_unknown,2018-12-07 18:42:41,2023-08-03 23:00:18
3aef20d1-e77b-451a-a959-f9f7465e69d8,+15849435499,ACT21863571,Jennifer,Hernandez,jennifer.hernandez808@gmail.com,1955-11-11,AZ,PREPAID_BASIC,2023-01-09 03:55:57,smartwatch,,WiFi_calling,1,2021-01-12 02:57:42,,,check,68.81,756,6,,2018-07-21 13:35:52,2023-10-15 03:53:53
85227fd2-ef11-4d93-ab77-d2177e46b172,+12986104390,ACT42532088,Susan,Johnson,susan.johnson427@gmail.com,1996-04-08,GA,PREPAID_BASIC,2024-09-01 18:29:32,tablet,182435202444617,5G_NSA,0,2023-12-25 05:27:24,2024-10-02 10:51:08,deceased,cash,259.89,401,4,,2019-03-10 12:48:08,2024-02-06 23:16:32
9000e141-c50a-4f54-a57d-0e09aac3e0d3,+15761338354,ACT29175504,Barbara,Hernandez,barbara.hernandez367@gmail.com,1997-04-22,WA,PREPAID_UNLIMITED,2020-05-24 18:07:10,feature_phone,571821679472403,5G,1,2019-07-13 08:17:37,,,auto_pay,98.74,579,4,,2019-03-02 02:31:09,2020-08-10 09:06:53
205c6253-7ba1-4d1d-bc28-ee96388d3c1b,+18451627725,ACT82671598,James,Rodriguez,james.rodriguez421@gmail.com,1998-02-14,AZ,PREPAID_UNLIMITED,2022-08-28 23:32:19,smartwatch,,WiFi_calling,1,2022-04-10 11:49:25,,,voucher,116.47,710,6,,2020-10-15 03:16:45,2024-08-20 20:27:59
a182465a-60da-460f-8467-f492e92f407e,+17432356003,ACT56940281,Susan,Brown,susan.brown740@gmail.com,2002-10-22,FL,POSTPAID_ELITE,2021-09-08 03:11:48,smartphone,337286285879652,LTE,1,2019-01-24 12:46:29,,,bank_transfer,127.69,478,3,,2018-12-30 21:51:30,2024-09-27 00:51:18
3f3110f9-e8f7-4d2e-a579-3211295803d2,+14788247000,ACT31703960,Thomas,Smith,thomas.smith643@gmail.com,1996-10-01,CO,BUSINESS_50,2023-11-21 03:14:47,feature_phone,656945745866884,3G,1,2019-09-03 12:38:06,,,auto_pay,180.47,468,1,,2018-05-19 13:47:51,2023-02-24 05:15:47
5c23ec16-7019-4682-9100-369b0e19ee88,+13488494419,ACT98603960,Lisa,Garcia,lisa.garcia211@gmail.com,1978-02-11,VA,POSTPAID_STARTER,2022-08-08 06:03:08,smartwatch,,LTE,1,2019-07-13 07:43:08,,,debit_card,175.57,360,6,,2018-12-16 19:46:29,2021-10-13 16:10:08
4e1cf95d-eefb-402a-8682-98ec8b5b076c,+12097531734,ACT80312657,James,Davis,james.davis674@gmail.com,1976-01-15,MI,BUSINESS_50,2022-09-04 11:37:13,hotspot,,5G_NSA,1,2021-09-11 01:12:26,,,voucher,274.44,391,6,sprint,2018-10-12 18:55:21,2023-10-16 12:31:25
ef101019-c332-4114-8ce0-565628a2f03b,+17502268452,ACT59684371,Susan,Johnson,susan.johnson927@gmail.com,1976-08-05,FL,PREPAID_BASIC,2021-12-28 00:38:08,hotspot,,5G_NSA,1,2020-08-23 09:27:31,,,credit_card,205.18,560,1,tmobile,2018-09-10 20:29:10,2021-02-19 02:42:47
db978bfa-f0d0-454d-ad58-f43b219407e1,+15763806210,ACT41868232,Barbara,Gonzalez,barbara.gonzalez33@gmail.com,1963-03-26,TX,BUSINESS_50,2023-09-30 19:25:29,feature_phone,626928986515941,4G,1,2023-04-14 16:53:52,,,auto_pay,390.81,414,6,,2019-03-12 01:26:35,2024-07-20 05:56:42
c0bfe1a2-3d90-44f3-a911-40c697b95fc4,+13474148288,ACT25170570,Patricia,Lopez,patricia.lopez267@gmail.com,2001-11-06,NC,FAMILY_PLAN,2023-07-09 07:37:23,hotspot,,5G,1,2019-06-05 05:01:32,,,auto_pay,252.47,432,3,tmobile,2018-01-09 19:31:58,2021-12-09 21:53:11
77cebfb5-d8b4-4e13-910f-d3cf0c4ed01a,+15094938150,ACT62741678,Karen,Davis,karen.davis877@gmail.com,1977-01-11,FL,PREPAID_BASIC,2021-10-31 08:46:37,hotspot,,WiFi_calling,1,2020-08-30 13:37:59,,,auto_pay,269.71,363,6,,2020-03-28 01:26:21,2024-08-04 00:04:46
6116bc33-a024-4fc7-ab49-b0e11ef01082,+18416795604,ACT79216038,Joseph,Moore,joseph.moore66@gmail.com,1984-10-09,AZ,BUSINESS_50,2021-11-19 09:25:18,smartwatch,,WiFi_calling,1,2021-01-06 16:01:08,,,voucher,221.29,534,5,,2019-10-09 04:43:20,2022-10-30 17:36:25
fc9290b7-18bd-4604-811d-533bc9258a94,+13017797974,ACT20946185,David,Martin,david.martin678@gmail.com,1970-01-09,TX,FAMILY_PLAN,2021-07-08 06:26:05,tablet,146207443672677,WiFi_calling,1,2020-03-24 00:55:01,,,check,345.24,306,3,porting_unknown,2018-02-26 11:16:45,2022-08-05 01:07:07
d9127b32-a8f1-4445-9702-133bce158319,+13848565157,ACT87431500,Richard,Davis,richard.davis842@gmail.com,1972-07-24,NY,PREPAID_BASIC,2022-07-16 17:10:58,tablet,856014345750324,4G,1,2019-10-18 16:43:43,,,debit_card,102.61,413,5,verizon,2019-07-05 10:37:57,2022-08-07 06:47:23
631f012d-c53e-48c9-bf1f-2f67aa6f6012,+15119378827,ACT92365759,Mary,Martinez,mary.martinez872@gmail.com,1980-09-05,OH,POSTPAID_ELITE,2023-08-19 11:24:06,hotspot,,5G_NSA,1,2019-02-04 08:55:29,,,cash,356.34,447,2,sprint,2018-01-30 04:58:08,2022-12-17 12:41:36
b121a308-8493-4156-9188-6bc35ff22623,+13266656086,ACT68825096,James,Garcia,james.garcia753@gmail.com,1975-06-08,CO,POSTPAID_PRO,2020-12-12 23:56:29,smartwatch,,5G,1,2020-03-12 04:05:35,,,auto_pay,406.48,760,1,,2018-07-12 21:28:45,2020-07-15 01:31:43
c6b571f2-77f8-4a50-a9dd-47b1bbd18e1c,+17199206184,ACT82647222,John,Lopez,john.lopez279@gmail.com,1971-04-08,IL,FAMILY_PLAN,2022-03-04 00:59:30,smartwatch,,5G,1,2019-05-24 16:05:37,,,auto_pay,52.83,532,1,,2019-03-24 06:54:47,2024-05-11 06:27:26
eaf726b8-35e1-4821-8bef-ac2802e1de71,+16090273158,ACT35748733,Barbara,Thomas,barbara.thomas909@gmail.com,1969-12-24,GA,BUSINESS_UNLIMITED,2021-05-31 14:16:57,tablet,904307935846526,5G_NSA,1,2020-01-24 11:47:49,,,bank_transfer,224.88,674,1,cricket,2018-12-16 22:32:01,2020-02-02 02:14:41
3f5fa91f-fc50-4318-91ad-f686fb8fd860,+17216727474,ACT30406509,Jennifer,Lopez,jennifer.lopez959@gmail.com,1968-05-10,TX,BUSINESS_UNLIMITED,2021-06-01 12:54:21,smartphone,414403349956429,5G,1,2021-03-06 07:30:23,,,auto_pay,,798,4,sprint,2018-03-16 10:07:15,2021-04-28 19:22:01
243adc36-63ca-465f-823b-5833702e7164,+13757319682,ACT17912146,Charles,Brown,charles.brown38@gmail.com,1964-10-21,OH,PREPAID_UNLIMITED,2021-01-15 17:34:43,smartwatch,,LTE,1,2019-04-17 08:38:27,,,credit_card,96.75,840,2,,2019-02-01 04:47:26,2020-02-26 22:22:26
6fa92d26-33b3-4c81-adf3-b08186c8607c,+16905404545,ACT39715477,Richard,Martinez,richard.martinez537@gmail.com,1967-06-21,FL,PREPAID_BASIC,2022-07-26 03:58:37,tablet,883609240562908,5G_NSA,1,2021-10-06 09:29:27,,,auto_pay,322.74,696,2,,2018-10-20 15:11:06,2023-02-25 21:14:09
65639eaa-4fa0-461c-954f-0de76ea2e12d,+13926678465,ACT18733911,Jessica,Lopez,jessica.lopez492@gmail.com,1984-05-18,NJ,POSTPAID_ELITE,2021-11-06 09:31:35,feature_phone,677301678892669,LTE,0,2019-11-27 04:42:35,2024-08-05 04:04:23,unknown,cash,136.21,409,6,,2019-06-07 09:15:52,2023-01-24 00:50:03
8cdc0f62-54ac-4bfb-8307-bcf3512e3dc1,+18630940270,ACT62919413,Robert,Brown,,1961-11-28,AZ,PREPAID_UNLIMITED,2022-12-20 10:13:14,feature_phone,567713985129367,LTE,0,2021-05-19 16:37:10,2023-09-17 23:30:59,service_quality,debit_card,301.79,544,6,,2020-05-12 16:37:36,2024-10-19 15:44:58
4fa018f7-df75-4c45-9957-5972c235dc20,+19593899556,ACT25046792,David,Moore,david.moore944@gmail.com,1988-11-09,NJ,POSTPAID_PRO,2023-08-24 16:36:31,feature_phone,967010682158254,5G_NSA,1,2022-10-07 00:47:31,,,bank_transfer,357.87,760,3,,2020-10-31 12:20:06,2024-10-09 19:47:06
da1c4720-27e6-4bb5-a95d-fbc38aee362b,+17094049475,ACT44529891,Lisa,Taylor,lisa.taylor507@gmail.com,1984-08-09,CA,FAMILY_PLAN,2023-12-01 00:43:07,tablet,925007936211185,LTE,1,2019-01-17 08:44:07,,,auto_pay,426.33,847,6,cricket,2018-04-18 07:12:34,2024-01-04 02:47:58
1a1eec0c-0322-4364-b74b-d8c2adcdc051,+18076717128,ACT38148346,Richard,Davis,richard.davis511@gmail.com,2001-03-06,TX,POSTPAID_STARTER,2021-08-11 17:21:46,smartphone,881222820399857,LTE,1,2021-08-01 07:43:30,,,debit_card,118.07,424,3,,2019-12-28 18:24:44,2023-03-29 04:40:12
246ba02a-7afa-4010-85aa-2d7e2293e3dc,+18152698177,ACT86022545,Barbara,Anderson,barbara.anderson815@gmail.com,1953-08-15,CA,PREPAID_BASIC,2024-04-30 04:09:28,smartwatch,,5G_NSA,1,2023-11-02 04:37:54,,,debit_card,179.05,497,3,att,2023-04-19 19:19:20,2024-11-15 15:07:02
59d5165b-156e-462a-a235-7e41fc3fe066,+12032369597,ACT63156086,David,Garcia,david.garcia986@gmail.com,1955-03-16,VA,BUSINESS_UNLIMITED,2023-12-01 20:26:57,feature_phone,817578854581330,5G_NSA,1,2022-07-03 18:31:37,,,cash,53.84,406,2,,2021-11-26 19:05:59,2022-07-27 08:37:25
0bc126a8-61ff-474f-99eb-26dd8a8d20ca,+16246995236,ACT74999804,Jennifer,Hernandez,jennifer.hernandez11@gmail.com,1961-06-09,WA,POSTPAID_ELITE,2024-08-31 13:18:19,hotspot,,4G,1,2019-08-05 06:43:40,,,cash,178.86,825,2,porting_unknown,2019-02-02 03:24:02,2020-07-09 18:22:01
b5ccd1c6-60d1-4375-baa1-7bf52094c8fb,+19545142510,ACT94301494,Joseph,Hernandez,joseph.hernandez977@gmail.com,1992-01-16,AZ,POSTPAID_PRO,2023-02-20 09:03:27,smartwatch,,LTE,1,2019-03-03 21:23:19,,,credit_card,217.77,587,2,att,2018-01-10 06:47:24,2021-08-29 16:11:17
e1fc7f48-d38e-4a87-b6f2-89642374fb24,+17295113272,ACT82694193,Joseph,Davis,joseph.davis727@gmail.com,1953-02-24,GA,POSTPAID_ELITE,2023-05-06 12:07:21,feature_phone,629153361440831,4G,1,2019-06-09 19:04:20,,,credit_card,116.13,368,5,,2018-09-26 13:49:33,2019-07-28 20:37:25
28390021-dde0-49ee-ba3e-ea1af7682d56,+17210842474,ACT15349273,Jessica,Miller,jessica.miller691@gmail.com,1953-01-18,GA,PREPAID_BASIC,2023-08-06 03:06:36,hotspot,,5G,1,2021-09-21 11:18:10,,,bank_transfer,411.23,581,6,,2018-12-14 12:34:40,2024-04-12 15:08:40
f7f39078-4e70-4f02-bbef-9365bdf22719,+13593634423,ACT44168755,Jennifer,Anderson,jennifer.anderson327@gmail.com,2001-11-10,WA,POSTPAID_PRO,2023-01-26 07:56:01,smartwatch,,WiFi_calling,1,2021-09-23 12:11:59,,,credit_card,421.36,639,6,,2021-03-27 20:24:16,2023-08-02 11:11:46
ccd65012-5d75-41ed-b105-61b68708ccd2,+14950537887,ACT44483458,Joseph,Wilson,joseph.wilson276@gmail.com,1972-03-18,AZ,FAMILY_PLAN,2021-05-14 10:01:35,tablet,418044107501610,4G,1,2019-01-29 13:16:55,,,auto_pay,30.8,406,3,porting_unknown,2018-01-11 07:50:09,2023-01-09 21:08:11
00a0fbe9-7f97-476e-94d8-3627788882fe,+19682160447,ACT86723619,Karen,Gonzalez,karen.gonzalez544@gmail.com,2000-11-01,WA,BUSINESS_UNLIMITED,2021-11-01 23:10:48,smartwatch,,4G,1,2019-10-04 03:41:21,,,bank_transfer,204.18,721,1,sprint,2018-03-14 05:31:24,2023-01-08 04:17:46
a7de0acd-3040-40ba-8e67-2f8fe77a4d0d,+13614479989,ACT59291544,Robert,Johnson,,1955-06-18,IL,FAMILY_PLAN,2022-07-30 13:16:45,tablet,688171075394162,5G,0,2020-06-06 08:43:56,2022-12-08 12:42:05,service_quality,credit_card,185.43,433,2,,2019-08-17 05:58:28,2022-11-20 19:16:08
76616106-660f-4a8d-b3dd-1ae6e1752353,+14562067200,ACT50776832,Sarah,Jones,sarah.jones693@gmail.com,1993-02-02,OH,PREPAID_UNLIMITED,2024-08-24 07:16:15,smartwatch,,5G,1,2024-06-09 23:37:36,,,debit_card,208.54,577,5,boost,2019-05-18 01:04:28,2024-10-02 18:44:43
ada4b82c-6900-4fd6-a7de-6ce6d5cf0fb3,+19238798307,ACT39377216,Charles,Wilson,charles.wilson358@gmail.com,1995-12-14,NJ,FAMILY_PLAN,2023-02-09 15:36:59,feature_phone,657613579242670,5G_NSA,1,2019-12-19 10:19:16,,,auto_pay,257.96,320,5,,2019-11-05 20:44:01,2022-08-12 05:10:09
c72ab6c8-4e87-4369-a384-5672cd7b8b7d,+16581654041,ACT21019677,Jessica,Anderson,jessica.anderson172@gmail.com,1952-04-26,OH,POSTPAID_PRO,2023-09-07 17:02:09,smartwatch,,5G,0,2023-02-02 02:57:17,2024-12-09 03:23:32,price_sensitivity,credit_card,381.06,577,3,cricket,2018-07-26 11:46:50,2024-10-04 10:48:01
2c3562d3-e389-4bb1-865b-6736414b8937,+17822668871,ACT66305990,Thomas,Taylor,thomas.taylor733@gmail.com,2002-09-17,FL,BUSINESS_UNLIMITED,2022-01-01 12:16:42,hotspot,,4G,0,2020-05-19 01:41:37,2022-08-24 10:59:17,relocation,bank_transfer,207.2,848,2,,2019-07-17 07:00:03,2024-09-18 14:21:43
d49ee1b8-1b7a-47af-86e6-b756ab6266e3,+18900938522,ACT68364537,David,Davis,david.davis435@gmail.com,1953-08-09,WA,POSTPAID_PRO,2022-08-15 16:03:55,tablet,947070021969757,LTE,1,2019-02-04 12:02:10,,,debit_card,415.41,629,3,verizon,2018-01-02 00:54:48,2021-12-01 23:10:05
caf6391a-79f9-46f8-9920-37ad12115deb,+18374523293,ACT66352944,Barbara,Martinez,barbara.martinez517@gmail.com,1972-02-05,TX,BUSINESS_50,2023-05-26 15:40:16,smartwatch,,4G,1,2022-10-30 14:34:57,,,check,392.26,829,4,porting_unknown,2018-07-09 10:34:45,2023-11-29 02:40:54
2f860232-0818-4610-ad9e-85cb2b16f42b,+15471700753,ACT28562518,William,Jones,william.jones952@gmail.com,1961-12-28,NY,POSTPAID_ELITE,2023-10-09 20:41:24,tablet,815678995284586,WiFi_calling,0,2022-06-28 08:40:03,2024-05-02 23:06:59,coverage_issue,auto_pay,361.41,780,5,sprint,2019-08-16 08:05:14,2023-07-03 18:11:05
f4589c6d-1734-4d64-a3e1-f9544f0e589c,+12259608643,ACT67906793,William,Brown,william.brown550@gmail.com,1950-12-26,AZ,BUSINESS_50,2021-02-03 22:09:06,feature_phone,504569668162924,5G_NSA,1,2019-09-04 00:21:24,,,credit_card,444.91,681,6,sprint,2019-05-25 11:27:28,2023-07-14 03:33:23
4e581095-5f86-4108-989e-d188e8367511,+13634866830,ACT33844770,Robert,Hernandez,robert.hernandez318@gmail.com,1976-04-17,AZ,PREPAID_UNLIMITED,2020-01-25 01:46:33,smartwatch,,WiFi_calling,1,2019-03-15 15:24:05,,,auto_pay,194.5,694,3,,2018-02-03 22:03:37,2022-12-10 08:31:53
8aedb146-25e6-4459-8fb4-2d8e0b7a3c66,+19513777017,ACT50042195,Jessica,Jones,jessica.jones334@gmail.com,1991-02-25,AZ,BUSINESS_50,2021-01-08 15:52:01,feature_phone,291314341369514,5G_NSA,1,2020-04-19 12:28:54,,,debit_card,36.11,483,2,att,2018-01-22 02:54:37,2020-04-29 22:01:06
10764840-558a-48ce-868e-aa99aeaa3a94,+16420790740,ACT15639080,Lisa,Hernandez,lisa.hernandez710@gmail.com,2002-09-13,NJ,PREPAID_UNLIMITED,2021-11-06 02:32:11,tablet,801401932612823,5G,1,2021-08-11 02:38:53,,,cash,75.01,510,5,verizon,2020-10-01 23:20:35,2023-01-23 03:44:24
e9c128cd-d3f1-4929-9f9d-e03718145e49,+13782930060,ACT65714269,Barbara,Brown,barbara.brown358@gmail.com,1966-04-27,IL,POSTPAID_ELITE,2024-07-20 07:21:14,smartwatch,,5G_NSA,1,2023-04-01 05:41:05,,,credit_card,22.77,564,5,porting_unknown,2022-12-04 15:35:35,2024-03-10 21:18:36
d2faa0b7-6b12-4a20-939f-1d19645d1b8b,+15792469218,ACT22477418,Joseph,Gonzalez,joseph.gonzalez950@gmail.com,1951-03-07,WA,PREPAID_BASIC,2021-06-04 15:20:48,hotspot,,LTE,1,2019-11-11 11:18:04,,,debit_card,343.54,448,1,,2018-11-28 23:03:58,2020-04-02 03:53:56
d8ef4750-420f-407a-be92-dfeed721989d,+18191068795,ACT37452401,Thomas,Williams,thomas.williams644@gmail.com,1988-04-04,NY,PREPAID_UNLIMITED,2022-02-13 05:11:23,tablet,386453864125145,LTE,1,2020-02-06 11:57:34,,,debit_card,134.01,318,5,cricket,2019-06-28 09:26:41,2024-07-16 15:43:10
3022d9e2-d6cb-4f65-925c-dd1ac9ab7b6a,+14426021609,ACT46564953,Thomas,Hernandez,thomas.hernandez932@gmail.com,1960-04-05,WA,PREPAID_UNLIMITED,2024-10-24 18:37:40,smartwatch,,LTE,1,2021-08-24 06:51:03,,,debit_card,208.71,693,1,,2020-07-14 14:48:41,2024-01-25 23:05:23
518ec484-4c63-414a-b213-f7d502b4b50b,+16312899729,ACT95917472,Patricia,Martin,patricia.martin484@gmail.com,,CA,PREPAID_BASIC,2022-07-19 21:58:42,feature_phone,954202835810620,3G,1,2019-03-21 22:26:39,,,auto_pay,131.8,336,4,boost,2018-07-25 23:09:19,2022-05-15 04:07:45
2804e94f-d321-47ca-a597-093761637a0b,+12429842130,ACT67217484,Lisa,Jones,lisa.jones697@gmail.com,1996-08-27,VA,BUSINESS_UNLIMITED,2020-01-16 11:21:08,feature_phone,740757280505952,WiFi_calling,1,2019-03-03 23:57:37,,,cash,113.3,530,3,,2018-01-01 19:31:43,2020-02-15 13:45:03
b1926102-63c6-465b-badb-c29742b311d0,+12442657947,ACT38966657,Thomas,Smith,thomas.smith462@gmail.com,1981-02-19,OH,BUSINESS_50,2022-04-07 23:05:34,hotspot,,5G_NSA,1,2020-07-11 23:19:16,,,cash,285.18,780,1,att,2019-08-26 22:18:47,2024-04-25 04:45:11
75f61e2d-2e81-455b-83d3-091667e8f83e,+12051913061,ACT10499928,Jessica,Williams,jessica.williams882@gmail.com,1969-11-17,NY,FAMILY_PLAN,2023-11-07 16:10:07,tablet,862893123638257,5G,1,2021-10-27 15:26:18,,,bank_transfer,265.74,527,2,,2018-07-07 09:35:47,2024-02-25 03:08:37
4aeace33-b3df-4f50-8b5d-cf7b737893cb,+18423595064,ACT16165349,Linda,Jackson,linda.jackson930@gmail.com,2000-07-13,NY,POSTPAID_STARTER,2023-10-02 03:42:17,smartwatch,,WiFi_calling,1,2021-02-15 00:57:46,,,auto_pay,172.52,471,4,,2019-12-07 22:21:08,2021-06-29 15:07:53
948d4425-d3d0-43c8-8066-b51eafd662ab,+17625413589,ACT82349615,Mary,Davis,mary.davis42@gmail.com,1982-07-10,NJ,BUSINESS_50,2023-03-23 18:29:01,smartphone,192678403810684,3G,0,2023-01-16 21:41:35,2024-03-10 04:45:29,price_sensitivity,bank_transfer,217.24,425,2,,2018-04-16 10:38:39,2024-03-05 17:36:13
661c3d53-e41e-42d9-bcdf-2117ff74dd75,+12644854246,ACT18794507,Robert,Lopez,robert.lopez109@gmail.com,1981-04-11,IL,PREPAID_BASIC,2024-06-21 11:01:43,hotspot,,WiFi_calling,1,2020-12-09 03:59:25,,,voucher,413.22,523,6,,2020-07-10 03:15:05,2021-09-19 02:55:47
e1079377-2293-4f24-8612-8ff2e863f11e,+16825317163,ACT47261341,Thomas,Williams,thomas.williams671@gmail.com,1968-01-10,MI,PREPAID_BASIC,2024-04-09 11:26:52,tablet,633737966413790,5G_NSA,1,2021-07-06 03:09:29,,,check,353.12,633,6,porting_unknown,2020-06-22 00:51:58,2021-11-17 07:06:07
e1079377-2293-4f24-8612-8ff2e863f11e,+16825317163,ACT47261341,THOMAS,Williams,thomas.williams671@gmail.com,1968-01-10,MI,PREPAID_BASIC,2024-04-09 11:26:52,tablet,633737966413790,5G_NSA,1,2021-07-06 03:09:29,,,check,353.12,633,6,porting_unknown,2020-06-22 00:51:58,2021-11-17 07:06:07
de331b21-ddb5-4cfd-a929-086b7ecbea1f,+18493652220,ACT69528382,Joseph,Hernandez,joseph.hernandez733@gmail.com,1968-01-24,OH,BUSINESS_50,2021-09-13 03:57:49,hotspot,,3G,1,2020-06-30 00:37:43,,,auto_pay,196.25,339,6,att,2019-08-07 21:12:44,2022-08-21 15:27:53
40c98dc8-80d9-4bf6-9706-4b89045a7c6f,+19329392962,ACT55758993,William,Thomas,william.thomas990@gmail.com,1992-01-14,WA,PREPAID_UNLIMITED,2020-07-14 20:04:27,feature_phone,547403641821678,4G,1,2020-02-12 00:49:58,,,check,330.85,792,4,sprint,2019-11-13 23:35:24,2021-01-17 04:27:06
fa817573-c3f4-4966-8925-9dce9ab7d8a7,+15163509395,ACT15319811,Karen,Brown,karen.brown281@gmail.com,1966-01-04,AZ,FAMILY_PLAN,2022-04-28 18:56:43,hotspot,,3G,0,2021-04-14 17:03:13,2024-07-18 23:58:27,service_quality,auto_pay,408.74,481,3,sprint,2020-03-27 00:39:26,2024-12-26 21:26:46
afcdd462-8af8-4a05-b329-5b5fe2a5283e,+14901004665,ACT29613279,Mary,Rodriguez,mary.rodriguez973@gmail.com,1976-01-19,NC,BUSINESS_50,2023-05-18 00:14:39,smartwatch,,5G_NSA,0,2022-06-17 12:24:56,2023-06-06 06:47:35,service_quality,auto_pay,38.63,674,4,,2019-06-06 21:17:59,2024-01-06 22:19:51
1bce3d28-4087-4679-9022-1b20a25d73ea,+19565915777,ACT87662454,Jennifer,Martinez,jennifer.martinez298@gmail.com,1969-10-19,NY,BUSINESS_UNLIMITED,2021-04-08 07:56:02,smartwatch,,4G,1,2020-01-28 03:41:41,,,debit_card,84.67,395,2,verizon,2019-09-08 07:02:13,2022-02-22 16:28:56
e5f204d9-a815-4dc6-ba5c-c0efc57c5c66,+17348006360,ACT81797312,David,Thomas,david.thomas848@gmail.com,1960-12-16,GA,POSTPAID_ELITE,2023-07-12 01:23:19,hotspot,,5G,1,2022-09-04 22:36:21,,,auto_pay,302.35,577,3,sprint,2021-09-14 18:05:45,2024-10-23 15:50:31
fa4f10a1-919c-436e-880e-8f5fcec04c3d,+15624361865,ACT36072305,William,Wilson,,1962-07-23,GA,BUSINESS_50,2023-03-11 05:21:20,smartwatch,,WiFi_calling,0,2020-04-24 13:59:23,2023-06-13 16:22:32,price_sensitivity,cash,23.49,585,6,,2019-08-19 04:03:06,2021-06-25 06:22:09
facefb62-04fb-4fe6-9ad3-5f37b4c219b1,+17937604774,ACT34596430,Patricia,Jones,patricia.jones915@gmail.com,1976-12-05,FL,BUSINESS_UNLIMITED,2024-08-09 03:33:06,tablet,320704795959110,LTE,1,2024-01-02 22:53:39,,,credit_card,279.62,845,3,,2020-12-14 09:08:27,2024-07-10 03:12:59
31523707-c9da-4c3c-8f19-86406b6d1067,+19009684367,ACT79551439,Karen,Garcia,karen.garcia919@gmail.com,1950-10-03,NJ,PREPAID_UNLIMITED,2024-08-15 18:50:14,hotspot,,5G,1,2023-09-09 17:16:15,,,auto_pay,449.29,525,4,,2021-01-20 19:29:47,2024-07-01 11:26:15
92bf07dd-9d53-4f39-80bf-bbd20b15727c,+14892316032,ACT64776626,Barbara,Jackson,barbara.jackson324@gmail.com,1972-11-01,VA,BUSINESS_50,2024-05-29 12:23:18,smartphone,206224356895163,5G,1,2020-04-08 14:53:43,,,check,60.71,,1,sprint,2019-03-30 10:12:10,2022-12-23 18:54:57
f84fee02-13a5-44ad-bf9d-bd4dd9c6e9f0,+16351118098,ACT80016386,David,Jones,david.jones678@gmail.com,1998-01-25,MI,BUSINESS_UNLIMITED,2022-06-13 12:46:29,tablet,662826885061613,WiFi_calling,1,2021-06-12 17:41:23,,,credit_card,80.44,816,3,att,2020-02-16 22:18:14,2023-04-25 22:22:36
a6153cb1-cf2d-4dd4-a524-8beadac45af1,+17271389214,ACT71606623,David,Brown,david.brown847@gmail.com,1971-05-23,MI,PREPAID_BASIC,2021-07-19 21:38:56,feature_phone,658669841047328,5G,1,2019-01-08 17:09:59,,,credit_card,407.19,370,1,,2018-04-11 07:42:09,2021-04-25 13:18:23
ebfa08da-5852-45f9-90a5-52886591350c,+12347779262,ACT56076333,Charles,Johnson,charles.johnson190@gmail.com,1989-04-07,AZ,PREPAID_UNLIMITED,2022-01-14 06:32:43,feature_phone,817628311872281,LTE,0,2021-03-05 21:41:27,2022-07-27 08:23:49,relocation,voucher,292.74,659,5,,2018-12-25 16:05:28,2024-06-22 05:45:04
4ce66bd7-b01f-4bdc-9bf0-549ad9d49e1e,+14171770288,ACT88791133,Susan,Davis,susan.davis616@gmail.com,1969-03-05,FL,POSTPAID_STARTER,2022-02-27 06:21:32,feature_phone,716965896345852,5G,1,2021-08-18 03:37:06,,,voucher,248.11,813,1,verizon,2019-07-24 06:16:46,2024-03-07 09:32:22
8afec3a0-4212-4b8b-bb52-21d2e52177a3,+12366833634,ACT10554951,John,Anderson,john.anderson435@gmail.com,1963-07-10,FL,POSTPAID_PRO,2021-01-21 18:08:14,smartwatch,,4G,1,2019-12-12 05:13:54,,,cash,236.9,369,1,sprint,2019-04-16 12:51:21,2020-02-13 01:41:49
9a668744-4d46-4385-873c-10b16a5349c0,+14044794999,ACT86769603,Joseph,Wilson,joseph.wilson662@gmail.com,1962-12-20,OH,PREPAID_BASIC,2021-09-25 11:34:01,tablet,829204376863120,4G,1,2021-06-02 02:21:57,,,cash,59.64,355,6,,2019-07-10 06:31:05,2021-11-23 08:04:43
3b56e47b-9586-4be3-b1f5-2b0fd34d24a8,+13394555447,ACT49670146,Joseph,Lopez,joseph.lopez395@gmail.com,,IL,BUSINESS_50,2024-02-09 17:06:03,tablet,208147867294724,WiFi_calling,1,2023-12-08 02:14:13,,,credit_card,278.54,621,3,,2022-06-13 12:00:20,2024-11-08 13:21:36
57eec35f-17a6-49d4-a85f-db9759136a57,+12509879724,ACT64812603,Sarah,Williams,sarah.williams373@gmail.com,1991-08-03,MI,BUSINESS_UNLIMITED,2020-10-12 07:58:18,hotspot,,LTE,1,2020-06-04 19:58:12,,,cash,395.3,638,1,,2019-10-22 01:06:46,2020-11-23 17:35:45
722ec9d0-5dc8-4c1a-820f-9824d3d9175c,+12259449573,ACT48129255,Charles,Smith,charles.smith107@gmail.com,1976-10-05,TX,BUSINESS_50,2020-03-21 18:44:24,smartwatch,,3G,0,2019-08-17 02:48:34,2021-03-14 04:38:13,service_quality,voucher,208.12,757,3,,2019-04-24 21:44:18,2024-04-28 20:41:21
6aa524a0-3321-4275-a07f-0fdcd1d0152d,+13550339027,ACT48962007,Barbara,Anderson,barbara.anderson131@gmail.com,1954-01-28,CA,FAMILY_PLAN,2021-08-09 19:38:36,feature_phone,131218059950039,4G,1,2020-03-29 12:59:35,,,credit_card,256.3,436,5,porting_unknown,2019-03-13 06:27:48,2020-07-10 21:09:23
6d80df8f-2a24-4637-9bdf-bf8887b5e0c4,+13559607394,ACT50302719,William,Hernandez,william.hernandez845@gmail.com,1980-08-12,VA,PREPAID_UNLIMITED,2024-06-03 01:03:14,tablet,620176425302038,LTE,1,2019-01-27 13:29:22,,,voucher,428.67,721,1,boost,2018-09-10 22:08:45,2019-03-20 20:16:54
a1cd6938-488b-4c2d-a8df-3c77cdb0418b,+13694320415,ACT97971647,John,Davis,john.davis943@gmail.com,1987-08-09,CO,BUSINESS_UNLIMITED,2024-06-18 23:41:37,smartwatch,,LTE,1,2020-01-08 23:42:06,,,check,231.33,440,5,,2019-07-28 03:30:42,2021-08-07 11:29:37
9498fd3a-447b-4357-a8eb-7d43a9925bac,+12017489914,ACT47711620,Sarah,Martin,sarah.martin914@gmail.com,1950-03-27,NY,POSTPAID_ELITE,2020-04-21 06:22:19,smartwatch,,WiFi_calling,1,2020-01-26 05:14:38,,,cash,258.76,318,4,,2019-02-11 10:05:47,2020-11-18 04:52:05
3062fb85-03d9-45bc-ba02-241e1e594d59,+14783811249,ACT56515395,Mary,Hernandez,mary.hernandez941@gmail.com,1958-12-19,IL,POSTPAID_STARTER,2024-05-28 00:39:43,hotspot,,5G,0,2020-11-26 21:51:40,2024-08-08 22:27:49,service_quality,check,295.46,778,6,verizon,2018-07-15 23:01:42,2021-07-16 23:53:20
24c4afe3-ecb8-4534-8b77-96ea520e83cb,+17988692970,ACT34128738,Charles,Taylor,charles.taylor906@gmail.com,2004-04-26,CO,PREPAID_UNLIMITED,2021-05-23 00:56:10,tablet,224529497007863,5G,1,2020-02-29 22:18:15,,,auto_pay,102.78,460,2,,2018-02-13 10:24:29,2024-12-18 16:40:58
14d5f072-14da-4b23-bc50-5152e5b8f98e,+13474500374,ACT61697248,Lisa,Lopez,lisa.lopez532@gmail.com,1958-08-13,NJ,FAMILY_PLAN,2022-09-25 15:39:25,hotspot,,5G_NSA,1,2021-02-14 00:55:56,,,credit_card,114.63,727,6,boost,2020-02-09 04:15:55,2021-05-21 21:18:04
085c1943-9328-4630-94ef-4c6539ac39c3,+18724247784,ACT48599358,Richard,Martin,richard.martin310@gmail.com,1974-05-20,TX,BUSINESS_50,2020-08-31 13:46:53,smartwatch,,LTE,1,2019-06-18 21:07:08,,,bank_transfer,231.43,650,2,tmobile,2019-05-17 00:48:03,2023-10-04 23:01:31
e69b14b8-82cc-4739-b789-5b6f6f0198b5,+18689702499,ACT39390968,Jessica,Wilson,,1995-11-13,OH,PREPAID_UNLIMITED,2020-08-25 10:31:43,feature_phone,183193508239403,WiFi_calling,1,2020-04-16 09:32:45,,,check,71.45,622,5,cricket,2019-03-09 11:50:47,2020-11-12 16:50:14
57878b5c-6df4-43c7-8693-bc7193f6ce1a,+15577260360,ACT64021828,Joseph,Garcia,joseph.garcia763@gmail.com,1966-04-28,TX,FAMILY_PLAN,2021-10-25 14:34:35,smartphone,538781446530838,4G,0,2020-10-26 17:12:18,2023-11-23 17:04:31,device_upgrade,debit_card,278.58,357,4,boost,2019-10-06 10:09:12,2023-06-17 06:11:32
fedc0425-9e22-4b72-8474-b70446229f14,+12715204837,ACT88138723,John,Brown,john.brown320@gmail.com,1991-11-13,NJ,PREPAID_UNLIMITED,2022-01-23 06:10:10,feature_phone,936704643446266,4G,1,2021-03-02 03:31:03,,,check,413.24,315,5,,2020-05-23 02:00:56,2021-04-23 17:01:58
b49267c5-6424-4821-9d48-dad884ae1f35,+18725016746,ACT20704956,Barbara,Taylor,barbara.taylor134@gmail.com,1974-01-13,TX,PREPAID_UNLIMITED,2022-05-02 07:51:20,smartphone,685207967584601,5G_NSA,0,2020-03-15 08:07:20,2022-10-06 13:36:26,coverage_issue,voucher,319.95,493,5,,2020-01-15 11:27:57,2023-11-05 19:41:44
b49267c5-6424-4821-9d48-dad884ae1f35,+18725016746,ACT20704956,BARBARA,Taylor,barbara.taylor134@gmail.com,1974-01-13,TX,PREPAID_UNLIMITED,2022-05-02 07:51:20,smartphone,685207967584601,5G_NSA,0,2020-03-15 08:07:20,2022-10-06 13:36:26,coverage_issue,voucher,319.95,493,5,,2020-01-15 11:27:57,2023-11-05 19:41:44
348a1a6a-8fa4-435d-a37e-dcc310c7029a,+13972311424,ACT11590245,Charles,Martinez,charles.martinez411@gmail.com,1978-10-24,IL,POSTPAID_STARTER,2024-08-13 19:42:01,tablet,188689631959246,LTE,1,2020-03-26 15:01:35,,,credit_card,120.73,778,6,,2019-02-24 21:11:44,2022-01-02 18:18:24
1c27de53-550c-4699-ab84-c7eaf11fe8c7,+13916085881,ACT97169442,Jennifer,Moore,jennifer.moore909@gmail.com,1970-01-26,CO,BUSINESS_UNLIMITED,2020-03-23 11:43:27,feature_phone,371654171411648,3G,0,2020-01-02 06:09:29,2020-09-06 00:55:38,device_upgrade,cash,395.93,508,4,,2018-06-21 16:00:21,2020-06-04 19:28:59
29e642eb-eebb-4229-9293-9d117c80c60e,+15078932923,ACT54909499,Mary,Williams,mary.williams358@gmail.com,1953-08-16,NJ,PREPAID_BASIC,2024-08-25 00:51:21,feature_phone,641262802478394,LTE,1,2021-10-10 23:55:43,,,check,161.73,623,1,porting_unknown,2019-10-10 03:57:55,2022-08-18 20:55:21
9ba054b5-c833-43a8-b073-120fba9daae9,+13563144577,ACT64312619,John,Miller,john.miller419@gmail.com,1950-02-05,NC,POSTPAID_ELITE,2021-02-01 22:03:25,smartphone,215339018944050,5G,1,2019-05-23 12:50:14,,,debit_card,431.81,314,5,att,2018-11-04 08:07:03,2020-07-19 03:32:19
7e037e4f-7b09-480b-8d3a-579c95903953,+15160142734,ACT75984392,Jennifer,Martin,jennifer.martin560@gmail.com,1952-10-03,NJ,PREPAID_UNLIMITED,2020-10-23 23:34:53,hotspot,,4G,1,2020-05-03 18:25:12,,,credit_card,210.42,716,2,,2018-05-29 08:13:40,2023-12-27 18:01:12
ea14cdfc-2617-4518-8bcf-cfa5e0d0c6cb,+16689588613,ACT49721197,James,Gonzalez,james.gonzalez114@gmail.com,,WA,FAMILY_PLAN,2021-12-07 03:00:57,smartphone,652129680193649,5G_NSA,1,2019-06-21 03:54:10,,,voucher,348.56,623,3,,2018-07-06 18:10:17,2020-07-23 02:14:14
5c573de5-9197-4873-a474-a974cd06f8b0,+14553390262,ACT48129651,William,Smith,william.smith939@gmail.com,1975-06-20,AZ,PREPAID_UNLIMITED,2020-01-24 14:43:26,tablet,645739265018845,LTE,1,2019-02-07 17:49:59,,,debit_card,377.69,309,4,verizon,2018-09-29 17:02:02,2024-10-28 00:08:11
60d02d66-bd59-4ef4-a702-b445dd3298f9,+19135249936,ACT29586894,James,Smith,james.smith69@gmail.com,2003-02-19,AZ,PREPAID_BASIC,2024-11-20 19:44:17,smartphone,948291490366814,3G,1,2021-09-11 20:15:16,,,auto_pay,203.25,307,6,,2019-08-24 21:08:47,2024-12-19 08:37:38
5b7196d5-a867-4b01-8c11-5ee4c5596e36,+18959691602,ACT88380701,Robert,Davis,robert.davis734@gmail.com,1959-05-28,MI,POSTPAID_PRO,2023-06-30 03:41:20,smartwatch,,4G,1,2020-10-25 13:44:34,,,debit_card,391.03,842,5,,2020-09-08 13:37:38,2022-01-15 12:08:33
9963eff4-7062-4a2b-b495-a41ba9c94233,+16719644529,ACT33717287,Sarah,Garcia,sarah.garcia2@gmail.com,2000-01-04,CA,POSTPAID_STARTER,2023-01-26 17:01:21,feature_phone,618158025037220,5G,1,2022-08-09 10:43:20,,,check,182.49,490,1,,2020-08-25 03:31:07,2023-03-07 19:00:21
e744aae5-ab47-4849-94c4-493e02622e74,+18196933454,ACT67049647,Mary,Jones,,1952-05-25,CO,FAMILY_PLAN,2024-06-19 14:36:24,smartphone,420890593915811,3G,1,2022-04-11 08:49:20,,,bank_transfer,181.64,,2,,2020-10-16 12:23:42,2023-11-09 17:09:09
3fc64d6f-ff54-4441-8405-82ea9464c5db,+12888191020,ACT87401470,Richard,Smith,richard.smith213@gmail.com,1991-05-14,NC,FAMILY_PLAN,2023-08-09 02:22:45,smartphone,520460516529418,LTE,1,2021-03-09 17:21:41,,,cash,218.55,847,1,tmobile,2021-02-27 11:24:37,2023-04-19 12:44:45
6eb2a66c-ee02-4735-8673-401388821b5e,+14523505892,ACT95424938,Susan,Wilson,susan.wilson48@gmail.com,1991-12-23,NY,POSTPAID_ELITE,2023-02-13 01:03:47,feature_phone,533595739848970,WiFi_calling,1,2022-11-04 21:12:51,,,credit_card,314.16,752,4,sprint,2018-10-18 10:57:59,2023-12-08 05:15:19
3836a6dc-2484-452b-b596-e0779be171a9,+12412123538,ACT69812032,James,Anderson,james.anderson910@gmail.com,,WA,FAMILY_PLAN,2021-04-13 00:53:44,tablet,142228064894707,4G,1,2020-04-17 04:30:31,,,voucher,348.82,499,6,cricket,2018-07-31 19:30:44,2022-05-19 15:29:57
8ceadff9-480a-423b-8470-3eec10632f5c,+13463137886,ACT64116552,Thomas,Brown,thomas.brown373@gmail.com,1973-07-13,AZ,POSTPAID_PRO,2023-06-03 04:40:02,smartphone,236503037257818,5G_NSA,1,2019-10-09 17:23:16,,,voucher,173.0,342,1,porting_unknown,2018-04-15 03:29:14,2021-09-13 08:42:11
174b1602-bc87-4022-a809-c7b3a7a78277,+17988433702,ACT27000694,Richard,Thomas,richard.thomas331@gmail.com,1957-03-02,CO,POSTPAID_STARTER,2022-02-04 13:27:50,smartphone,348537799984432,3G,1,2019-01-24 17:33:12,,,debit_card,216.61,678,1,,2018-01-25 05:58:21,2020-03-04 05:07:15
f9e729a8-6629-4249-81c2-8f55da8d3a45,+14823287944,ACT14991134,Mary,Wilson,mary.wilson233@gmail.com,1959-06-22,CA,BUSINESS_50,2022-10-11 19:24:55,hotspot,,5G_NSA,1,2022-09-22 13:56:46,,,debit_card,103.22,300,3,boost,2019-07-15 11:01:15,2024-03-26 01:39:10
464c9712-fdc8-40df-9c0b-f56b6e208034,+12459900345,ACT28905382,Charles,Wilson,charles.wilson699@gmail.com,1996-04-10,NY,PREPAID_UNLIMITED,2020-09-12 11:49:43,tablet,990987988448863,WiFi_calling,0,2019-08-15 18:55:09,2023-07-05 20:17:56,coverage_issue,bank_transfer,49.83,401,5,boost,2019-02-03 01:28:41,2021-07-03 09:33:48
f8cc9f24-3548-4901-a00f-7d83df6d5545,+19936326934,ACT70458370,Mary,Moore,mary.moore76@gmail.com,1959-09-06,VA,BUSINESS_50,2023-05-27 19:00:06,smartwatch,,LTE,1,2019-06-06 20:28:46,,,bank_transfer,144.78,,4,,2018-12-18 00:17:08,2021-09-16 22:49:38
7b4595bd-d963-4c87-a128-675e954a2a19,+19405331532,ACT76750598,Charles,Miller,charles.miller999@gmail.com,1998-10-24,TX,PREPAID_UNLIMITED,2023-06-28 14:19:13,smartwatch,,LTE,0,2020-09-21 09:35:08,2023-09-23 12:02:30,deceased,debit_card,418.06,398,5,,2019-02-27 00:37:34,2024-09-13 01:31:47
a150a9b2-e2a8-483e-9a83-caf87dd242ff,+15609874274,ACT74252852,Jessica,Taylor,jessica.taylor867@gmail.com,1970-12-28,CO,POSTPAID_STARTER,2023-03-05 18:17:28,smartphone,669944569305652,5G_NSA,0,2019-09-15 02:03:36,2024-02-13 18:15:49,coverage_issue,auto_pay,146.51,707,5,,2018-10-11 23:13:38,2019-10-13 11:58:44
c3f22389-bd91-47df-9973-a0be7d0b833e,+17567451133,ACT89362480,James,Lopez,james.lopez940@gmail.com,1964-02-12,IL,PREPAID_UNLIMITED,2024-12-12 14:53:22,smartphone,590377138587656,LTE,1,2020-10-07 18:19:36,,,check,225.09,561,5,,2020-05-03 09:36:58,2022-10-10 13:17:12
dd7b1877-b9a6-412b-be0e-91487c7df7c1,+13806312171,ACT80376497,William,Johnson,william.johnson680@gmail.com,1962-12-05,GA,FAMILY_PLAN,2021-11-02 08:27:06,tablet,123800219755071,3G,1,2020-07-11 02:58:06,,,debit_card,282.2,789,5,boost,2019-04-15 00:39:46,2022-03-18 22:59:25
4c4fd40f-9d68-4135-8719-9cb2f529da29,+17246645909,ACT65389175,Susan,Smith,susan.smith905@gmail.com,1965-06-16,NC,PREPAID_UNLIMITED,2021-11-12 02:06:53,feature_phone,988708506252679,4G,1,2020-08-26 18:23:51,,,check,379.63,754,4,porting_unknown,2020-06-16 00:09:15,2022-08-22 10:48:01
02db374d-041a-4a4e-9f6d-177dbdbf0cb9,+19460649910,ACT68168861,Karen,Jones,karen.jones360@gmail.com,1990-07-06,GA,BUSINESS_UNLIMITED,2022-03-28 22:38:30,tablet,292596875891853,5G,1,2020-08-24 22:07:18,,,check,397.17,772,2,,2019-10-05 10:43:13,2021-08-31 17:08:10
50b2c97a-234e-4492-9d81-9c54ac6a1f67,+14966427627,ACT38599560,Robert,Taylor,robert.taylor77@gmail.com,1993-05-05,NY,PREPAID_BASIC,2020-06-06 23:54:51,smartphone,547612816910019,WiFi_calling,1,2019-06-11 15:54:35,,,check,105.92,453,5,,2018-12-13 14:12:16,2024-04-03 21:04:50
58ea079f-8edc-4761-9091-e65a7f69dba4,+17326154800,ACT28193659,Jessica,Miller,jessica.miller891@gmail.com,1957-04-19,NJ,BUSINESS_UNLIMITED,2023-02-03 08:46:39,smartphone,388096819904110,3G,0,2019-11-27 10:06:34,2024-12-26 01:07:55,unknown,cash,426.85,,4,,2018-07-07 21:06:23,2020-07-03 00:00:23
a3bf22e8-f67a-4336-8f75-8d02a3fab47c,+12395901276,ACT62138640,John,Jones,john.jones767@gmail.com,1957-03-25,CA,PREPAID_UNLIMITED,2024-04-22 04:28:21,smartphone,444847437049840,4G,0,2023-05-20 20:10:02,2024-05-28 06:33:00,unknown,voucher,67.03,489,2,,2022-08-03 06:44:08,2023-10-15 22:18:44
1d437385-e2ec-4736-8009-e627d4e02164,+14291036805,ACT69958205,William,Lopez,william.lopez845@gmail.com,1981-12-06,OH,PREPAID_BASIC,2024-06-30 00:16:24,feature_phone,868098139366048,5G_NSA,1,2021-11-17 10:06:02,,,check,51.36,691,3,,2021-02-14 10:33:03,2022-10-07 02:28:30
d70879b0-aa00-4ab6-a242-d3bad9d14227,+16751530357,ACT31192039,William,Johnson,william.johnson34@gmail.com,1980-12-28,NJ,BUSINESS_50,2022-04-29 00:31:08,smartphone,808552489798031,3G,1,2020-07-13 07:10:22,,,check,447.81,730,4,,2018-01-23 04:28:10,2022-05-05 04:02:25
c43cec77-ca9c-4b24-808e-d7b05899b369,+14596560893,ACT58882295,Karen,Gonzalez,karen.gonzalez906@gmail.com,1996-02-08,NY,FAMILY_PLAN,2024-11-02 10:08:54,smartwatch,,5G,0,2019-03-24 13:22:20,2024-12-04 20:06:35,price_sensitivity,credit_card,431.98,799,5,,2018-05-16 01:32:32,2021-09-09 02:21:01
9d77977e-c688-4fae-953b-74d065e32782,+14209993732,ACT29371053,Karen,Jackson,karen.jackson515@gmail.com,1989-11-07,MI,PREPAID_BASIC,2020-08-19 08:23:19,smartwatch,,5G,1,2020-03-11 18:20:17,,,debit_card,376.25,419,3,,2018-07-05 17:51:03,2022-08-22 17:09:07
9cb6f557-fc1d-41e3-9155-d0397decd462,+12515335423,ACT29941214,Robert,Smith,robert.smith490@gmail.com,1980-10-20,VA,BUSINESS_UNLIMITED,2020-01-07 07:35:31,feature_phone,417747805803221,5G_NSA,1,2019-05-20 23:10:54,,,credit_card,363.99,404,4,boost,2019-03-30 14:41:24,2019-12-29 21:41:32
2bba413d-0f98-4f7d-ac5d-4e5808bbf779,+17934615369,ACT74320650,John,Jackson,john.jackson169@gmail.com,1985-10-24,AZ,PREPAID_UNLIMITED,2022-11-02 10:54:39,smartphone,214789798623418,WiFi_calling,0,2020-07-20 08:07:26,2023-02-26 17:21:38,deceased,credit_card,365.45,510,4,,2018-10-02 15:27:28,2024-05-02 10:12:23
2bba413d-0f98-4f7d-ac5d-4e5808bbf779,+17934615369,ACT74320650,JOHN,Jackson,john.jackson169@gmail.com,1985-10-24,AZ,PREPAID_UNLIMITED,2022-11-02 10:54:39,smartphone,214789798623418,WiFi_calling,0,2020-07-20 08:07:26,2023-02-26 17:21:38,deceased,credit_card,365.45,510,4,,2018-10-02 15:27:28,2024-05-02 10:12:23
f6c35958-f3b0-452d-bd50-5aa523043fef,+16471643308,ACT49910477,Jennifer,Smith,jennifer.smith33@gmail.com,1987-05-14,WA,FAMILY_PLAN,2022-09-28 03:45:19,smartwatch,,LTE,1,2020-11-30 15:27:50,,,check,33.49,525,5,,2020-04-18 15:45:15,2023-01-18 01:25:41
7b16c2c6-c836-443e-8123-aed7c81c5fbb,+18076281005,ACT16436395,Michael,Anderson,michael.anderson598@gmail.com,1950-04-05,TX,BUSINESS_50,2022-12-27 21:52:59,smartphone,408371597532611,3G,1,2021-10-01 08:16:21,,,bank_transfer,45.24,337,2,cricket,2018-03-06 12:46:23,2024-02-21 02:26:27
e92179fd-c320-42ca-88b8-01be78ec418a,+14609358393,ACT80294159,Barbara,Jackson,,1995-07-12,WA,PREPAID_UNLIMITED,2022-11-23 23:13:38,feature_phone,172472412234551,LTE,1,2019-01-02 01:26:35,,,credit_card,406.49,456,1,,2018-11-26 15:41:01,2023-01-13 04:08:14
3d2d8707-ecef-4fa0-ae91-1b1493b6b859,+13252815471,ACT70907933,Jennifer,Miller,jennifer.miller148@gmail.com,1978-11-04,FL,POSTPAID_PRO,2020-11-06 18:29:53,smartphone,390809185324168,5G_NSA,1,2019-04-26 02:19:50,,,cash,172.3,394,2,,2018-05-03 06:20:11,2021-06-19 08:14:06
6dd4b33a-2ece-4959-b40d-18da0459d336,+12532946841,ACT38866729,Charles,Anderson,charles.anderson993@gmail.com,1975-12-09,FL,PREPAID_BASIC,2024-12-13 21:43:16,smartphone,472469667758820,3G,1,2022-05-19 17:31:21,,,check,233.95,649,5,att,2019-06-08 12:14:24,2023-08-20 01:23:31
bf0cd400-0456-490f-8e3f-02d1e733b99e,+19937873450,ACT92253531,Charles,Moore,charles.moore327@gmail.com,1977-11-26,TX,PREPAID_UNLIMITED,2020-05-18 15:41:54,smartphone,111596911902987,5G,1,2020-05-04 01:18:39,,,auto_pay,225.68,736,2,,2019-03-12 09:07:05,2020-11-12 04:16:59
b868e7d4-2fb3-4c59-aea9-6a3e57e0ae4a,+13040583413,ACT12036680,Robert,Davis,robert.davis650@gmail.com,1975-02-10,NY,POSTPAID_PRO,2021-02-21 07:20:38,smartwatch,,3G,1,2019-09-18 17:06:58,,,cash,419.0,799,2,cricket,2018-10-28 01:32:32,2021-03-29 03:29:58
6f5ccb7d-9ed8-4740-9bb0-20a21bfe7441,+14509420929,ACT41643210,Michael,Williams,michael.williams134@gmail.com,1977-01-12,IL,POSTPAID_ELITE,2024-03-10 01:02:54,smartwatch,,WiFi_calling,1,2022-03-12 05:18:44,,,voucher,241.96,584,4,verizon,2020-07-09 00:29:32,2024-03-12 02:26:17
db905967-590d-4e4d-ae59-15a62cc5c735,+17746764372,ACT63821559,Lisa,Garcia,lisa.garcia740@gmail.com,1970-09-26,CO,POSTPAID_PRO,2023-04-17 15:30:38,hotspot,,5G_NSA,1,2023-01-03 11:01:41,,,check,337.71,589,3,,2022-09-02 10:46:56,2024-11-23 04:24:31
4cfd810f-0e12-40d5-ba4e-49df3ab843f6,+13212571314,ACT66236178,Susan,Rodriguez,susan.rodriguez739@gmail.com,1989-11-15,NY,POSTPAID_ELITE,2020-04-14 01:38:25,smartphone,774378394990978,5G_NSA,0,2019-03-16 19:58:47,2023-11-19 21:39:08,coverage_issue,bank_transfer,171.06,547,6,porting_unknown,2018-08-03 18:53:26,2024-03-17 12:24:41
1ef2d552-59e8-44f2-8b37-c185b46255a3,+16184387181,ACT26478082,Mary,Wilson,mary.wilson40@gmail.com,1965-05-03,AZ,POSTPAID_STARTER,2024-05-30 14:14:24,smartphone,136153524328190,WiFi_calling,1,2021-04-19 02:50:15,,,voucher,19.37,787,5,cricket,2020-12-30 15:37:46,2023-07-25 11:57:51
0edbc907-3992-4292-9403-89c3dedbbe49,+14952998700,ACT46134946,Joseph,Taylor,joseph.taylor113@gmail.com,1963-01-06,FL,POSTPAID_ELITE,2023-04-22 13:02:47,hotspot,,4G,1,2021-04-12 08:16:26,,,cash,304.35,608,6,,2021-01-20 04:14:49,2023-08-10 18:10:33
eafe5723-7e13-40b5-9683-8ec40796900a,+15127299430,ACT52836650,Jennifer,Davis,jennifer.davis101@gmail.com,1952-12-22,NC,FAMILY_PLAN,2021-07-01 14:00:48,smartphone,590192449939285,4G,1,2019-07-29 11:01:58,,,credit_card,81.53,502,4,,2018-10-03 14:58:27,2021-12-03 06:05:27
8dea4bcd-15c7-4c42-9cd9-a09d9b134d13,+13790666275,ACT25244617,Richard,Anderson,richard.anderson937@gmail.com,1984-10-03,NC,PREPAID_UNLIMITED,2023-02-06 03:06:52,hotspot,,3G,1,2023-01-01 11:07:38,,,bank_transfer,338.05,743,2,,2021-06-10 12:23:33,2023-02-17 12:46:24
69e66573-65a7-4855-bbac-2601a0f1b1c3,+15958275661,ACT87611804,Sarah,Brown,sarah.brown691@gmail.com,1982-06-21,IL,POSTPAID_ELITE,2021-10-27 11:33:56,feature_phone,798389788945476,5G_NSA,1,2020-06-04 06:12:12,,,credit_card,327.6,728,5,tmobile,2020-03-28 13:35:57,2023-11-20 21:26:41
6fd92713-3e2c-4ca4-8e89-00e7b2d543a5,+13232401549,ACT95208488,Thomas,Smith,thomas.smith879@gmail.com,1996-06-07,TX,BUSINESS_UNLIMITED,2021-11-28 19:56:27,tablet,458632164939661,LTE,1,2020-02-12 06:53:32,,,credit_card,58.97,801,3,,2018-09-22 08:29:55,2020-08-29 07:39:56
6e851d0d-c871-481b-b50e-248fd325769f,+14137769816,ACT20420382,John,Gonzalez,john.gonzalez840@gmail.com,1999-06-19,MI,BUSINESS_UNLIMITED,2024-05-02 13:43:31,feature_phone,363269941114372,LTE,1,2024-02-04 10:09:56,,,debit_card,122.31,691,3,,2023-02-20 01:50:11,2024-12-08 02:13:24
cbeb4995-0203-4846-a8e2-615da4d6adf0,+17633234095,ACT52641193,Joseph,Garcia,joseph.garcia563@gmail.com,1990-04-26,IL,PREPAID_BASIC,2022-09-12 01:48:52,smartwatch,,4G,1,2019-06-22 23:28:39,,,cash,135.69,503,6,verizon,2019-04-18 09:04:15,2020-01-18 12:19:54
f85a1064-adb4-4408-a6f6-e69e332e2e8f,+18124673952,ACT17759583,Richard,Brown,richard.brown516@gmail.com,1962-07-02,CO,POSTPAID_PRO,2022-01-06 15:18:22,smartwatch,,LTE,1,2021-04-13 04:49:49,,,voucher,92.59,367,6,,2019-02-13 08:38:00,2023-01-23 18:21:20
535da3be-4c80-4eb8-99a0-84c747be25b3,+19768500867,ACT26905054,William,Rodriguez,william.rodriguez259@gmail.com,1958-12-20,VA,PREPAID_BASIC,2022-05-26 01:04:36,feature_phone,665451450599080,5G,1,2019-02-14 18:40:29,,,cash,323.94,423,2,,2018-10-07 23:21:00,2020-12-18 00:59:24
fdf879a5-2e4f-43f8-a329-809ce0df7bc2,+14612188441,ACT56177452,Richard,Miller,richard.miller355@gmail.com,2004-02-04,NC,PREPAID_BASIC,2020-03-19 09:11:54,smartwatch,,LTE,1,2019-01-22 01:20:55,,,voucher,115.73,820,4,att,2018-12-06 07:51:19,2021-09-23 07:13:27
34c9ddae-c07d-4441-8e96-0164a7fbfba5,+16666830543,ACT55832764,Karen,Johnson,karen.johnson688@gmail.com,1969-05-04,MA,BUSINESS_50,2022-06-15 21:24:34,feature_phone,870989149026459,4G,1,2021-08-21 03:11:26,,,check,138.05,454,3,,2021-07-18 01:39:52,2022-08-15 21:16:07
72412fff-6f16-42ae-a487-6e54b3b1419f,+19561265944,ACT50630363,Linda,Johnson,linda.johnson394@gmail.com,2001-08-08,NC,BUSINESS_50,2024-08-07 01:29:01,smartphone,996805991782317,WiFi_calling,1,2022-06-23 19:36:43,,,auto_pay,308.97,351,1,,2018-08-28 04:51:18,2024-07-25 20:04:51
0fb36033-0bbf-44ab-84b7-0359ffb91d30,+14959286712,ACT65157977,Richard,Taylor,richard.taylor469@gmail.com,1963-04-05,CO,BUSINESS_UNLIMITED,2024-08-08 22:28:37,hotspot,,WiFi_calling,1,2019-04-20 08:33:04,,,voucher,375.22,471,4,cricket,2018-09-30 08:11:44,2020-01-07 03:36:38
cb0a841b-65b9-4362-8e96-f3f6f8b61510,+18764439724,ACT31294136,Barbara,Thomas,barbara.thomas582@gmail.com,,NY,FAMILY_PLAN,2024-12-19 20:29:24,hotspot,,5G,1,2021-04-07 03:54:00,,,auto_pay,358.88,558,6,,2020-09-21 16:45:40,2023-01-19 11:34:40
a0ab67fb-0a28-4f1f-b9df-17f29e586e4c,+17254148548,ACT38827165,David,Johnson,david.johnson586@gmail.com,1978-08-18,CO,BUSINESS_UNLIMITED,2022-06-08 14:18:00,tablet,871787964994275,LTE,1,2021-12-08 02:40:34,,,check,280.71,369,6,,2021-09-14 15:43:59,2023-04-27 19:49:59
087c1b0f-9d09-4e1b-9b40-2a4031d52179,+17048799326,ACT25747086,Michael,Garcia,michael.garcia431@gmail.com,1973-12-25,FL,PREPAID_BASIC,2020-05-26 10:20:23,feature_phone,309145738457487,LTE,1,2019-03-02 03:07:15,,,debit_card,229.84,420,4,sprint,2019-01-05 09:05:42,2024-04-26 06:44:40
05ccac57-3f7f-4063-a34f-f930c3f62946,+18277328566,ACT14120997,David,Taylor,david.taylor139@gmail.com,1957-05-10,MA,FAMILY_PLAN,2020-09-20 06:10:52,feature_phone,535072327563101,LTE,1,2020-08-23 11:10:24,,,bank_transfer,218.35,787,6,verizon,2019-09-18 07:26:24,2024-09-08 22:48:31
80e68ce1-fcea-4a54-94fc-f33380a01fca,+13735413477,ACT77625321,Jessica,Hernandez,jessica.hernandez512@gmail.com,1953-06-23,FL,PREPAID_BASIC,2023-10-10 12:31:26,feature_phone,940444740694514,5G_NSA,1,2022-07-25 04:04:00,,,auto_pay,230.74,,6,sprint,2021-05-20 21:52:32,2023-08-22 18:55:32
68aea490-a574-4660-9610-07f36263702e,+12262139735,ACT98409445,Mary,Garcia,mary.garcia732@gmail.com,1976-11-18,NJ,POSTPAID_PRO,2022-04-01 08:42:18,smartphone,378131693884908,5G_NSA,1,2019-03-10 12:57:01,,,cash,216.95,794,2,cricket,2018-07-24 13:36:48,2024-10-24 21:49:31
a5db7e2b-8cca-4f01-84d6-5d1c0e30c13b,+12791108194,ACT17931932,Jessica,Thomas,jessica.thomas153@gmail.com,1987-01-20,GA,PREPAID_BASIC,2021-10-16 14:35:20,smartwatch,,LTE,1,2019-08-17 23:09:12,,,credit_card,227.44,,4,att,2019-05-05 11:41:35,2021-07-12 22:46:54
b2d1fa1f-42ce-4f47-a4d2-dd26b7c12005,+16238294141,ACT90564940,Jennifer,Hernandez,jennifer.hernandez46@gmail.com,1965-12-19,NC,POSTPAID_STARTER,2020-10-01 06:52:04,hotspot,,5G_NSA,1,2019-04-07 12:01:03,,,auto_pay,120.23,788,3,sprint,2019-01-16 18:41:44,2020-07-08 19:30:05
be850c86-7b5d-4a22-9193-4124acc28cff,+15403904835,ACT53173715,Jessica,Moore,jessica.moore420@gmail.com,1964-05-12,NC,POSTPAID_ELITE,2021-11-04 20:53:38,hotspot,,LTE,1,2019-01-31 19:14:43,,,voucher,173.48,811,3,,2018-07-20 05:55:08,2019-11-05 21:02:20
db3a1758-8bb3-41a4-a544-8270bd111701,+13139778143,ACT37938859,Barbara,Rodriguez,barbara.rodriguez984@gmail.com,1950-08-21,IL,POSTPAID_ELITE,2021-01-02 19:18:43,hotspot,,4G,1,2020-08-08 00:08:43,,,auto_pay,111.18,693,4,,2018-12-30 03:36:35,2021-11-30 18:05:38
7f950b19-c2a2-4e24-8a2f-740120a39f15,+13041767671,ACT13041621,Barbara,Johnson,barbara.johnson762@gmail.com,1952-07-09,MA,POSTPAID_STARTER,2023-11-09 10:10:10,smartwatch,,4G,1,2023-11-03 10:15:22,,,credit_card,426.62,345,1,sprint,2020-12-08 13:37:55,2024-04-03 17:00:17
fe0b161c-d25d-48f7-9199-b19ba34d1fa4,+13993772999,ACT43729183,Sarah,Wilson,sarah.wilson203@gmail.com,1990-08-05,OH,BUSINESS_UNLIMITED,2024-01-18 04:07:26,smartwatch,,WiFi_calling,1,2020-03-14 18:56:48,,,credit_card,339.48,416,2,porting_unknown,2018-05-19 06:41:42,2022-12-26 06:59:55
9db35ea3-1200-47bc-b33e-993ec841052c,+14175425708,ACT46502429,Michael,Thomas,michael.thomas391@gmail.com,1958-02-24,OH,POSTPAID_ELITE,2020-04-07 16:03:08,feature_phone,386333362806798,5G,1,2019-10-31 02:49:47,,,check,265.78,,3,att,2018-12-13 05:18:14,2020-03-07 21:02:47
98304725-3e41-406b-a8c3-c92559528515,+19294778598,ACT39961101,David,Gonzalez,david.gonzalez41@gmail.com,1973-06-09,FL,FAMILY_PLAN,2023-10-07 22:00:18,hotspot,,WiFi_calling,1,2021-10-24 07:23:03,,,credit_card,428.15,839,5,cricket,2019-10-24 04:06:45,2024-04-05 17:10:03
26121129-b214-4c39-9a48-aac2fe9da1db,+13329347598,ACT94796553,William,Taylor,william.taylor401@gmail.com,1977-09-15,VA,POSTPAID_STARTER,2023-03-28 06:24:40,smartphone,870675889893619,3G,1,2019-10-26 18:46:40,,,debit_card,200.96,681,5,att,2018-07-04 07:38:59,2024-07-16 11:39:38
26121129-b214-4c39-9a48-aac2fe9da1db,+13329347598,ACT94796553,WILLIAM,Taylor,william.taylor401@gmail.com,1977-09-15,VA,POSTPAID_STARTER,2023-03-28 06:24:40,smartphone,870675889893619,3G,1,2019-10-26 18:46:40,,,debit_card,200.96,681,5,att,2018-07-04 07:38:59,2024-07-16 11:39:38
a87d9fd3-2664-4fe7-87cb-7495e6c56b3b,+16685227438,ACT20183167,David,Thomas,david.thomas7@gmail.com,1980-03-26,WA,BUSINESS_50,2022-06-03 13:39:51,smartphone,504934411499766,4G,1,2020-09-18 16:33:53,,,voucher,297.02,409,1,,2020-07-30 10:48:53,2024-09-03 19:59:13
dce74408-dd1c-4052-b697-016c9359efd6,+18111735148,ACT16969688,William,Johnson,william.johnson834@gmail.com,1974-12-20,IL,BUSINESS_50,2022-05-27 14:09:51,smartphone,354816940185552,5G_NSA,1,2019-05-03 04:45:48,,,check,332.97,488,1,porting_unknown,2019-02-11 02:27:06,2024-09-01 22:26:09
dce74408-dd1c-4052-b697-016c9359efd6,+18111735148,ACT16969688,WILLIAM,Johnson,william.johnson834@gmail.com,1974-12-20,IL,BUSINESS_50,2022-05-27 14:09:51,smartphone,354816940185552,5G_NSA,1,2019-05-03 04:45:48,,,check,332.97,488,1,porting_unknown,2019-02-11 02:27:06,2024-09-01 22:26:09
34e17e95-93ba-418b-b55e-cd6ad402d1a6,+19261890807,ACT27719473,Michael,Jackson,michael.jackson464@gmail.com,1961-06-23,TX,BUSINESS_UNLIMITED,2023-03-13 23:46:34,feature_phone,371778971917768,WiFi_calling,1,2022-12-06 18:31:32,,,bank_transfer,314.56,710,4,cricket,2021-08-25 07:42:05,2023-05-03 00:09:13
0ff612e1-6891-4afd-9f7a-a626cad9407f,+18768015750,ACT55560545,Jessica,Gonzalez,jessica.gonzalez748@gmail.com,1994-07-16,MI,POSTPAID_STARTER,2024-08-14 00:26:55,tablet,172984987420767,5G,0,2020-09-11 23:34:37,2024-11-29 17:59:13,competitor_offer,cash,101.79,352,2,tmobile,2019-04-25 13:39:49,2022-11-21 19:55:28
dad63193-43c1-4261-8bca-f226460be8a0,+19951135019,ACT84427668,Karen,Miller,karen.miller355@gmail.com,1997-11-09,AZ,PREPAID_BASIC,2024-06-22 05:00:07,hotspot,,4G,0,2020-10-16 07:01:35,2024-08-05 11:17:37,price_sensitivity,check,187.62,467,4,,2018-01-25 19:18:37,2022-07-19 18:35:39
55b74a31-7cc4-426f-b64b-8a0854126406,+15043291958,ACT21979830,David,Garcia,david.garcia550@gmail.com,1952-05-01,MA,POSTPAID_STARTER,2020-01-07 10:45:27,hotspot,,4G,1,2019-09-12 16:21:30,,,check,440.43,845,1,,2019-02-06 21:20:50,2020-06-07 04:33:46
660f3e6a-f096-43d1-93df-b38b62e164dc,+12577379457,ACT20350961,Barbara,Miller,barbara.miller882@gmail.com,1971-11-22,MA,BUSINESS_50,2020-08-28 12:14:56,tablet,469597133427614,LTE,1,2019-10-07 16:39:47,,,bank_transfer,63.49,705,4,,2018-09-20 17:57:12,2020-03-27 10:42:57
59e565e8-cd06-4e4e-ad9e-802a705d387e,+19558759033,ACT21383966,Lisa,Anderson,lisa.anderson214@gmail.com,1959-11-14,CA,POSTPAID_ELITE,2021-09-05 18:50:45,feature_phone,556913104434164,5G,1,2019-05-05 06:42:16,,,auto_pay,407.16,734,6,,2019-04-25 02:45:06,2019-12-09 20:37:52
26c33270-09d8-4fa5-bb9b-2cb631247f2f,+18015839059,ACT87786362,Thomas,Davis,,1957-11-20,MA,PREPAID_UNLIMITED,2024-12-13 02:30:41,feature_phone,290606362576084,4G,0,2021-05-08 12:32:13,2024-12-13 10:47:14,unknown,bank_transfer,353.19,653,5,,2020-07-19 14:25:22,2022-04-19 01:49:52
eef606be-248d-4392-b455-54c969c66f94,+18316792456,ACT49551126,Joseph,Martin,joseph.martin110@gmail.com,1992-12-15,NY,FAMILY_PLAN,2024-11-15 11:23:37,tablet,385092625961421,4G,1,2023-05-29 16:39:12,,,cash,363.39,,4,,2020-05-01 21:34:15,2024-12-13 15:46:35
90b56269-68eb-4254-8799-6f02c5fb8ebb,+16136096415,ACT94879690,Barbara,Thomas,barbara.thomas340@gmail.com,1975-11-17,GA,POSTPAID_STARTER,2021-01-09 04:11:03,feature_phone,421718199448699,LTE,0,2020-01-16 15:05:49,2023-11-27 18:53:02,competitor_offer,cash,52.44,677,3,sprint,2019-02-14 12:00:28,2021-10-19 00:55:43
95aa7663-05da-4158-9141-5220bc6da51f,+18784253340,ACT99188601,Charles,Miller,charles.miller598@gmail.com,1955-09-22,NY,PREPAID_BASIC,2022-06-24 08:07:02,hotspot,,WiFi_calling,1,2021-08-19 15:41:08,,,cash,401.14,519,6,,2018-06-20 22:12:57,2023-02-28 17:16:57
685b2a2c-77d5-4432-9b15-86c9065fccef,+12854829719,ACT89227987,Sarah,Anderson,sarah.anderson496@gmail.com,1974-09-04,WA,FAMILY_PLAN,2021-06-13 06:56:13,smartwatch,,4G,0,2020-10-17 09:04:24,2024-04-01 08:45:32,price_sensitivity,credit_card,139.73,382,2,,2020-08-01 00:01:33,2024-09-09 20:18:27
05d0c6b7-c6d7-4e76-966c-d1e3fa11408b,+17784709394,ACT18504418,Robert,Moore,robert.moore920@gmail.com,1984-12-10,OH,PREPAID_UNLIMITED,2021-03-28 06:03:40,feature_phone,942429478601307,WiFi_calling,0,2020-10-04 23:24:41,2022-11-19 13:25:31,device_upgrade,auto_pay,437.38,604,6,att,2018-02-27 03:20:49,2024-06-06 06:31:45
faacebfc-3771-435d-bd00-28037d3215ba,+15631277385,ACT88750949,Robert,Moore,robert.moore661@gmail.com,1979-08-19,CO,PREPAID_BASIC,2021-03-02 06:16:15,feature_phone,531216115118862,WiFi_calling,1,2020-11-05 14:44:11,,,cash,251.62,598,3,,2019-02-20 05:24:20,2022-04-22 20:45:22
26686f5a-f05e-4b37-ba42-dfd04a71ab69,+14147241301,ACT13402133,Richard,Lopez,richard.lopez376@gmail.com,1985-01-17,CA,POSTPAID_ELITE,2024-01-10 08:02:11,hotspot,,5G,1,2021-11-20 20:14:57,,,cash,99.56,655,2,,2019-03-29 12:30:14,2023-10-07 15:51:33
1a570c01-ee4b-48d8-972c-fb033e72863b,+15394420306,ACT82790147,William,Davis,william.davis911@gmail.com,1954-10-20,FL,PREPAID_UNLIMITED,2021-10-14 03:31:41,hotspot,,5G,1,2019-08-05 23:45:55,,,credit_card,128.03,374,1,,2018-05-08 21:12:16,2022-03-17 12:39:34
4bbf6e93-cd6d-457d-933d-2eead6e6c2f7,+18682550521,ACT23108186,James,Johnson,,,TX,POSTPAID_ELITE,2024-09-12 05:13:01,tablet,303578927235513,5G_NSA,1,2021-07-17 19:30:42,,,bank_transfer,275.49,338,3,,2018-07-22 00:48:23,2024-05-04 08:55:05
c8323f70-8d43-474e-9872-e2a0d80ff415,+16009696204,ACT17878287,Jennifer,Moore,jennifer.moore782@gmail.com,1973-02-01,CO,BUSINESS_UNLIMITED,2023-09-08 18:38:53,smartwatch,,WiFi_calling,1,2020-06-23 18:52:28,,,voucher,139.79,325,4,,2019-10-25 01:09:32,2023-11-25 20:26:36
cfd41a3d-5133-49ae-b955-da10665becb9,+14487370591,ACT78929610,John,Williams,john.williams211@gmail.com,1980-02-28,CO,PREPAID_BASIC,2020-01-30 22:02:24,hotspot,,LTE,1,2019-05-23 22:14:48,,,cash,285.62,541,4,,2019-02-10 23:54:18,2020-06-26 04:19:04
5e1fb5fc-4a0f-444d-9fd6-01bf8deaddbd,+19232145083,ACT26592874,Susan,Johnson,susan.johnson63@gmail.com,2004-08-02,VA,BUSINESS_UNLIMITED,2024-02-25 21:01:55,smartphone,743522367017755,LTE,1,2023-11-14 23:21:57,,,credit_card,134.5,466,1,,2022-05-04 11:35:52,2024-02-17 22:50:54
5ffa5731-d7d2-4b48-910c-febb4ef2e796,+12429557947,ACT73524566,Thomas,Jones,thomas.jones956@gmail.com,1985-08-21,WA,BUSINESS_50,2022-12-30 23:09:34,smartphone,830098624183054,5G,1,2022-03-13 06:46:07,,,cash,424.17,470,1,porting_unknown,2019-04-07 19:05:39,2022-05-21 16:50:29
9ec4fd17-3a19-4024-b052-0e1463a5c092,+14277487892,ACT64833356,James,Taylor,james.taylor983@gmail.com,1953-07-23,CO,PREPAID_UNLIMITED,2024-11-13 01:06:24,smartwatch,,LTE,1,2022-04-30 16:42:41,,,auto_pay,,646,5,,2021-05-04 22:55:15,2023-11-20 15:13:34
c39bd25f-98a7-4ec4-8a29-efa46e354c27,+14917372715,ACT65818646,Karen,Williams,karen.williams804@gmail.com,1991-01-17,NJ,FAMILY_PLAN,2024-06-09 05:03:16,hotspot,,5G,1,2020-06-13 02:48:57,,,cash,342.54,600,5,porting_unknown,2018-09-14 16:38:22,2022-10-27 02:36:12
d3092700-6620-4939-af06-1a57f72c2123,+18595264119,ACT62779791,Lisa,Thomas,lisa.thomas323@gmail.com,1964-03-09,CO,BUSINESS_UNLIMITED,2024-08-22 14:55:47,hotspot,,5G_NSA,1,2022-02-16 15:09:07,,,debit_card,355.28,677,3,,2020-05-21 19:04:23,2023-11-01 07:31:17
63a9771d-87cc-4fa5-ac24-bc836021bbb0,+14762787384,ACT60326387,David,Davis,david.davis20@gmail.com,1970-10-14,AZ,POSTPAID_PRO,2022-02-11 10:46:15,tablet,262228938128221,4G,0,2019-03-11 04:35:32,2022-03-04 02:37:14,unknown,auto_pay,67.8,786,4,att,2018-11-29 04:09:47,2023-09-23 16:11:36
0429cec1-b683-4a99-b03a-967a32112c32,+13041844933,ACT54704608,Sarah,Martin,sarah.martin126@gmail.com,1984-12-16,AZ,PREPAID_BASIC,2023-07-14 05:43:42,smartphone,196526635751709,WiFi_calling,1,2023-05-28 14:14:26,,,cash,205.35,663,4,cricket,2020-07-28 14:10:41,2023-07-06 15:36:28
10cf9342-2a73-4ec1-8b9c-1651fed28d1f,+14260136865,ACT83133221,Jessica,Lopez,,1953-08-16,NJ,POSTPAID_STARTER,2024-07-04 06:51:32,tablet,714760595678996,5G_NSA,1,2019-01-16 08:58:16,,,voucher,138.35,442,1,,2018-10-12 06:07:26,2021-08-16 01:11:05
3d340c1b-027c-4436-ae65-420574cca66a,+18006390066,ACT14604255,Barbara,Moore,barbara.moore295@gmail.com,1968-11-11,FL,POSTPAID_PRO,2021-03-19 04:17:39,smartwatch,,WiFi_calling,1,2019-04-08 03:12:13,,,check,52.12,782,6,,2018-08-22 16:56:56,2024-08-23 10:39:47
89e3b790-a19b-4fe7-9bfb-3eb88978925d,+19465893907,ACT84903721,Michael,Wilson,michael.wilson456@gmail.com,1961-06-15,WA,BUSINESS_UNLIMITED,2023-01-27 11:20:56,feature_phone,798873393367073,5G_NSA,1,2021-10-17 17:04:45,,,debit_card,272.55,601,1,sprint,2020-06-25 05:16:55,2022-09-10 23:35:06
4843e0c2-e861-4c50-9316-d0b9eefc350f,+13495824879,ACT77129319,Susan,Martinez,susan.martinez143@gmail.com,1977-10-05,NY,POSTPAID_STARTER,2024-04-23 04:26:16,smartwatch,,LTE,0,2019-11-15 15:57:13,2024-11-03 21:45:19,price_sensitivity,check,340.5,773,2,,2019-11-03 10:28:10,2023-06-05 00:28:40
7204670c-94ea-4495-8429-281763530c19,+14534683209,ACT49659802,Linda,Hernandez,linda.hernandez396@gmail.com,1986-08-14,OH,POSTPAID_ELITE,2024-07-29 19:31:56,tablet,484815716180023,3G,1,2023-11-10 10:38:36,,,check,425.86,678,3,,2019-08-26 09:17:19,2024-06-27 11:29:33
5539314e-5536-40cb-90ab-2936bc5efcb5,+15834801158,ACT43656254,Richard,Wilson,richard.wilson895@gmail.com,2002-09-27,TX,POSTPAID_ELITE,2020-10-25 15:15:15,smartphone,414971078733877,4G,1,2019-10-10 13:18:00,,,cash,172.24,315,4,,2019-02-23 05:49:07,2023-03-17 09:09:35
aec2006b-22a8-4516-be15-8e391b3e2abd,+17723842285,ACT13161141,Jennifer,Wilson,,1998-03-27,VA,FAMILY_PLAN,2023-08-06 10:01:56,hotspot,,3G,0,2020-06-27 23:54:21,2024-07-18 17:01:19,service_quality,check,384.77,803,4,,2020-06-21 23:14:08,2021-10-09 15:01:43
51dfa952-c9de-4f56-95b6-be399b3ea80c,+18804648669,ACT28429626,David,Lopez,david.lopez391@gmail.com,1994-03-24,NY,POSTPAID_STARTER,2023-07-26 13:39:07,tablet,142308333500984,5G_NSA,1,2023-07-11 02:32:04,,,cash,318.95,810,2,,2023-07-04 09:14:11,2023-11-28 11:41:29
20e6b8d2-93b0-45f9-8353-e6f4748a07e9,+17345451202,ACT34963608,Lisa,Martinez,lisa.martinez848@gmail.com,1962-04-15,VA,PREPAID_UNLIMITED,2020-03-11 02:28:16,feature_phone,411844152371053,LTE,1,2019-02-06 03:39:43,,,voucher,82.82,453,2,porting_unknown,2018-06-26 04:58:15,2023-09-05 13:42:25
68d10210-262c-489f-ad40-74defa743d92,+17719333938,ACT92322471,Linda,Williams,linda.williams613@gmail.com,2000-08-12,FL,POSTPAID_STARTER,2022-03-11 11:57:08,feature_phone,749010583428236,5G,1,2019-08-11 15:02:09,,,debit_card,84.36,791,2,cricket,2019-01-06 09:34:45,2023-01-06 18:47:05
c45eb793-cfae-4b76-abe6-f0bfd861ca64,+19970358313,ACT54360329,John,Moore,john.moore365@gmail.com,1983-04-23,WA,FAMILY_PLAN,2024-12-15 04:32:31,tablet,598573903587360,5G,1,2019-12-04 22:45:12,,,debit_card,248.42,502,4,att,2019-08-08 18:22:07,2024-05-11 18:33:48
bd434bf2-89ae-43e8-b172-58acfa17bd53,+13943099077,ACT38899558,Susan,Gonzalez,susan.gonzalez172@gmail.com,1973-04-02,CO,POSTPAID_ELITE,2024-12-29 00:23:43,hotspot,,WiFi_calling,1,2023-08-02 07:54:32,,,check,113.24,623,6,,2020-02-20 11:42:32,2024-11-29 09:21:26
cdaaeb94-3054-4adb-be86-9a919e504598,+18859216273,ACT31577121,Patricia,Martin,patricia.martin364@gmail.com,1950-03-24,GA,PREPAID_UNLIMITED,2022-09-08 09:23:54,smartphone,500299170394963,LTE,1,2019-04-04 01:09:00,,,check,444.64,654,6,,2018-02-13 18:16:29,2023-04-22 14:55:31
15d39605-eb94-478d-81ba-fee6cd794db4,+19997603663,ACT57662083,David,Garcia,david.garcia811@gmail.com,1972-06-28,NY,FAMILY_PLAN,2024-05-07 19:28:03,tablet,229157877267465,LTE,0,2022-12-18 07:24:29,2024-10-02 16:09:07,competitor_offer,credit_card,310.2,557,5,att,2021-04-18 13:12:33,2024-06-23 21:03:09
c0b5ce25-7c9d-4bd6-94ab-e2437a1632d1,+17112856480,ACT95495426,John,Williams,john.williams191@gmail.com,1975-12-26,MA,POSTPAID_ELITE,2024-11-06 05:05:56,feature_phone,407127405877510,5G,0,2022-03-30 18:08:16,2024-12-11 03:42:59,price_sensitivity,cash,410.5,,6,cricket,2021-04-04 05:17:35,2023-04-22 23:58:00
4a7fa3d6-ff30-448e-8b81-c309212908cc,+12341914207,ACT77014646,Karen,Moore,karen.moore868@gmail.com,1998-01-12,GA,BUSINESS_50,2021-01-02 14:26:04,smartwatch,,WiFi_calling,1,2020-10-12 17:43:30,,,cash,31.8,719,2,verizon,2020-04-12 12:40:20,2024-11-08 19:43:14
abac0a6e-a934-4456-bb88-3770300ef8a0,+16168405035,ACT45702254,Barbara,Johnson,barbara.johnson149@gmail.com,1998-09-12,FL,FAMILY_PLAN,2024-11-05 09:52:23,smartphone,387757225758179,3G,1,2024-02-06 12:49:30,,,auto_pay,77.57,571,3,porting_unknown,2018-07-26 13:12:51,2024-06-20 22:33:25
e37347b9-f147-429f-ac01-39423ed6e2df,+17303174508,ACT41468235,Jessica,Jones,jessica.jones831@gmail.com,2001-08-08,CA,FAMILY_PLAN,2022-10-10 20:45:17,hotspot,,5G,0,2021-04-24 12:59:51,2024-09-05 03:38:01,price_sensitivity,auto_pay,101.65,399,3,,2018-08-27 22:24:30,2022-02-26 04:10:25
326f48db-a78b-4b68-bb26-a01fbe7ba985,+13143255413,ACT49862014,John,Garcia,john.garcia805@gmail.com,1965-11-26,MI,POSTPAID_PRO,2022-03-03 05:28:35,smartwatch,,3G,1,2022-02-05 23:23:10,,,debit_card,20.09,364,2,tmobile,2021-08-09 19:36:02,2022-04-25 02:42:28
562a42f6-6cc5-4283-bac8-be91b7d96eb9,+12749712426,ACT29402338,Sarah,Davis,sarah.davis934@gmail.com,1955-02-28,MA,FAMILY_PLAN,2023-09-26 02:34:55,hotspot,,WiFi_calling,1,2020-03-04 17:39:34,,,auto_pay,243.26,662,1,,2018-06-26 14:52:07,2021-02-23 11:49:50
63a30aec-0277-4e74-aa15-e461e490fd18,+14055004770,ACT44214708,Jennifer,Gonzalez,jennifer.gonzalez893@gmail.com,1990-02-22,WA,POSTPAID_ELITE,2023-12-30 11:23:13,tablet,538356997313856,3G,1,2022-11-01 09:27:13,,,credit_card,43.8,740,4,sprint,2019-01-22 18:50:01,2024-09-06 20:27:24
695e4388-1e90-4625-a206-4a284158248b,+12810164061,ACT66256807,Jennifer,Garcia,jennifer.garcia368@gmail.com,1957-02-09,IL,FAMILY_PLAN,2023-03-01 12:34:56,tablet,597640462951986,WiFi_calling,1,2023-01-03 20:00:04,,,voucher,401.14,823,6,,2018-12-25 11:23:07,2023-09-13 14:47:10
6ca35174-72c2-41c4-a1ed-d7b4cb2ceffe,+19744001746,ACT63113917,Jennifer,Williams,jennifer.williams80@gmail.com,1999-03-08,CA,POSTPAID_PRO,2024-04-23 01:18:05,tablet,260102516458809,3G,1,2023-04-24 18:08:31,,,check,272.26,402,4,verizon,2020-08-18 15:51:01,2024-01-20 04:57:01
fbc79e00-1e29-4588-89c4-243267e78c26,+17726585999,ACT81792664,Richard,Rodriguez,richard.rodriguez544@gmail.com,1988-06-02,WA,BUSINESS_50,2022-03-25 15:50:54,feature_phone,664772991300176,4G,1,2021-05-17 06:50:32,,,cash,437.68,713,1,,2018-12-02 02:26:55,2021-09-30 00:12:44
24eb370f-0fa8-4e4f-b6cd-7cc287bd1469,+18114269142,ACT85209209,William,Smith,william.smith327@gmail.com,1961-03-19,CO,PREPAID_UNLIMITED,2021-07-30 13:16:19,smartwatch,,3G,1,2019-12-01 01:14:08,,,cash,329.29,428,6,,2019-03-22 18:52:50,2023-11-15 21:59:20
a99becab-f7ea-40f6-973a-81090ac504e1,+17105441352,ACT14689982,Jennifer,Hernandez,jennifer.hernandez630@gmail.com,1995-03-16,FL,POSTPAID_ELITE,2020-06-23 23:21:34,hotspot,,5G_NSA,0,2019-05-30 21:27:57,2023-07-02 17:40:28,relocation,bank_transfer,379.79,430,6,porting_unknown,2019-05-30 07:46:22,2023-11-23 15:40:59
b13034a5-8f24-424c-a1a9-05152bdaf25b,+16144732220,ACT76938013,David,Johnson,david.johnson469@gmail.com,1959-08-17,WA,BUSINESS_UNLIMITED,2023-07-07 07:18:22,hotspot,,WiFi_calling,1,2019-03-21 16:57:28,,,debit_card,406.89,544,4,sprint,2018-12-23 15:12:16,2023-02-05 20:29:12
9bdd1b7f-4369-4301-af22-6af460224ccf,+17503263165,ACT77352903,Patricia,Thomas,patricia.thomas241@gmail.com,1994-09-24,MI,POSTPAID_PRO,2024-01-19 10:13:57,tablet,498503087019901,5G_NSA,1,2020-06-19 01:15:57,,,auto_pay,43.33,838,5,,2019-12-20 05:47:32,2021-02-04 20:39:29
be0481ce-2bf2-46d0-a064-7921574b01c6,+15189448739,ACT20338805,Patricia,Hernandez,patricia.hernandez933@gmail.com,1989-11-19,WA,BUSINESS_50,2020-01-16 12:29:52,hotspot,,3G,1,2019-01-28 23:55:24,,,auto_pay,290.21,470,6,,2018-10-17 11:35:17,2020-04-03 05:34:55
72e08298-42bf-428b-8c12-60be3b4749e0,+19927044779,ACT12038849,Jennifer,Anderson,jennifer.anderson11@gmail.com,2001-10-06,MI,PREPAID_UNLIMITED,2021-03-08 12:24:02,feature_phone,890893126484427,LTE,1,2019-01-14 00:05:04,,,auto_pay,223.72,401,1,att,2018-10-29 03:21:05,2019-12-05 19:50:14
d2794ce9-b02c-401d-8a25-f1dbff1ff9ab,+14138312842,ACT27491950,Richard,Taylor,richard.taylor553@gmail.com,1986-05-08,TX,POSTPAID_STARTER,2022-02-20 12:14:38,smartphone,197720159980164,5G_NSA,1,2020-04-13 00:42:23,,,voucher,448.09,467,5,att,2019-07-23 15:45:29,2021-04-14 18:00:01
02dcb1ab-f712-45dd-9f2e-f622de34c27b,+17337500731,ACT83615641,David,Rodriguez,david.rodriguez298@gmail.com,1997-07-24,GA,POSTPAID_ELITE,2021-11-03 10:33:04,smartwatch,,5G_NSA,1,2021-08-05 04:16:59,,,auto_pay,186.78,,1,porting_unknown,2019-07-09 00:49:14,2023-04-23 13:31:43
02dcb1ab-f712-45dd-9f2e-f622de34c27b,+17337500731,ACT83615641,DAVID,Rodriguez,david.rodriguez298@gmail.com,1997-07-24,GA,POSTPAID_ELITE,2021-11-03 10:33:04,smartwatch,,5G_NSA,1,2021-08-05 04:16:59,,,auto_pay,186.78,,1,porting_unknown,2019-07-09 00:49:14,2023-04-23 13:31:43
df845d04-97c6-4560-8ec2-1100e99d6f18,+18328255718,ACT94703872,Joseph,Hernandez,joseph.hernandez633@gmail.com,1966-06-20,MI,POSTPAID_STARTER,2020-07-04 10:36:52,feature_phone,966411166367030,5G_NSA,1,2019-10-24 10:39:13,,,cash,409.19,498,4,verizon,2019-08-24 15:52:43,2024-05-21 13:47:17
97053e31-78e9-409e-a507-9171f7b831aa,+14253090338,ACT42117849,Lisa,Gonzalez,lisa.gonzalez818@gmail.com,1976-04-09,CO,FAMILY_PLAN,2022-06-24 13:05:54,feature_phone,347128329169169,3G,1,2020-02-07 06:35:24,,,voucher,254.8,529,5,,2019-04-03 15:22:42,2022-06-11 02:58:44
305e205d-a3a4-4365-b9b9-b77ce7594eff,+19515900992,ACT67860566,Robert,Jones,robert.jones489@gmail.com,2000-12-26,IL,FAMILY_PLAN,2021-07-22 06:30:05,smartwatch,,5G,1,2019-03-04 06:24:19,,,bank_transfer,403.83,531,4,porting_unknown,2018-10-08 10:14:13,2022-10-16 05:00:14
bd26db34-69c7-49e6-89ed-5eff6d59620b,+14456558516,ACT56087801,Sarah,Taylor,sarah.taylor227@gmail.com,1980-07-01,WA,PREPAID_BASIC,2024-08-23 04:27:01,hotspot,,LTE,1,2022-10-16 16:35:26,,,credit_card,251.08,576,2,att,2020-10-23 18:24:19,2024-10-02 02:17:07
4434a984-034c-49c1-9043-86052ddc8cc3,+14882299535,ACT77646880,David,Miller,david.miller51@gmail.com,2000-09-23,TX,PREPAID_BASIC,2021-10-04 21:38:26,tablet,182313339794176,WiFi_calling,1,2021-05-25 02:12:24,,,voucher,224.65,,5,,2021-04-25 09:26:40,2021-10-03 02:07:20
692bd1c0-1a3e-4701-b7b3-c6cab209ffa5,+17092642900,ACT16317496,Lisa,Martin,lisa.martin773@gmail.com,1985-08-10,NC,POSTPAID_PRO,2020-04-04 17:07:54,smartphone,112599004975424,WiFi_calling,1,2019-09-13 15:34:19,,,voucher,419.58,450,2,,2018-08-11 19:14:05,2024-03-01 22:56:11
79f296a1-1ec1-49da-a9ab-8d96daca23f9,+16062485819,ACT59272230,Susan,Smith,susan.smith663@gmail.com,1994-11-25,IL,POSTPAID_ELITE,2023-12-01 17:26:28,smartwatch,,4G,1,2023-07-25 19:42:15,,,cash,397.89,844,4,,2022-07-07 22:24:40,2023-12-23 12:17:15
577e3b72-9b38-44c5-a9ed-705993e90adc,+19934088845,ACT82687512,Linda,Jackson,linda.jackson769@gmail.com,1994-07-27,NJ,POSTPAID_PRO,2022-12-24 19:05:09,feature_phone,473047382149176,WiFi_calling,0,2019-05-26 00:51:03,2023-07-15 16:31:19,price_sensitivity,auto_pay,299.06,433,2,verizon,2018-06-15 00:14:56,2020-08-18 00:57:09
77f89d09-cb9b-4bfd-bcda-4dd4883675d2,+12381294611,ACT18649958,Patricia,Garcia,patricia.garcia416@gmail.com,1993-01-17,MA,POSTPAID_ELITE,2024-12-01 14:34:27,feature_phone,279123350806007,4G,1,2019-03-18 16:43:11,,,check,273.38,494,2,porting_unknown,2018-05-14 12:28:01,2020-04-18 18:10:22
fcb9f710-de18-4050-b97d-082c4428ecaa,+16066643884,ACT65131391,Mary,Williams,mary.williams389@gmail.com,1982-05-06,IL,POSTPAID_PRO,2024-04-11 11:55:10,smartphone,496858643952716,LTE,1,2023-07-19 23:44:08,,,debit_card,301.63,309,6,sprint,2023-05-30 17:31:14,2024-01-03 06:34:44
fa112c0b-f7c8-4725-b976-d8c058b41722,+12605130631,ACT45473462,Barbara,Davis,barbara.davis634@gmail.com,1984-02-15,WA,POSTPAID_PRO,2024-05-07 05:18:47,feature_phone,747063724815371,4G,1,2021-10-09 23:41:47,,,auto_pay,137.22,505,2,,2018-11-11 23:45:36,2024-10-14 10:13:23
ee27ef7d-eefe-4bef-a56e-05e4365f1f71,+13615239022,ACT25853746,John,Gonzalez,john.gonzalez448@gmail.com,1964-02-04,WA,POSTPAID_ELITE,2023-12-31 20:21:39,feature_phone,167106786957744,5G_NSA,1,2022-08-01 06:41:33,,,credit_card,27.52,571,5,boost,2020-02-16 13:49:08,2023-01-21 03:18:31
61b9d6a9-1a1d-475f-8c50-42bcb4cde571,+16385267181,ACT64963354,Joseph,Jones,joseph.jones933@gmail.com,1959-04-08,MI,POSTPAID_PRO,2023-04-10 03:59:42,feature_phone,881468660552602,3G,1,2020-05-04 01:24:44,,,check,358.2,449,6,,2018-10-04 11:21:23,2023-05-01 14:01:04
c9c5a829-a8a4-4928-8d6c-a8ff6634eb91,+18487318105,ACT17175156,Barbara,Hernandez,barbara.hernandez69@gmail.com,1980-04-13,VA,POSTPAID_ELITE,2022-04-16 12:26:50,smartwatch,,4G,1,2020-07-16 00:26:40,,,debit_card,349.22,573,1,,2020-04-27 17:49:22,2023-05-09 08:09:22
68f5562d-30df-4fda-b85b-2d13b0d0b1b2,+12762399408,ACT75110113,Patricia,Martin,patricia.martin632@gmail.com,1951-10-09,CO,POSTPAID_STARTER,2023-09-30 03:40:56,hotspot,,4G,1,2020-01-20 20:51:28,,,cash,279.71,813,6,,2018-10-08 08:55:27,2024-05-29 14:10:33
8f5fb992-1f89-4fbd-ad53-ecf46aa3af78,+19635043397,ACT85740248,Barbara,Brown,barbara.brown923@gmail.com,2001-07-03,GA,FAMILY_PLAN,2022-02-19 07:05:37,smartphone,533196923355272,WiFi_calling,1,2021-02-16 14:58:25,,,voucher,357.36,302,6,,2020-12-11 14:24:16,2021-12-26 07:06:57
b2ace032-9593-4842-bd49-0877ce19f8c4,+16528127385,ACT65569622,Thomas,Wilson,thomas.wilson336@gmail.com,,NY,POSTPAID_STARTER,2024-05-09 06:40:34,hotspot,,3G,1,2020-05-24 22:04:19,,,voucher,418.39,421,6,,2018-04-15 17:46:32,2021-05-26 00:47:33
acaf4db0-2ed6-4bac-b23f-b8129fba68df,+12643213827,ACT52729035,Joseph,Garcia,joseph.garcia897@gmail.com,1981-06-23,IL,BUSINESS_UNLIMITED,2021-01-06 13:57:44,smartphone,877928587740463,5G_NSA,0,2020-01-25 20:58:29,2022-09-30 01:22:57,service_quality,cash,108.36,510,2,,2018-04-29 08:16:32,2020-07-18 18:18:41
769b34a5-2c01-4ce6-a521-cfc1cb9f277d,+19586432033,ACT42614732,Lisa,Brown,lisa.brown259@gmail.com,1958-12-14,GA,POSTPAID_STARTER,2020-09-11 19:11:50,tablet,558483657290319,4G,1,2019-03-30 04:19:52,,,voucher,139.37,376,2,,2018-12-22 04:23:13,2024-10-08 18:02:23
9bf6a925-8721-4b0d-b8f8-9ecde90da204,+16817335241,ACT60015806,Robert,Rodriguez,robert.rodriguez723@gmail.com,1997-09-22,TX,BUSINESS_50,2024-04-28 11:32:37,tablet,237864378371056,LTE,0,2020-11-21 00:32:51,2024-12-07 12:04:46,service_quality,voucher,39.18,327,1,sprint,2019-06-26 08:58:14,2021-05-07 14:22:56
5b875eb8-01e1-49ec-91ec-bbd6eb2f6dad,+17125473421,ACT83432518,Linda,Davis,,1956-09-06,FL,POSTPAID_STARTER,2022-09-05 15:57:05,smartphone,848988095823480,LTE,0,2020-01-15 13:39:36,2023-12-04 15:05:13,price_sensitivity,cash,172.34,446,1,,2018-01-20 04:14:20,2023-08-02 12:47:31
6e83d005-9beb-443c-91e8-31f7b50f1111,+13665745826,ACT88356568,Richard,Smith,richard.smith824@gmail.com,,MI,POSTPAID_STARTER,2020-01-19 09:57:54,smartwatch,,4G,1,2019-05-23 16:41:26,,,debit_card,138.11,475,3,,2018-03-13 19:36:05,2019-10-05 18:16:54
f14cf63d-59a2-4e41-8281-9e2e8430b475,+14247628326,ACT82456239,Sarah,Johnson,sarah.johnson425@gmail.com,1958-12-22,NY,BUSINESS_50,2022-06-17 07:13:33,feature_phone,294219833181222,WiFi_calling,1,2020-07-05 19:59:13,,,bank_transfer,234.12,603,3,,2020-01-19 21:05:21,2021-03-06 15:23:24
bf5740b3-57f6-482a-bb88-5244dd8f434f,+15434090843,ACT46916064,Lisa,Hernandez,lisa.hernandez760@gmail.com,1951-01-05,GA,POSTPAID_STARTER,2021-12-03 19:11:01,feature_phone,446983823262245,5G_NSA,1,2021-10-12 10:51:27,,,voucher,378.37,783,3,boost,2021-08-14 09:07:14,2024-12-09 13:47:30
574dfec8-58ed-4a0c-b6e9-4bd5f32f49a4,+19300803796,ACT32580842,Richard,Anderson,richard.anderson239@gmail.com,1963-04-12,NY,POSTPAID_ELITE,2021-06-08 04:56:47,smartwatch,,WiFi_calling,1,2020-11-09 18:40:47,,,cash,371.11,686,5,,2018-11-07 05:09:49,2024-03-18 06:52:52
d344147f-2582-46ed-8464-327178c9c55d,+12195881998,ACT33724010,Michael,Martinez,michael.martinez240@gmail.com,1984-12-14,NJ,POSTPAID_PRO,2024-08-05 09:31:28,smartwatch,,WiFi_calling,0,2020-07-01 00:41:18,2024-08-25 12:35:11,deceased,debit_card,92.39,509,1,,2018-10-25 12:13:04,2022-11-28 12:58:17
6ce035f0-2f6d-44c2-824e-8fc037359071,+19497843954,ACT24714151,Richard,Jackson,richard.jackson105@gmail.com,,GA,FAMILY_PLAN,2021-03-31 11:30:12,hotspot,,4G,0,2019-05-11 13:05:30,2023-10-11 02:20:52,price_sensitivity,check,269.57,812,2,porting_unknown,2018-06-14 18:36:42,2024-11-13 16:49:14
0480ade7-4105-4316-8b02-daeb8ebbbb5c,+15612791419,ACT54338935,Robert,Wilson,robert.wilson109@gmail.com,1951-11-23,OH,BUSINESS_50,2024-12-17 07:40:32,tablet,924641148821812,4G,1,2024-08-17 03:40:36,,,auto_pay,354.77,505,6,,2020-08-13 17:04:25,2024-11-20 01:38:14
2e91116f-95f2-46b0-beab-486a5c280616,+12826841790,ACT76330109,Thomas,Johnson,thomas.johnson221@gmail.com,1960-09-10,IL,FAMILY_PLAN,2021-12-08 03:07:55,smartphone,812530487153623,5G,1,2021-09-09 02:10:31,,,check,124.08,620,2,,2019-03-29 08:45:27,2023-03-09 02:54:38
87b1c160-0d70-48a6-aee2-72e4e09de990,+13314192998,ACT51808661,James,Thomas,james.thomas757@gmail.com,1980-01-17,NJ,PREPAID_BASIC,2021-12-26 15:24:20,tablet,798011055954772,3G,1,2020-07-21 05:51:18,,,voucher,63.96,318,2,verizon,2019-06-02 09:12:20,2021-09-06 09:18:03
77bcfbe9-4eea-4fe6-b4be-f258baf13a05,+13144261098,ACT91561435,Patricia,Smith,patricia.smith778@gmail.com,1978-05-17,TX,POSTPAID_PRO,2022-02-15 01:12:01,smartwatch,,5G,1,2019-05-30 00:01:25,,,cash,436.91,808,4,,2019-01-28 17:05:26,2023-05-24 19:51:18
21c55a7d-9e41-43ce-afb7-f1d4f6a5321e,+12266568437,ACT77336894,Patricia,Smith,patricia.smith787@gmail.com,1992-01-06,OH,FAMILY_PLAN,2021-06-07 11:19:34,tablet,287732590822027,LTE,1,2020-06-27 20:01:38,,,debit_card,39.06,489,2,,2019-04-26 04:05:25,2021-02-17 10:08:09
32c3ecf8-ce50-4701-a565-3f767cb38eab,+15309140266,ACT40194921,Michael,Williams,michael.williams539@gmail.com,2004-06-01,WA,PREPAID_UNLIMITED,2023-10-09 00:56:30,tablet,988399468412859,3G,1,2022-06-01 03:32:46,,,auto_pay,86.16,461,3,,2019-08-06 14:40:54,2022-07-22 09:12:27
913140a4-0b09-4f63-b568-bff618bcd6ee,+17212287811,ACT74755392,Karen,Smith,karen.smith445@gmail.com,1993-08-08,FL,POSTPAID_PRO,2020-05-28 10:43:51,smartphone,773484657661331,3G,1,2020-05-27 11:54:47,,,voucher,273.75,,2,,2018-04-27 11:17:29,2024-10-27 06:54:26
615962f5-3ea9-4b9e-a677-6ebe88fa0bb5,+15598398110,ACT13484788,Sarah,Jones,sarah.jones877@gmail.com,1994-04-04,CO,PREPAID_UNLIMITED,2022-02-19 09:10:51,tablet,781496231704869,3G,1,2019-04-24 15:28:59,,,voucher,307.7,614,5,,2018-04-20 07:18:47,2021-03-26 01:40:36
4357edc7-98ff-42c5-92bf-aa78e27bd148,+12233449093,ACT16643524,Jessica,Williams,jessica.williams254@gmail.com,1974-11-03,NJ,POSTPAID_PRO,2024-02-09 21:47:02,tablet,827467914258516,3G,1,2020-09-01 20:01:54,,,voucher,362.89,679,2,,2020-04-04 16:32:44,2021-11-15 12:59:26
490d8318-e5e5-4dc8-b737-2dcc7693a52d,+18717624766,ACT45137792,Mary,Jones,mary.jones189@gmail.com,1950-09-11,NY,BUSINESS_50,2022-02-20 19:07:25,smartphone,655639729820978,LTE,0,2020-04-11 20:15:34,2024-08-08 02:15:01,device_upgrade,credit_card,164.16,415,6,,2019-04-28 05:55:25,2022-04-08 13:06:50
b0cc1207-6a61-43eb-a63a-0f8653c78297,+12772516261,ACT80909058,Susan,Rodriguez,susan.rodriguez322@gmail.com,1978-02-09,OH,BUSINESS_50,2021-03-24 19:24:41,hotspot,,4G,0,2020-08-07 17:26:03,2024-06-12 21:15:06,,voucher,271.13,575,1,,2019-04-29 18:41:48,2021-07-03 16:13:01
40a2bdea-3a5c-4edb-9add-629887191eb4,+13845462216,ACT25311999,Jennifer,Johnson,jennifer.johnson151@gmail.com,1992-12-10,NC,BUSINESS_50,2023-09-12 10:14:52,smartwatch,,5G,1,2023-05-05 22:08:34,,,debit_card,51.1,560,2,sprint,2018-09-27 13:12:41,2024-05-01 16:11:41
f600d159-ef2b-432c-a8c7-ffbdc714e5fb,+12926833902,ACT86654517,Mary,Rodriguez,mary.rodriguez363@gmail.com,1989-06-05,IL,PREPAID_BASIC,2024-07-25 23:38:33,smartwatch,,5G,1,2021-08-29 17:01:03,,,bank_transfer,291.03,621,4,,2021-07-31 22:43:13,2023-01-26 00:24:22
cd9a6919-509c-488b-b032-09fe0f6b77ff,+12005938931,ACT32796144,Michael,Thomas,michael.thomas346@gmail.com,1970-07-28,AZ,PREPAID_UNLIMITED,2023-08-28 13:39:33,smartphone,856703653159375,5G_NSA,0,2019-03-05 00:56:10,2024-09-07 06:16:01,price_sensitivity,check,91.02,778,3,boost,2018-06-19 05:34:18,2019-05-01 13:44:51
1e1a9fb4-857f-4b8b-9e10-0f9443b5f996,+14503962681,ACT70183654,Susan,Rodriguez,susan.rodriguez978@gmail.com,1988-09-25,AZ,BUSINESS_UNLIMITED,2022-04-06 04:53:27,smartwatch,,5G_NSA,1,2020-11-10 01:08:02,,,check,143.53,834,2,tmobile,2018-12-09 22:33:51,2024-08-04 02:39:53
9c30e956-c302-44ee-95c6-9abd63c1f26e,+17326765387,ACT14291923,John,Thomas,john.thomas97@gmail.com,1961-01-24,NC,BUSINESS_50,2024-07-04 08:51:30,hotspot,,5G,1,2020-01-11 14:15:53,,,check,229.67,530,1,,2018-09-09 08:35:45,2023-08-04 16:34:32
3aac240c-7c9d-4f03-85c7-98b45d62bd2f,+16625234420,ACT59221341,Karen,Jones,karen.jones301@gmail.com,1952-03-25,IL,POSTPAID_PRO,2024-07-27 18:05:05,smartphone,718225824202611,3G,1,2020-06-17 09:05:14,,,cash,414.22,,5,,2018-12-13 14:18:05,2022-04-21 06:06:32
df61c35b-e4c2-45aa-92ba-789f48c0b8ac,+15297561557,ACT49694740,James,Davis,james.davis952@gmail.com,1951-12-22,CO,FAMILY_PLAN,2024-06-09 01:21:19,hotspot,,5G_NSA,1,2023-05-10 07:45:02,,,check,201.21,640,6,boost,2022-11-16 12:00:37,2024-02-28 20:56:16
93467ff9-2b31-40c8-9d58-dcf703103fc4,+18892760113,ACT31136199,Karen,Gonzalez,karen.gonzalez308@gmail.com,1984-01-24,VA,POSTPAID_STARTER,2022-10-03 20:40:51,feature_phone,132322363022831,4G,1,2022-05-06 18:47:23,,,check,65.26,367,6,cricket,2022-04-20 21:05:06,2022-12-26 16:31:06
93467ff9-2b31-40c8-9d58-dcf703103fc4,+18892760113,ACT31136199,KAREN,Gonzalez,karen.gonzalez308@gmail.com,1984-01-24,VA,POSTPAID_STARTER,2022-10-03 20:40:51,feature_phone,132322363022831,4G,1,2022-05-06 18:47:23,,,check,65.26,367,6,cricket,2022-04-20 21:05:06,2022-12-26 16:31:06
f93446ed-e8bf-4442-b6e2-6c04acf2fc24,+12489396581,ACT20254402,Charles,Taylor,charles.taylor975@gmail.com,1964-04-24,AZ,POSTPAID_ELITE,2020-11-05 07:41:12,smartwatch,,LTE,1,2020-01-03 07:07:45,,,bank_transfer,73.75,525,6,,2018-01-28 07:46:21,2021-12-29 12:30:33
880a6398-fb1e-49e9-ae47-a8f89092299a,+17506207112,ACT72361614,Jennifer,Gonzalez,jennifer.gonzalez116@gmail.com,1986-09-17,VA,FAMILY_PLAN,2020-04-07 10:30:11,smartwatch,,4G,1,2019-09-14 16:54:21,,,cash,333.47,776,1,,2019-06-26 23:19:19,2024-09-08 13:59:27
b533057f-0a1d-4200-9a70-ee15833efd3b,+13676462267,ACT44414249,Patricia,Martinez,patricia.martinez730@gmail.com,1957-09-16,CA,POSTPAID_PRO,2024-12-12 01:52:26,smartphone,696134123309843,3G,1,2020-06-24 06:40:57,,,auto_pay,369.2,685,4,,2019-11-30 04:00:55,2021-12-31 01:12:25
d95c2bf2-7e0a-497f-a9d8-30bf7ae1c95b,+13611982475,ACT78856002,Patricia,Anderson,patricia.anderson30@gmail.com,,MA,FAMILY_PLAN,2024-11-09 11:30:29,hotspot,,5G,0,2022-05-10 09:11:10,2024-11-29 03:47:14,unknown,credit_card,433.02,633,5,,2018-08-20 16:05:39,2023-12-09 07:11:21
5420a367-7c36-422b-b310-1690520a295e,+19838334461,ACT84164670,Mary,Johnson,mary.johnson567@gmail.com,1977-08-24,OH,POSTPAID_ELITE,2023-08-06 19:55:33,hotspot,,5G,1,2019-08-02 11:43:49,,,cash,441.26,819,2,porting_unknown,2019-03-29 08:17:34,2023-01-13 20:14:31
cff86678-fe6d-4d32-973c-75c606488a79,+14130378891,ACT75536153,Jessica,Lopez,jessica.lopez920@gmail.com,,AZ,POSTPAID_STARTER,2021-11-06 21:44:55,feature_phone,660428812270089,5G_NSA,0,2020-09-20 02:28:04,2024-06-23 11:40:42,price_sensitivity,voucher,98.76,401,3,cricket,2020-06-01 22:17:03,2021-05-16 16:27:48
94c3ce78-5df7-4904-8439-1eb5ab524ea5,+16474813983,ACT15802907,Michael,Rodriguez,michael.rodriguez593@gmail.com,1997-04-24,NJ,POSTPAID_STARTER,2024-08-08 06:55:07,tablet,925570920330661,5G_NSA,1,2023-07-05 16:17:13,,,cash,148.29,692,3,,2019-11-16 08:45:16,2023-07-18 06:33:08
75efd47c-1c9d-4a39-ad58-1f68a8eb20e7,+13573879622,ACT62956060,Barbara,Rodriguez,barbara.rodriguez50@gmail.com,1956-07-11,MI,PREPAID_BASIC,2020-05-28 01:31:32,tablet,148659680206547,5G_NSA,0,2019-01-20 16:12:02,2021-03-01 19:47:47,unknown,auto_pay,385.48,792,6,,2018-05-03 19:01:28,2020-05-26 11:39:57
211deab4-2722-4ad1-b72f-ad3bca960f5e,+18741398483,ACT88388255,Jennifer,Lopez,jennifer.lopez29@gmail.com,1985-11-09,MI,POSTPAID_PRO,2022-06-28 04:54:30,tablet,793504899030659,5G_NSA,0,2020-01-23 18:49:21,2023-01-21 10:02:26,,bank_transfer,181.16,567,1,boost,2019-10-18 18:01:14,2022-12-01 07:21:32
70932a5f-a69d-483d-aae2-ed8be3bf7b04,+17920517187,ACT60348157,Joseph,Wilson,joseph.wilson215@gmail.com,1985-06-11,TX,PREPAID_UNLIMITED,2024-11-07 17:28:08,feature_phone,644673396014803,5G_NSA,1,2022-08-21 20:20:20,,,credit_card,428.94,490,3,,2020-03-04 22:22:33,2023-01-14 16:12:48
72928446-8340-4aa3-a4fb-ae3277cd8a6e,+16577511856,ACT99630691,Barbara,Rodriguez,barbara.rodriguez168@gmail.com,1986-10-08,NJ,POSTPAID_PRO,2023-03-14 10:28:44,smartwatch,,WiFi_calling,1,2019-08-22 21:13:12,,,voucher,119.72,387,5,,2018-09-10 23:17:06,2024-05-04 01:41:15
a2d5ad1c-e1a4-4784-bdb5-eaf83fbcb353,+13798679855,ACT27201582,Lisa,Lopez,lisa.lopez975@gmail.com,1991-06-04,TX,BUSINESS_50,2022-08-15 22:43:43,tablet,288959221151862,WiFi_calling,1,2022-05-15 13:03:04,,,check,327.39,396,6,,2018-02-08 13:34:38,2024-01-30 15:26:58
4c7ee18e-ce5b-490b-9ae0-9378aa5cddcb,+16334873638,ACT16388970,John,Lopez,john.lopez846@gmail.com,2001-08-19,NY,PREPAID_BASIC,2023-07-25 21:54:04,tablet,845553642234804,LTE,1,2020-03-30 19:38:37,,,cash,35.54,445,4,att,2020-02-22 19:50:54,2020-05-27 04:31:58
e756659a-8a22-4fbd-8fc5-d623570e3327,+18339256435,ACT29133457,Susan,Hernandez,susan.hernandez231@gmail.com,2000-12-16,WA,POSTPAID_STARTER,2024-10-28 16:26:23,tablet,133438083557646,3G,1,2020-10-16 23:57:17,,,check,151.02,735,4,,2020-02-14 15:35:10,2023-02-25 08:31:58
110d361a-72fd-469d-a6e8-4da9c5e0261d,+14912054020,ACT13520500,Sarah,Anderson,sarah.anderson573@gmail.com,1989-04-01,GA,BUSINESS_50,2024-10-23 16:53:04,smartwatch,,3G,1,2019-11-09 18:38:51,,,check,23.83,333,5,,2019-10-16 10:05:17,2024-09-01 22:27:34
71aa6e45-7a68-48a1-b320-7ebbbca26b74,+15526775142,ACT46716981,Karen,Hernandez,karen.hernandez712@gmail.com,1970-09-16,WA,FAMILY_PLAN,2021-09-05 19:24:28,smartwatch,,LTE,1,2020-05-22 15:21:58,,,voucher,373.74,801,3,boost,2018-04-26 18:44:07,2021-10-26 01:35:15
eacfdb8a-fdc6-4857-92fa-e28943a03cf4,+17686463427,ACT77418977,Jennifer,Martinez,jennifer.martinez648@gmail.com,1973-10-03,CA,FAMILY_PLAN,2021-09-19 07:24:59,smartwatch,,5G_NSA,1,2020-05-27 05:55:50,,,auto_pay,124.13,,2,,2019-04-13 11:30:43,2022-07-01 08:57:57
12363d09-943d-43ed-a2be-765c753c883f,+18272103057,ACT66396228,Robert,Taylor,robert.taylor11@gmail.com,1972-10-27,MA,FAMILY_PLAN,2021-02-24 10:05:09,hotspot,,5G_NSA,1,2020-08-30 23:29:44,,,credit_card,246.02,465,1,,2019-10-06 18:13:03,2023-02-02 18:05:57
29a56499-3603-4607-b224-22a75bef0178,+17740831475,ACT89944248,Charles,Garcia,charles.garcia74@gmail.com,1968-04-17,NY,BUSINESS_50,2021-06-16 14:43:43,hotspot,,WiFi_calling,1,2019-04-26 03:34:01,,,bank_transfer,107.25,778,1,att,2018-07-14 09:58:23,2022-09-30 13:37:20
568450df-29a5-41d7-89ee-f0a6ed6d4b91,+16515557579,ACT88430163,John,Miller,,2000-10-19,NC,POSTPAID_PRO,2021-12-17 14:00:41,feature_phone,505848818224250,5G_NSA,1,2021-12-01 19:48:13,,,auto_pay,121.02,423,1,,2020-08-02 08:35:39,2024-08-15 03:30:14
568450df-29a5-41d7-89ee-f0a6ed6d4b91,+16515557579,ACT88430163,JOHN,Miller,,2000-10-19,NC,POSTPAID_PRO,2021-12-17 14:00:41,feature_phone,505848818224250,5G_NSA,1,2021-12-01 19:48:13,,,auto_pay,121.02,423,1,,2020-08-02 08:35:39,2024-08-15 03:30:14
e271e542-341a-4b05-bd15-c2cf0b3ea27e,+14823804717,ACT25487189,Robert,Jones,robert.jones414@gmail.com,,NJ,BUSINESS_UNLIMITED,2023-04-20 22:38:35,smartwatch,,3G,1,2021-12-26 17:36:21,,,voucher,26.11,349,5,cricket,2020-02-08 09:05:26,2024-04-28 13:56:04
3498b498-2b5f-48e7-99e5-b4464418207f,+16498751364,ACT71067743,Lisa,Thomas,lisa.thomas368@gmail.com,1990-11-05,NJ,POSTPAID_PRO,2021-10-20 22:12:32,feature_phone,151258975612168,WiFi_calling,1,2019-11-12 07:39:32,,,voucher,26.8,380,6,,2018-10-24 18:51:50,2021-02-18 17:31:06
2a68dfac-a64c-4dce-9982-6358c20d22f8,+15008540601,ACT33707378,Karen,Johnson,karen.johnson71@gmail.com,1994-10-02,NJ,PREPAID_BASIC,2021-10-26 14:35:30,smartphone,518009723046835,WiFi_calling,1,2021-01-02 21:12:12,,,auto_pay,362.12,767,1,,2020-01-19 11:18:24,2022-06-04 03:20:10
2a68dfac-a64c-4dce-9982-6358c20d22f8,+15008540601,ACT33707378,KAREN,Johnson,karen.johnson71@gmail.com,1994-10-02,NJ,PREPAID_BASIC,2021-10-26 14:35:30,smartphone,518009723046835,WiFi_calling,1,2021-01-02 21:12:12,,,auto_pay,362.12,767,1,,2020-01-19 11:18:24,2022-06-04 03:20:10
256cb4c1-4a2c-4794-b7af-0cdfeb8bcae3,+19177509194,ACT47155721,Jennifer,Martin,jennifer.martin251@gmail.com,1990-07-13,IL,FAMILY_PLAN,2020-03-31 16:00:28,smartphone,860930474324243,5G,1,2020-01-25 19:22:17,,,voucher,207.36,671,6,,2019-12-11 14:53:55,2021-02-23 14:06:05
435f646e-b76f-4861-aaf6-1c30161441a2,+14958475032,ACT85537818,Richard,Miller,richard.miller919@gmail.com,1976-12-14,MI,POSTPAID_ELITE,2024-10-17 04:42:52,hotspot,,5G_NSA,1,2021-03-13 22:46:10,,,check,349.9,828,5,,2019-06-05 19:04:39,2021-08-09 01:54:13
9de32649-b7ee-487b-8c8f-82c29648a956,+14544376123,ACT45657250,Charles,Jackson,charles.jackson21@gmail.com,,NY,POSTPAID_STARTER,2021-08-30 18:07:56,hotspot,,3G,1,2020-04-12 08:54:07,,,credit_card,32.79,692,2,,2019-04-03 22:59:31,2022-10-12 20:09:53
9de32649-b7ee-487b-8c8f-82c29648a956,+14544376123,ACT45657250,CHARLES,Jackson,charles.jackson21@gmail.com,,NY,POSTPAID_STARTER,2021-08-30 18:07:56,hotspot,,3G,1,2020-04-12 08:54:07,,,credit_card,32.79,692,2,,2019-04-03 22:59:31,2022-10-12 20:09:53
86b07369-fab5-4238-9fd1-01ae7b668cd2,+12853473920,ACT93562197,Robert,Smith,robert.smith574@gmail.com,1952-01-15,FL,BUSINESS_UNLIMITED,2024-04-17 04:06:35,feature_phone,592847778787618,5G,1,2021-01-18 03:53:31,,,check,291.13,457,5,boost,2018-06-13 23:27:51,2021-02-22 02:09:20
e6eb2a57-ed7a-4aef-8349-7f3df8f08795,+19195202221,ACT35507958,Linda,Thomas,linda.thomas97@gmail.com,1992-01-18,CO,FAMILY_PLAN,2022-10-13 19:12:12,smartphone,958651361735739,5G_NSA,1,2019-03-15 14:03:20,,,voucher,56.97,403,3,boost,2018-10-19 16:02:15,2019-10-04 03:26:02
d44625a6-d861-4492-9389-54e9058cfdba,+18290893434,ACT20636459,Jennifer,Brown,jennifer.brown121@gmail.com,1952-11-28,NY,FAMILY_PLAN,2020-05-06 01:22:05,feature_phone,607346804162428,5G_NSA,1,2019-02-23 01:25:36,,,bank_transfer,274.9,633,6,,2018-03-05 15:14:35,2019-06-01 00:10:17
d44625a6-d861-4492-9389-54e9058cfdba,+18290893434,ACT20636459,JENNIFER,Brown,jennifer.brown121@gmail.com,1952-11-28,NY,FAMILY_PLAN,2020-05-06 01:22:05,feature_phone,607346804162428,5G_NSA,1,2019-02-23 01:25:36,,,bank_transfer,274.9,633,6,,2018-03-05 15:14:35,2019-06-01 00:10:17
b687f8f9-58df-488c-801d-5e2d8b20fe55,+13137607539,ACT27029268,Charles,Gonzalez,charles.gonzalez460@gmail.com,2000-02-17,MA,PREPAID_UNLIMITED,2022-06-02 07:21:37,hotspot,,WiFi_calling,1,2021-12-06 12:29:44,,,check,169.55,686,2,,2018-07-09 22:49:35,2022-12-21 12:03:03
3dcc5488-ae45-49cd-b1e5-82053afa637e,+19375018625,ACT41746937,Michael,Wilson,michael.wilson240@gmail.com,1959-04-05,CA,BUSINESS_UNLIMITED,2021-11-01 02:32:49,smartwatch,,5G_NSA,1,2019-04-15 18:57:49,,,voucher,220.85,363,5,,2018-11-12 13:19:58,2019-12-16 15:39:42
fc87fc73-70ac-47d0-8b91-065a46279dca,+15071880906,ACT96774970,Robert,Martin,robert.martin763@gmail.com,1961-12-11,MA,PREPAID_BASIC,2020-05-15 17:29:46,hotspot,,5G,1,2019-08-11 20:47:50,,,voucher,61.11,528,5,,2018-11-16 02:29:29,2023-10-12 04:46:44
45b543ec-eb11-4793-b05b-3e5e697e55ca,+18512761905,ACT90300731,Jessica,Anderson,jessica.anderson769@gmail.com,1987-01-08,IL,FAMILY_PLAN,2021-10-31 23:32:51,feature_phone,746449538432333,5G_NSA,0,2019-03-03 00:51:31,2023-10-15 15:40:25,service_quality,check,55.72,487,2,verizon,2018-11-24 19:45:06,2024-04-17 18:50:31
cc2e33ed-ee6e-4ff6-a669-55ec7f7ad1d9,+17116482689,ACT20842957,James,Martin,james.martin840@gmail.com,1983-01-08,OH,POSTPAID_PRO,2020-10-15 01:19:33,feature_phone,691442440914144,3G,1,2019-10-07 16:19:56,,,voucher,409.1,480,1,,2018-04-07 02:49:39,2021-05-19 14:49:31
3b72be4b-464d-4207-a7be-27dcfee2ead0,+13391895466,ACT84735601,John,Gonzalez,john.gonzalez278@gmail.com,1982-02-26,TX,PREPAID_BASIC,2021-09-21 19:04:38,smartwatch,,3G,1,2020-06-24 17:50:52,,,auto_pay,241.28,850,4,,2019-05-29 15:50:07,2020-09-23 16:32:12
36f2604b-c113-4412-b776-c7b344a0dc1d,+12235082309,ACT81531984,Michael,Martinez,michael.martinez556@gmail.com,1966-07-25,NJ,PREPAID_BASIC,2020-05-12 22:27:07,tablet,323360182440760,5G,1,2019-02-08 08:02:06,,,credit_card,174.08,808,5,,2018-02-05 04:48:24,2022-09-09 04:10:48
a5f2d5b8-9d6c-419d-8d58-4255fdabeddc,+17418876605,ACT31834960,William,Gonzalez,william.gonzalez230@gmail.com,1996-03-21,WA,PREPAID_BASIC,2022-03-22 10:43:03,feature_phone,245056743795108,LTE,1,2022-01-31 08:21:09,,,bank_transfer,154.85,687,1,tmobile,2021-02-02 12:03:22,2023-12-31 15:23:17
c8798701-47ce-430d-aafc-28eae14489d8,+19015477383,ACT61209063,Linda,Brown,linda.brown506@gmail.com,1957-12-12,VA,BUSINESS_50,2023-09-01 03:16:54,feature_phone,461809014435197,5G,1,2023-06-19 20:56:18,,,bank_transfer,382.81,773,1,,2022-03-27 06:56:53,2023-10-01 13:42:08
0c4b5a61-7a95-4f1a-9802-7276628ec989,+19884298344,ACT72971936,Patricia,Moore,patricia.moore994@gmail.com,2003-11-12,MA,PREPAID_BASIC,2022-09-20 18:52:13,hotspot,,LTE,1,2019-02-05 00:38:21,,,auto_pay,213.68,,1,,2018-07-28 02:23:32,2024-11-07 07:07:51
df7a8cdb-092f-4576-b10f-d7154eb640e7,+14887134024,ACT23871697,Robert,Moore,robert.moore875@gmail.com,2003-01-02,AZ,POSTPAID_PRO,2020-05-15 07:25:08,tablet,848599992291237,LTE,1,2019-05-15 03:47:15,,,cash,168.4,377,1,att,2018-04-21 08:52:47,2024-04-20 15:59:01
47e84fdb-6d0d-433c-a290-9742b45554b9,+13564981348,ACT32169770,Robert,Martin,robert.martin423@gmail.com,1963-02-08,OH,PREPAID_UNLIMITED,2021-02-05 04:37:31,tablet,679395621996701,5G,1,2020-05-30 01:22:40,,,cash,203.86,808,4,sprint,2020-04-09 23:18:50,2021-05-10 11:35:31
62dd8c37-41c2-4418-9b60-f07719a78e03,+18800529214,ACT93184095,Thomas,Davis,thomas.davis791@gmail.com,1959-06-19,NC,FAMILY_PLAN,2023-10-27 13:41:50,smartphone,251183555231080,5G_NSA,1,2021-12-01 07:01:01,,,debit_card,388.83,345,4,,2020-08-27 08:15:22,2022-03-17 17:20:38
729e8f1d-b6b6-4e2e-b838-0222bfe908a9,+13080415045,ACT16718355,James,Rodriguez,james.rodriguez366@gmail.com,1999-05-12,VA,POSTPAID_STARTER,2021-07-08 13:11:07,tablet,658755467539142,5G,1,2020-10-03 18:49:01,,,credit_card,164.85,311,2,,2019-06-13 20:52:54,2023-05-27 03:51:55
5741b754-a253-4d5e-bc73-1aa05a046176,+12834338704,ACT26510313,Linda,Johnson,,1960-09-14,OH,FAMILY_PLAN,2023-05-01 10:34:14,smartwatch,,LTE,1,2022-02-22 05:44:15,,,debit_card,92.17,477,3,boost,2019-04-20 22:51:23,2023-05-08 23:43:03
93d66b9a-fde3-4158-8cf2-da62680764aa,+13316233564,ACT30651723,Robert,Miller,robert.miller96@gmail.com,1995-05-05,CO,POSTPAID_STARTER,2022-03-03 04:55:41,feature_phone,926917248257018,3G,1,2019-04-28 22:13:34,,,cash,181.75,415,2,porting_unknown,2018-05-30 06:24:04,2021-10-07 23:07:59
a853549b-bea9-4cb7-a72c-50f2262fcf8f,+17474723869,ACT23828905,John,Moore,john.moore376@gmail.com,1983-02-02,NC,POSTPAID_ELITE,2024-07-14 10:01:35,tablet,248735894752577,5G,1,2022-06-25 17:13:41,,,bank_transfer,283.63,551,2,sprint,2022-01-18 03:50:57,2024-03-30 19:11:47
4ecbcb64-2184-4598-a527-f34f1c17b6e3,+16274452632,ACT94009605,Susan,Miller,susan.miller988@gmail.com,1959-01-28,GA,FAMILY_PLAN,2020-05-28 19:15:07,smartwatch,,5G,1,2019-05-05 11:11:11,,,check,,682,1,cricket,2019-01-17 13:21:09,2021-10-10 14:22:43
5976f0ed-46c4-4968-96f6-90cf27e78132,+13910253019,ACT45474557,William,Williams,william.williams861@gmail.com,1955-10-28,GA,FAMILY_PLAN,2021-08-01 02:40:02,smartwatch,,LTE,1,2020-09-10 06:55:31,,,debit_card,199.79,341,3,,2020-04-23 14:01:56,2023-12-29 20:44:07
73f80464-16c3-4d04-a6df-20bddae486cb,+17445416185,ACT24045947,William,Jones,william.jones489@gmail.com,1980-12-23,CA,FAMILY_PLAN,2023-06-10 13:08:25,smartphone,930957254538583,4G,0,2022-10-23 02:32:02,2024-11-09 05:44:56,competitor_offer,auto_pay,102.81,782,6,,2018-03-24 19:15:24,2024-02-26 11:50:15
71fdf0f1-8a63-4039-896d-e59fdeb52bd0,+17730556850,ACT95336191,William,Williams,william.williams392@gmail.com,1995-01-09,CA,BUSINESS_UNLIMITED,2020-06-25 02:39:32,feature_phone,964439308419676,LTE,1,2019-12-13 19:02:47,,,debit_card,283.29,435,2,,2018-09-06 21:31:20,2022-04-25 06:25:10
f27e84c7-5364-4828-a009-2b50614bbedb,+13124708208,ACT70596525,Lisa,Taylor,lisa.taylor551@gmail.com,1957-07-15,NC,PREPAID_BASIC,2021-11-15 15:05:43,hotspot,,LTE,0,2019-02-02 22:16:18,2023-03-22 08:16:38,relocation,bank_transfer,134.84,649,1,,2018-01-20 01:01:07,2019-05-05 02:34:22
b5dc0310-1759-444c-b892-8b931490961b,+14255476092,ACT43653230,Patricia,Martin,patricia.martin283@gmail.com,1982-03-23,OH,PREPAID_BASIC,2023-10-14 12:43:10,smartwatch,,LTE,0,2021-02-11 12:28:15,2024-04-25 05:13:32,coverage_issue,voucher,63.41,735,5,,2018-06-04 01:14:01,2022-12-11 12:13:47
cc2f4306-8ed5-4d0d-8bce-2ae6a2aa7df6,+12612982708,ACT13570806,Linda,Anderson,linda.anderson568@gmail.com,1953-04-04,FL,BUSINESS_UNLIMITED,2022-06-15 03:16:44,feature_phone,654630710614650,5G,0,2020-12-01 18:59:35,2022-10-18 14:47:30,,credit_card,105.25,556,4,,2019-02-06 12:02:58,2024-04-26 07:22:45
c820edf8-bb0c-492b-9950-e5e1da24f01f,+17843355217,ACT52272354,Michael,Wilson,michael.wilson32@gmail.com,1989-03-28,MI,POSTPAID_PRO,2024-12-14 10:07:44,feature_phone,251860235512450,4G,1,2020-05-17 17:19:57,,,debit_card,27.1,631,5,,2018-11-23 23:04:56,2024-03-06 06:48:29
89664e5b-4c0f-4ef7-a566-0b4d0db1fb1f,+16326363249,ACT37479346,Richard,Martin,richard.martin967@gmail.com,1976-07-06,GA,PREPAID_UNLIMITED,2020-02-18 00:57:43,smartphone,194040009592319,WiFi_calling,1,2019-05-25 00:58:18,,,bank_transfer,381.02,637,2,,2018-01-16 10:03:23,2024-09-12 18:41:32
bcc3db5d-34eb-4028-875b-2eba43840d69,+14620562019,ACT62846336,Sarah,Lopez,sarah.lopez629@gmail.com,1995-03-21,GA,POSTPAID_STARTER,2024-12-03 01:54:53,tablet,368455856927558,5G_NSA,1,2019-08-30 11:08:09,,,debit_card,175.4,373,3,cricket,2018-09-15 01:40:03,2019-09-29 11:37:07
06f057d2-feca-4c51-8080-84172661f519,+15023579195,ACT73788716,Thomas,Davis,thomas.davis587@gmail.com,1953-09-14,NY,FAMILY_PLAN,2023-08-27 18:27:13,smartwatch,,3G,0,2021-03-02 04:07:21,2024-04-09 04:35:55,device_upgrade,bank_transfer,204.95,592,4,,2019-06-14 04:59:01,2024-07-19 01:36:42
e4d9b523-9e95-4951-98a7-e644b19c9180,+12130159154,ACT16514486,Barbara,Moore,barbara.moore669@gmail.com,1951-04-24,CO,POSTPAID_PRO,2022-09-22 02:42:18,smartwatch,,3G,1,2019-03-16 14:56:34,,,bank_transfer,83.09,463,1,,2019-03-01 00:49:48,2019-04-29 18:48:08
f3133f91-f960-4dd8-8da3-5adc5e8d2fbf,+17099211660,ACT35874188,Jennifer,Rodriguez,jennifer.rodriguez213@gmail.com,1972-05-13,IL,POSTPAID_PRO,2024-01-30 18:45:00,tablet,495238284079933,WiFi_calling,1,2020-09-30 01:38:54,,,debit_card,339.04,621,6,,2020-08-16 07:06:49,2024-09-05 00:01:05
260706ff-41fa-43e1-b9f8-3c161c4d5e15,+17563887954,ACT29063893,John,Johnson,john.johnson670@gmail.com,1981-01-24,TX,FAMILY_PLAN,2021-04-04 04:35:19,hotspot,,4G,1,2020-10-29 13:08:32,,,auto_pay,274.1,311,3,,2019-10-27 01:15:18,2021-09-10 08:31:43
575861a6-f7b3-4d13-b556-edbe8d47924f,+15016598130,ACT22526898,Patricia,Miller,patricia.miller281@gmail.com,1987-12-01,GA,PREPAID_UNLIMITED,2022-03-31 16:53:51,hotspot,,5G,1,2019-01-25 13:45:34,,,credit_card,17.57,307,4,,2018-07-31 16:54:08,2024-09-14 08:49:41
dd94d828-f9d9-4a65-bcfe-ee585dcead0c,+17470487045,ACT27660999,Robert,Martinez,robert.martinez462@gmail.com,1966-04-24,OH,POSTPAID_ELITE,2022-12-27 15:41:12,smartwatch,,3G,1,2020-03-05 23:25:44,,,debit_card,389.18,644,6,,2020-01-03 16:03:29,2021-11-03 19:19:44
1aeb7925-c0dc-46f4-bad1-28a23819a266,+18520663318,ACT45059052,William,Brown,william.brown929@gmail.com,1980-12-21,NY,BUSINESS_50,2022-01-27 11:04:56,smartphone,473371024878933,LTE,1,2019-04-17 17:07:45,,,auto_pay,135.47,801,5,,2018-09-16 13:24:34,2021-01-15 18:06:34
961ec958-f969-4bfa-8ef1-7007022255c5,+18782249428,ACT40113813,Thomas,Davis,thomas.davis833@gmail.com,1952-04-21,WA,PREPAID_UNLIMITED,2022-06-08 17:42:12,tablet,296847030466279,4G,1,2021-10-20 18:35:59,,,auto_pay,177.8,,4,,2020-12-14 01:47:54,2023-08-24 20:18:05
8dd9753b-f86a-44be-97b1-a8b6a985e67f,+16778599434,ACT43725522,Lisa,Martinez,lisa.martinez774@gmail.com,1997-03-26,CA,FAMILY_PLAN,2023-02-05 10:57:48,hotspot,,5G_NSA,1,2020-07-18 08:24:36,,,cash,28.82,300,4,cricket,2020-06-09 09:10:49,2023-03-29 17:52:22
7d7029f6-9174-4be7-affb-30cce1479ff8,+19213467414,ACT39912842,Thomas,Williams,,1998-08-09,MI,BUSINESS_UNLIMITED,2022-09-30 19:36:58,smartphone,813947106999383,3G,1,2021-09-23 07:45:02,,,cash,79.23,300,1,att,2020-08-31 04:44:32,2023-05-09 10:00:27
b26f1028-c371-4c3d-9021-3caff08442fa,+16765560490,ACT81671463,Lisa,Jackson,lisa.jackson110@gmail.com,1993-09-12,NY,BUSINESS_UNLIMITED,2020-04-10 07:22:32,feature_phone,972770153256469,4G,1,2019-04-12 00:53:59,,,debit_card,298.96,603,4,,2018-01-10 17:42:08,2023-03-16 00:48:59
93e90e8f-0347-4bce-b72b-1eb4a035824b,+17231932120,ACT18429407,Susan,Rodriguez,susan.rodriguez796@gmail.com,1999-08-08,CA,BUSINESS_UNLIMITED,2020-11-08 19:52:54,feature_phone,566788959344348,3G,1,2020-07-25 10:26:10,,,check,98.37,702,6,verizon,2019-03-09 22:59:22,2024-09-29 10:09:33
93e90e8f-0347-4bce-b72b-1eb4a035824b,+17231932120,ACT18429407,SUSAN,Rodriguez,susan.rodriguez796@gmail.com,1999-08-08,CA,BUSINESS_UNLIMITED,2020-11-08 19:52:54,feature_phone,566788959344348,3G,1,2020-07-25 10:26:10,,,check,98.37,702,6,verizon,2019-03-09 22:59:22,2024-09-29 10:09:33
491f7721-a444-4698-9238-d6ea3b6898b3,+15356204256,ACT92562855,Joseph,Taylor,joseph.taylor670@gmail.com,1991-05-07,NC,BUSINESS_UNLIMITED,2024-09-04 22:20:13,feature_phone,501332196369480,4G,0,2022-07-02 15:56:06,2024-09-14 13:40:01,relocation,auto_pay,248.55,724,6,boost,2021-04-22 04:26:04,2024-05-08 02:34:36
9bc55cfe-4722-4c6e-acaf-79242fdc0801,+16031717287,ACT87588322,Robert,Johnson,,1954-01-04,MA,PREPAID_UNLIMITED,2020-08-16 06:35:38,smartphone,446738795605824,5G,1,2020-07-29 22:38:23,,,bank_transfer,153.02,775,1,verizon,2020-05-22 11:08:32,2021-10-13 21:47:20
486c7ba6-7a4b-4af4-a895-8c1ddd4c8a10,+19182877372,ACT88996820,Karen,Johnson,karen.johnson878@gmail.com,1968-04-23,NY,BUSINESS_UNLIMITED,2020-06-14 11:32:01,hotspot,,LTE,0,2019-10-25 03:15:53,2022-11-24 04:32:43,competitor_offer,check,329.58,747,2,,2018-12-26 10:11:18,2022-02-15 13:38:00
5343ffb0-3bf0-4378-bd5b-6cea3ae162e0,+15782711183,ACT57800107,Jennifer,Rodriguez,jennifer.rodriguez898@gmail.com,1989-12-10,WA,POSTPAID_ELITE,2024-09-18 20:48:29,smartwatch,,4G,1,2020-01-18 13:14:37,,,cash,179.16,390,4,,2019-01-02 10:25:46,2023-01-16 17:52:03
7cce595f-7993-468b-98c3-deef4ce045e5,+14116945124,ACT25779277,Jennifer,Wilson,jennifer.wilson613@gmail.com,1981-09-20,NJ,POSTPAID_ELITE,2023-01-05 20:31:58,tablet,431665218864213,5G,1,2022-04-15 19:56:14,,,debit_card,440.44,440,6,att,2021-09-13 02:47:53,2022-06-19 03:17:08
28fb8c05-25b0-4b94-88d4-a10044a3fd2b,+12645991637,ACT42455137,Joseph,Hernandez,joseph.hernandez539@gmail.com,2004-01-23,MA,PREPAID_UNLIMITED,2020-02-20 16:33:18,smartwatch,,5G,0,2019-09-16 16:26:04,2023-08-16 02:09:06,coverage_issue,voucher,390.73,370,4,boost,2018-07-02 07:37:29,2021-09-13 22:40:07
93e0d04d-cb14-4cbd-8389-a187dba9b353,+19768580662,ACT20527412,Robert,Jackson,robert.jackson214@gmail.com,1973-06-11,CO,POSTPAID_ELITE,2023-03-12 13:16:41,hotspot,,5G_NSA,1,2019-07-30 00:44:01,,,voucher,142.45,817,3,porting_unknown,2018-02-09 23:52:46,2021-04-27 10:12:25
3bf32671-becf-4f75-b212-85e0d7aff66c,+12771273191,ACT53853358,Charles,Thomas,charles.thomas353@gmail.com,1979-05-03,VA,POSTPAID_STARTER,2023-10-05 05:34:51,tablet,631096876792780,3G,1,2023-01-21 05:26:09,,,credit_card,405.33,749,2,att,2022-10-15 12:04:03,2024-07-24 02:19:58
3bf32671-becf-4f75-b212-85e0d7aff66c,+12771273191,ACT53853358,CHARLES,Thomas,charles.thomas353@gmail.com,1979-05-03,VA,POSTPAID_STARTER,2023-10-05 05:34:51,tablet,631096876792780,3G,1,2023-01-21 05:26:09,,,credit_card,405.33,749,2,att,2022-10-15 12:04:03,2024-07-24 02:19:58
d6132570-4382-486f-9017-deea376728df,+13297415254,ACT90629713,David,Moore,david.moore630@gmail.com,1957-09-21,NY,PREPAID_BASIC,2020-07-02 12:23:01,smartwatch,,5G_NSA,1,2020-06-07 20:53:00,,,check,105.35,822,3,,2019-07-08 15:02:38,2022-12-14 23:57:45
e29f9150-2c96-4ebb-88cc-a294175bbc4f,+18095793790,ACT88411146,Patricia,Martinez,patricia.martinez679@gmail.com,1973-02-15,CO,BUSINESS_50,2023-12-04 23:17:52,feature_phone,317879581534876,LTE,1,2022-09-30 06:20:13,,,cash,353.37,,4,,2018-04-22 05:18:18,2024-07-12 23:56:15
dd8da925-fe12-456e-b444-aedddc35b8b1,+15543234296,ACT71042610,Lisa,Garcia,lisa.garcia562@gmail.com,1966-10-15,AZ,PREPAID_BASIC,2022-01-19 14:52:40,smartphone,557441544521411,5G,1,2020-06-14 12:56:56,,,auto_pay,441.67,666,6,tmobile,2019-07-23 07:13:54,2020-10-14 15:55:34
b63072b5-61dd-443e-a8b5-800360e59db6,+16008375154,ACT72639091,Lisa,Martinez,lisa.martinez294@gmail.com,1986-07-24,GA,BUSINESS_UNLIMITED,2023-01-10 17:29:30,feature_phone,669044027218631,WiFi_calling,0,2020-03-12 13:29:23,2024-09-20 19:17:01,coverage_issue,bank_transfer,331.02,597,5,,2018-04-25 21:22:35,2024-09-24 08:13:51
b63072b5-61dd-443e-a8b5-800360e59db6,+16008375154,ACT72639091,LISA,Martinez,lisa.martinez294@gmail.com,1986-07-24,GA,BUSINESS_UNLIMITED,2023-01-10 17:29:30,feature_phone,669044027218631,WiFi_calling,0,2020-03-12 13:29:23,2024-09-20 19:17:01,coverage_issue,bank_transfer,331.02,597,5,,2018-04-25 21:22:35,2024-09-24 08:13:51
daa1ca29-c753-426d-b600-0199dcb31dc4,+14604872627,ACT83885621,Karen,Martinez,karen.martinez723@gmail.com,1978-08-11,NJ,PREPAID_BASIC,2022-02-18 21:21:50,smartwatch,,WiFi_calling,1,2019-08-30 02:03:13,,,voucher,66.44,455,1,porting_unknown,2018-03-29 09:25:42,2021-11-20 09:22:58
de7f43a5-b5c5-4ddc-abd6-1711160ef5f4,+17094762319,ACT81907817,Richard,Rodriguez,richard.rodriguez483@gmail.com,1996-05-18,CA,BUSINESS_UNLIMITED,2024-04-28 13:22:17,feature_phone,401031131271310,3G,1,2022-11-15 02:19:00,,,auto_pay,42.44,793,4,,2021-03-14 14:05:18,2024-02-28 07:42:00
7e30c105-b52a-4657-9722-a6adbdbe21a4,+17656861218,ACT90957105,Lisa,Thomas,lisa.thomas505@gmail.com,2001-04-19,CA,POSTPAID_PRO,2021-07-02 02:04:58,feature_phone,314748383578374,4G,1,2021-03-02 18:34:46,,,cash,306.57,540,2,,2020-08-04 06:08:43,2021-07-26 09:55:13
7895e9b1-3079-4866-b655-cc092f7cbbfb,+18121918593,ACT84035661,Mary,Jackson,mary.jackson242@gmail.com,2000-12-20,FL,POSTPAID_PRO,2020-08-30 11:37:07,tablet,399979776205248,3G,1,2019-02-27 08:19:55,,,check,434.52,678,1,,2018-08-26 21:24:13,2024-11-08 08:53:44
e71c3555-3e17-4511-b8e8-00efcdf41040,+17759180150,ACT39834552,James,Martin,james.martin559@gmail.com,1958-07-22,CO,BUSINESS_UNLIMITED,2021-07-11 01:58:17,tablet,481219756179028,5G,1,2020-07-27 08:28:14,,,voucher,408.86,681,4,,2018-10-31 14:06:25,2021-07-17 17:17:38
360af4ba-36de-4031-a52e-34998089f4c6,+17152309416,ACT47682878,Barbara,Jones,barbara.jones690@gmail.com,1960-04-23,WA,PREPAID_BASIC,2021-08-18 14:43:09,tablet,462339299107414,WiFi_calling,1,2019-05-19 20:13:27,,,voucher,286.95,565,1,,2019-04-14 15:22:31,2020-10-06 02:36:09
0510eb97-c380-4700-861a-540f623f2611,+14071121907,ACT99311958,Lisa,Martinez,lisa.martinez179@gmail.com,1973-11-11,IL,POSTPAID_STARTER,2023-04-30 08:50:32,tablet,720215121207987,3G,1,2021-07-20 06:54:33,,,cash,186.9,313,2,porting_unknown,2021-06-08 20:32:55,2024-12-11 10:08:10
b59bcf44-f44e-4be5-999c-6a28c77fe522,+14584537621,ACT87901982,Michael,Rodriguez,michael.rodriguez162@gmail.com,1968-05-11,TX,POSTPAID_STARTER,2020-05-03 18:01:31,hotspot,,3G,1,2019-09-19 04:11:52,,,check,277.09,756,3,,2018-11-06 20:24:50,2023-05-07 17:55:35
0ba78031-c536-4f13-8b34-19959da998fb,+12208930750,ACT65385523,Jessica,Gonzalez,jessica.gonzalez846@gmail.com,1983-08-06,WA,POSTPAID_PRO,2021-03-07 00:53:21,smartphone,200713787299194,5G_NSA,1,2020-01-20 23:39:45,,,auto_pay,35.6,324,6,,2018-11-28 07:56:45,2023-04-14 02:10:36
f8a404c0-76e0-4cec-828c-3f38a349ed92,+12427237526,ACT56323591,Robert,Johnson,robert.johnson195@gmail.com,2001-03-25,NJ,POSTPAID_STARTER,2023-11-20 22:02:16,feature_phone,132147982803716,4G,1,2021-08-05 14:03:33,,,bank_transfer,257.78,344,5,,2019-10-13 03:15:19,2023-06-22 00:09:25
b086cc28-e1d6-4bc1-88c3-889d9293f536,+16505346252,ACT76048517,Barbara,Martin,barbara.martin148@gmail.com,1963-07-27,OH,PREPAID_UNLIMITED,2022-04-28 21:03:17,tablet,396520286665146,5G_NSA,1,2019-07-04 17:38:58,,,bank_transfer,343.0,619,2,,2018-08-29 05:29:43,2023-12-28 17:21:41
ef1ffe8b-90e9-469c-bfa3-0594049b40a7,+16118446087,ACT58004210,John,Lopez,john.lopez666@gmail.com,1972-09-06,AZ,POSTPAID_STARTER,2024-08-03 03:45:03,smartphone,152537812233076,WiFi_calling,0,2020-02-07 10:52:12,2024-12-12 15:43:26,device_upgrade,voucher,110.38,568,6,,2019-09-06 09:35:51,2023-07-14 08:16:16
6a5afff6-609d-46b3-9ece-8b357be1d3e1,+13094506908,ACT63579096,Richard,Martinez,,1973-04-06,NC,POSTPAID_STARTER,2023-03-20 12:50:26,smartwatch,,3G,1,2022-12-14 06:50:20,,,cash,210.53,625,5,verizon,2022-09-26 05:11:25,2024-02-16 23:33:10
90572b34-cbec-48c8-9a2f-41cf4fb16030,+12164760087,ACT23464993,William,Johnson,william.johnson91@gmail.com,1978-04-10,MI,BUSINESS_UNLIMITED,2020-07-10 00:38:44,hotspot,,WiFi_calling,1,2019-02-20 11:43:06,,,cash,368.64,761,2,att,2018-01-06 12:33:40,2023-10-15 05:04:01
02ca1739-e6ac-46b3-8f6b-75d9fd9f525f,+13102058599,ACT80085871,Barbara,Thomas,barbara.thomas830@gmail.com,1974-05-02,VA,POSTPAID_PRO,2023-11-29 09:31:19,smartphone,850158076159128,4G,1,2020-07-12 17:28:04,,,debit_card,195.71,421,4,sprint,2018-12-01 07:52:15,2022-02-23 00:08:38
3ce3042b-a417-42bf-9317-3989b50fc0df,+14813375754,ACT17743933,Linda,Thomas,linda.thomas260@gmail.com,1961-01-22,VA,POSTPAID_STARTER,2023-08-24 13:18:52,tablet,203736606446020,WiFi_calling,1,2021-09-01 13:45:57,,,auto_pay,372.09,703,4,,2019-10-02 10:13:27,2023-11-23 23:23:04
bdd994f0-6f52-4af5-b86e-2b047cec9e99,+13549689152,ACT84880819,Joseph,Jackson,joseph.jackson658@gmail.com,1990-11-10,CO,FAMILY_PLAN,2022-09-07 09:54:35,hotspot,,5G_NSA,1,2021-09-16 08:19:20,,,voucher,406.84,434,2,,2020-10-02 12:11:55,2024-11-08 02:10:04
19bf72c5-aa14-4985-8e5e-fefb37a856d9,+18256645362,ACT15994618,Mary,Martinez,mary.martinez769@gmail.com,1989-03-20,GA,PREPAID_UNLIMITED,2024-11-02 03:44:58,smartphone,224657459920136,4G,1,2022-12-19 04:29:35,,,credit_card,308.83,484,5,att,2019-01-26 05:14:17,2024-10-28 03:51:09
a0bdc3d3-2821-4003-a01d-083e0e949c1b,+18636761517,ACT90469522,Jennifer,Thomas,jennifer.thomas242@gmail.com,1993-08-27,IL,FAMILY_PLAN,2022-09-04 15:48:30,smartwatch,,5G_NSA,1,2020-03-24 07:30:42,,,auto_pay,187.19,682,6,,2019-09-22 05:40:27,2023-12-17 04:48:57
cae68545-aa0b-488c-8b9a-6e8d0cf17302,+19121653384,ACT85014687,Thomas,Anderson,thomas.anderson551@gmail.com,1968-04-03,CO,FAMILY_PLAN,2020-10-21 05:51:45,feature_phone,281559273894330,5G,1,2020-03-13 06:35:16,,,auto_pay,258.84,338,3,,2019-09-16 16:26:56,2020-07-18 03:36:56
12d71283-e127-462d-a09b-b85e58b6c6d1,+19874200709,ACT80676787,Michael,Johnson,michael.johnson163@gmail.com,1993-02-12,IL,PREPAID_UNLIMITED,2020-10-07 08:28:33,smartphone,396608162644910,3G,1,2019-01-26 12:24:49,,,auto_pay,126.45,300,6,,2018-03-16 03:58:08,2019-09-17 14:07:15
816a1c73-49af-41fd-b211-fbeecb412670,+14779381340,ACT22727163,Jessica,Miller,jessica.miller637@gmail.com,1972-11-16,IL,PREPAID_BASIC,2021-08-01 22:16:08,tablet,435927956960664,5G,1,2019-08-03 22:09:03,,,voucher,289.46,550,6,sprint,2019-02-08 01:10:38,2022-01-13 15:21:58
03a90656-d2b5-459b-bd24-cb3ab49c3159,+17024951720,ACT74165599,William,Martin,william.martin866@gmail.com,1987-02-07,GA,POSTPAID_ELITE,2023-02-25 15:47:58,feature_phone,866872794847846,4G,1,2022-12-18 22:05:24,,,bank_transfer,290.78,739,4,tmobile,2018-06-07 04:18:10,2024-05-20 19:59:28
a289cd21-27ee-43a6-b908-74843b30902a,+13917030509,ACT87366156,Robert,Smith,robert.smith719@gmail.com,1970-06-18,WA,POSTPAID_PRO,2020-10-09 06:04:05,smartphone,889655219693467,4G,1,2019-03-23 17:04:09,,,debit_card,413.59,677,5,,2018-12-25 13:12:54,2022-12-29 15:15:51
dc145764-ffa4-424e-9a52-cd6789fa2317,+16861777121,ACT97595962,Linda,Moore,linda.moore431@gmail.com,1951-02-13,NJ,BUSINESS_UNLIMITED,2023-06-20 16:14:37,tablet,398341549065243,3G,1,2023-04-21 08:23:25,,,cash,440.61,769,3,boost,2023-02-13 14:11:36,2023-05-26 23:49:37
951c0907-d4c5-43b9-a50f-96b30cfa7026,+17354321324,ACT17083653,Joseph,Rodriguez,joseph.rodriguez352@gmail.com,1953-11-05,GA,FAMILY_PLAN,2024-10-25 00:36:01,smartwatch,,4G,0,2019-02-12 09:53:29,2024-11-06 03:35:34,relocation,credit_card,144.31,415,4,,2018-05-09 03:22:56,2023-05-20 11:25:50
3996be75-ee56-41e0-aefb-d2c7d0472b42,+13430337132,ACT77358693,Charles,Moore,charles.moore831@gmail.com,2003-10-14,CA,FAMILY_PLAN,2021-12-09 05:13:27,hotspot,,5G,1,2020-12-01 19:00:13,,,bank_transfer,308.01,,5,,2020-08-11 06:44:28,2022-09-05 02:40:52
0ac480d2-3959-4220-aaa7-fed9198ba46b,+14179569262,ACT18587786,Richard,Miller,richard.miller787@gmail.com,1957-10-10,FL,POSTPAID_ELITE,2020-02-07 17:08:09,tablet,436223142932741,LTE,0,2019-04-16 13:15:31,2020-03-02 15:56:34,device_upgrade,auto_pay,277.37,566,6,,2018-05-17 16:03:40,2024-05-31 05:02:13
8234af14-18c4-4b20-9b40-cf928b044f43,+13147450495,ACT25641212,Lisa,Davis,,1994-11-01,CO,POSTPAID_STARTER,2024-02-04 20:55:43,smartwatch,,4G,0,2019-07-14 05:33:32,2024-06-21 22:46:47,relocation,check,82.3,550,5,verizon,2018-04-12 18:53:54,2023-06-09 22:59:24
c3a49ff9-325a-4660-aac8-5bea541387f4,+14345501000,ACT27711293,Patricia,Johnson,patricia.johnson813@gmail.com,1996-11-24,WA,PREPAID_UNLIMITED,2021-07-31 00:39:48,smartwatch,,5G,1,2020-12-13 05:36:03,,,voucher,175.5,481,3,,2019-02-07 00:45:30,2024-11-09 18:06:59
8dc71bc4-867e-45e8-8108-3aa22a3aa63b,+13859771044,ACT69106612,Susan,Garcia,susan.garcia805@gmail.com,2004-12-19,IL,PREPAID_BASIC,2020-02-08 05:35:35,smartphone,687940335361690,LTE,1,2019-07-07 06:14:46,,,debit_card,378.71,768,5,,2018-03-26 07:37:59,2020-01-08 21:33:42
46cebc83-a9ab-4c10-bbc3-cf2d4d23f907,+12340215155,ACT61903485,Michael,Lopez,michael.lopez312@gmail.com,1993-10-11,IL,PREPAID_BASIC,2023-05-06 13:22:07,smartphone,516896513075410,WiFi_calling,0,2022-12-31 06:49:27,2023-06-18 11:55:48,coverage_issue,voucher,85.58,681,6,tmobile,2020-09-05 18:31:48,2023-05-02 14:22:38
a5459458-e6bf-4dfd-9f26-278e2bbdda98,+19407084728,ACT16901603,Mary,Taylor,mary.taylor246@gmail.com,2001-11-12,AZ,BUSINESS_UNLIMITED,2020-12-05 14:42:29,tablet,450777801906023,LTE,1,2019-07-26 04:48:58,,,debit_card,142.62,832,3,,2018-06-12 04:21:08,2023-05-09 05:26:02
a0f43618-65e3-40cb-91a4-427f923b7b6c,+18763808175,ACT22566026,Sarah,Martinez,sarah.martinez26@gmail.com,1989-02-09,AZ,POSTPAID_STARTER,2022-02-03 15:59:43,smartphone,623111873993185,4G,1,2019-06-10 14:02:04,,,credit_card,18.87,333,1,,2018-01-05 03:11:01,2024-02-23 11:15:35
4a1eadf3-0d38-42b1-b5cb-f10f8f2f2e65,+14570665663,ACT10743067,Linda,Miller,linda.miller593@gmail.com,1984-08-15,MI,FAMILY_PLAN,2022-12-31 10:50:41,hotspot,,LTE,1,2020-06-22 18:16:00,,,debit_card,367.39,503,2,,2018-08-03 14:32:48,2024-04-05 14:34:58
639048d0-901b-487e-bc2e-1dc5640626c0,+12257790601,ACT47381830,Jennifer,Rodriguez,jennifer.rodriguez55@gmail.com,1991-01-28,WA,BUSINESS_50,2023-11-04 22:11:09,smartwatch,,5G,1,2022-02-27 14:16:47,,,voucher,375.35,607,6,,2018-10-13 17:07:24,2023-04-03 17:59:58
0c2bd4c6-af16-4db9-b1fc-cf0f7da0cdf1,+12761358862,ACT20514428,Patricia,Miller,,1985-03-10,AZ,BUSINESS_UNLIMITED,2022-11-19 20:07:12,smartwatch,,3G,1,2019-08-16 21:48:41,,,voucher,400.43,767,4,,2018-05-08 04:03:27,2024-10-18 12:09:39
2cf731ad-c352-4a0a-a0bc-15fad1797934,+18427245221,ACT40960690,David,Martin,david.martin696@gmail.com,1959-06-02,MA,POSTPAID_PRO,2023-07-15 22:00:20,feature_phone,564503691315670,LTE,0,2022-09-13 05:41:41,2024-01-28 11:00:40,coverage_issue,bank_transfer,99.12,665,5,,2018-08-08 11:26:23,2023-08-31 23:49:21
019e5861-2266-4e59-b72e-1df362e6014e,+19711214925,ACT12753600,Robert,Jackson,robert.jackson212@gmail.com,1999-06-24,CA,PREPAID_BASIC,2023-08-24 07:08:41,tablet,957888643810593,3G,1,2020-07-24 23:49:22,,,bank_transfer,299.05,364,6,tmobile,2018-09-07 12:27:30,2021-12-30 22:00:43
00d6e6c1-eb68-48c1-92d0-10bba89691a1,+12923051453,ACT55168006,Linda,Thomas,linda.thomas911@gmail.com,1985-08-26,IL,PREPAID_UNLIMITED,2023-12-26 11:19:23,tablet,457408849292161,5G_NSA,1,2021-10-30 13:32:49,,,check,370.87,784,5,cricket,2021-09-25 10:17:11,2024-09-25 20:10:42
35055d81-5a12-461b-9660-8c6041688bdb,+12026554485,ACT83068868,Richard,Miller,richard.miller458@gmail.com,2004-09-02,FL,BUSINESS_50,2024-03-06 14:39:31,feature_phone,552498381293180,LTE,1,2023-11-28 05:58:44,,,cash,169.29,761,6,,2022-04-03 19:21:32,2024-07-11 05:32:30
b0733df5-6ffc-4e0a-891c-db9bb1eb3709,+14099197589,ACT80519364,Joseph,Anderson,joseph.anderson222@gmail.com,1993-03-24,MA,FAMILY_PLAN,2020-10-13 02:16:26,feature_phone,968935528418245,5G_NSA,1,2019-09-26 03:19:38,,,check,185.87,820,6,,2019-07-19 22:18:30,2023-08-26 12:56:31
29188a2f-5e46-4b0c-8a94-7b0087f438e8,+18211348482,ACT58315069,Charles,Hernandez,charles.hernandez483@gmail.com,1991-01-16,CA,POSTPAID_ELITE,2024-09-14 00:46:24,tablet,615457229361486,LTE,1,2023-07-15 01:54:05,,,bank_transfer,321.06,331,1,,2018-05-03 12:28:46,2023-12-05 21:37:46
5c406de3-3426-462c-93ee-13a10f7e85b9,+18644733914,ACT56306079,Barbara,Davis,barbara.davis157@gmail.com,1964-07-07,NJ,BUSINESS_50,2023-01-20 22:51:54,smartwatch,,5G,1,2022-03-04 19:22:10,,,debit_card,81.28,441,6,,2019-08-12 08:53:33,2022-11-30 17:01:58
bfc98c3c-b99e-40d5-9640-0c7fe0101e66,+16151568326,ACT56164701,Thomas,Martinez,thomas.martinez647@gmail.com,1974-05-03,TX,FAMILY_PLAN,2024-10-13 06:41:24,smartwatch,,5G_NSA,1,2024-08-02 00:53:35,,,voucher,388.78,540,3,,2020-12-25 23:09:03,2024-11-24 12:02:05
13cd6d12-26f4-4660-a97c-f74778a1f337,+12187390579,ACT78033914,Susan,Johnson,susan.johnson792@gmail.com,1988-12-26,GA,PREPAID_UNLIMITED,2024-03-04 11:45:24,tablet,384664370398182,WiFi_calling,0,2023-09-07 05:00:20,2024-11-16 11:34:06,service_quality,debit_card,251.04,516,5,tmobile,2022-11-26 18:43:48,2024-04-18 03:33:59
083a4d9a-9101-4d1d-94c1-f579549b2d04,+18200324417,ACT10633306,Robert,Jones,,2000-08-28,GA,PREPAID_BASIC,2020-07-13 23:30:00,feature_phone,287762202605839,LTE,1,2019-05-08 15:46:10,,,cash,395.83,456,2,,2019-04-24 00:44:40,2023-12-27 20:24:33
0c8f9678-a722-4bcf-aef2-24978637a1b1,+15539984530,ACT78129251,William,Martin,william.martin659@gmail.com,1988-03-17,NC,BUSINESS_UNLIMITED,2024-08-27 17:21:17,hotspot,,WiFi_calling,1,2019-07-29 04:59:31,,,bank_transfer,68.18,441,2,,2018-09-04 01:54:48,2020-11-09 13:48:11
7b4ff9b4-23b3-438f-98e5-e964c41568f7,+18781508511,ACT71221095,Patricia,Garcia,patricia.garcia578@gmail.com,1966-06-02,NJ,PREPAID_BASIC,2020-05-15 21:58:23,tablet,437251285787579,5G_NSA,1,2020-03-02 08:32:47,,,cash,152.78,492,1,porting_unknown,2019-07-26 18:00:02,2024-02-18 10:51:46
a8074237-b6be-4d22-b42d-46324e899afb,+14625436615,ACT86839189,Jessica,Gonzalez,jessica.gonzalez254@gmail.com,1966-02-19,NY,FAMILY_PLAN,2021-07-09 18:26:40,hotspot,,3G,0,2019-02-21 07:40:29,2023-11-15 14:14:40,coverage_issue,credit_card,155.96,843,3,,2018-10-23 16:11:45,2022-11-07 20:37:14
90bc02f9-07dd-4ff0-b28c-31a5f83b74a7,+14618462791,ACT70732822,Susan,Smith,susan.smith923@gmail.com,1951-11-19,MI,PREPAID_BASIC,2021-01-20 10:48:18,smartphone,820388147088271,5G,1,2020-12-08 03:58:55,,,auto_pay,189.4,561,4,att,2020-06-11 07:44:41,2023-05-29 08:14:28
3868c625-31bc-4a2b-bb3f-ee586b43636d,+19353502564,ACT98432613,Michael,Brown,michael.brown866@gmail.com,1951-09-24,CA,BUSINESS_UNLIMITED,2021-04-14 23:03:14,smartwatch,,LTE,1,2020-05-09 02:03:56,,,check,284.56,329,2,,2019-04-09 22:17:42,2021-08-09 06:07:36
c3484d15-493d-47b7-9827-8d40335c3902,+17133351050,ACT93014492,Sarah,Taylor,sarah.taylor544@gmail.com,1997-12-16,NY,POSTPAID_STARTER,2023-09-11 20:07:07,hotspot,,4G,1,2020-11-16 17:20:22,,,check,319.64,672,1,att,2018-03-01 20:28:00,2021-06-09 04:39:25
d945ca23-1dd1-447d-8668-6abcc9947a98,+16534290279,ACT72660072,Joseph,Martinez,joseph.martinez32@gmail.com,1979-12-17,FL,FAMILY_PLAN,2021-10-03 19:10:04,hotspot,,5G,1,2021-02-25 04:31:10,,,credit_card,194.32,334,4,verizon,2020-08-08 12:07:54,2021-11-19 19:21:54
dc71fbf2-baf3-414d-bd90-e90272932d6b,+18820842237,ACT71873301,Linda,Lopez,linda.lopez279@gmail.com,1999-07-06,CA,POSTPAID_PRO,2021-12-20 00:22:03,hotspot,,5G,1,2019-12-17 14:16:36,,,voucher,232.67,794,3,boost,2018-05-06 00:45:48,2024-07-18 22:20:45
63c3e5ce-bba6-4e92-81af-a532226d7fc7,+19753307069,ACT91166927,James,Martin,james.martin624@gmail.com,1953-11-12,CA,POSTPAID_ELITE,2021-04-19 05:07:39,hotspot,,5G,1,2019-11-05 19:39:25,,,debit_card,19.94,729,4,sprint,2019-03-10 17:55:10,2024-05-21 22:51:48
50afb37c-dbf5-4ad2-8b1a-13ac11d83937,+14610804858,ACT19593268,Robert,Moore,robert.moore798@gmail.com,1977-08-22,NJ,BUSINESS_UNLIMITED,2022-06-10 16:04:18,smartwatch,,5G,1,2020-01-09 14:17:30,,,check,254.79,781,3,,2018-09-28 00:42:35,2020-03-05 05:31:19
f9ce74ea-e620-4030-bd24-62537b25e7e9,+18179540023,ACT94450376,Robert,Hernandez,robert.hernandez388@gmail.com,1997-02-02,VA,BUSINESS_50,2024-01-11 19:25:32,smartphone,288320679490227,LTE,1,2020-03-24 20:20:37,,,credit_card,227.28,,1,att,2018-12-01 07:21:31,2024-02-05 06:53:59
f845fff1-822f-4470-ac21-dcba84f9f0c8,+16810704803,ACT86969130,Thomas,Miller,thomas.miller86@gmail.com,2003-01-02,VA,POSTPAID_STARTER,2023-02-23 16:06:27,hotspot,,5G_NSA,1,2020-09-20 03:13:27,,,debit_card,276.75,374,5,,2018-05-29 06:01:46,2021-05-24 10:57:58
0c2008b1-ed71-4cd6-97fb-5af27cfc1818,+12047208616,ACT66357640,David,Hernandez,david.hernandez463@gmail.com,1995-01-03,AZ,FAMILY_PLAN,2022-12-07 06:48:33,feature_phone,977658239297430,3G,1,2021-02-07 13:09:17,,,voucher,427.47,563,2,,2021-01-07 15:35:12,2024-11-08 22:13:59
d625d34d-c581-47bb-b145-3736a258512d,+14937536935,ACT30607017,Charles,Moore,charles.moore312@gmail.com,1964-11-02,AZ,POSTPAID_PRO,2024-04-28 07:46:26,smartphone,276113541407851,4G,1,2019-06-30 11:02:56,,,credit_card,381.6,,3,,2018-11-25 20:36:01,2022-02-17 08:44:23
10da0a94-e13b-4a27-a88c-f9f2f261422b,+13183370152,ACT34201825,Lisa,Lopez,lisa.lopez669@gmail.com,1986-09-02,IL,FAMILY_PLAN,2024-02-05 12:42:58,tablet,699565318981989,5G_NSA,1,2023-02-11 18:53:23,,,auto_pay,447.46,377,2,att,2022-01-09 21:39:56,2024-12-24 14:19:55
e771ddaa-bcff-4298-aa2b-581fb9f41e97,+16907888447,ACT86455429,Linda,Davis,linda.davis106@gmail.com,1970-07-09,FL,POSTPAID_PRO,2020-04-30 13:04:07,hotspot,,3G,1,2020-01-14 20:30:03,,,auto_pay,57.02,361,3,,2019-06-28 11:27:01,2021-06-18 11:01:02
b4fb254f-bbf0-42a4-b1c3-a4e3f0653768,+13931149713,ACT10418246,Karen,Williams,karen.williams920@gmail.com,1971-12-14,MI,POSTPAID_PRO,2024-11-23 18:07:33,smartwatch,,5G_NSA,1,2024-10-22 07:07:21,,,auto_pay,357.59,576,1,,2019-12-05 17:45:18,2024-12-25 07:26:50
1bb3bd6d-933f-4673-ab66-5e612c42d27a,+17754012444,ACT39086883,Susan,Jackson,susan.jackson713@gmail.com,2000-09-20,MA,BUSINESS_50,2023-07-08 04:11:20,hotspot,,3G,1,2022-02-09 20:37:24,,,bank_transfer,253.54,650,1,cricket,2022-02-06 23:24:28,2022-03-23 00:55:04
1fa8bf47-37df-44d4-ae1f-8be70062ab1d,+18571151041,ACT83697412,Sarah,Johnson,sarah.johnson747@gmail.com,1966-11-21,MA,POSTPAID_ELITE,2020-01-17 11:40:52,hotspot,,WiFi_calling,1,2019-12-25 12:53:31,,,credit_card,425.72,349,4,,2018-02-04 11:22:22,2023-02-05 18:11:15
eef62c1c-30f1-48e9-a7a8-e4f8e1b65f3d,+16164743856,ACT55961260,Jennifer,Williams,,1971-08-04,OH,BUSINESS_50,2023-03-30 14:52:48,feature_phone,776413139071180,WiFi_calling,1,2019-07-06 12:39:22,,,voucher,274.24,375,5,att,2019-05-25 15:39:44,2024-09-03 01:40:10
a28419ea-cffc-4dc7-8b9a-fc33bf4372ad,+18735266030,ACT39355402,Mary,Jones,mary.jones272@gmail.com,1972-06-02,CO,FAMILY_PLAN,2024-01-13 21:56:07,tablet,244987715866402,4G,1,2019-11-25 18:49:45,,,voucher,98.64,668,2,,2018-08-29 23:35:52,2023-09-24 20:27:35
ec295a6c-fb0f-499b-9db5-4138e4836fca,+13391007822,ACT88526258,Joseph,Jackson,joseph.jackson549@gmail.com,1978-12-03,IL,POSTPAID_ELITE,2021-10-10 22:18:40,tablet,183513313097345,4G,1,2019-10-14 14:25:12,,,auto_pay,207.91,313,4,,2018-09-03 03:00:50,2020-10-24 13:47:46
ec295a6c-fb0f-499b-9db5-4138e4836fca,+13391007822,ACT88526258,JOSEPH,Jackson,joseph.jackson549@gmail.com,1978-12-03,IL,POSTPAID_ELITE,2021-10-10 22:18:40,tablet,183513313097345,4G,1,2019-10-14 14:25:12,,,auto_pay,207.91,313,4,,2018-09-03 03:00:50,2020-10-24 13:47:46
1034303e-92d6-4371-9a7a-844ed8b930e3,+15195186219,ACT76642860,Barbara,Smith,barbara.smith740@gmail.com,2004-04-18,MA,POSTPAID_ELITE,2023-06-24 02:44:25,hotspot,,4G,1,2020-05-21 17:39:24,,,auto_pay,133.03,321,3,porting_unknown,2018-03-17 16:40:55,2021-12-01 22:58:21
09a90479-5be7-4c51-9733-c117ab9162de,+17890945752,ACT94483173,Thomas,Rodriguez,thomas.rodriguez221@gmail.com,2003-02-26,VA,POSTPAID_ELITE,2023-06-27 10:01:43,hotspot,,WiFi_calling,1,2022-09-28 11:44:47,,,voucher,135.06,436,4,porting_unknown,2018-01-09 15:56:55,2024-01-12 00:03:08
ff74d0aa-ecdb-4fd3-b3b3-649ba22ca931,+16899276979,ACT25683305,Susan,Brown,susan.brown437@gmail.com,1985-10-08,NJ,PREPAID_UNLIMITED,2020-11-08 01:38:32,smartphone,937149880252032,3G,1,2019-04-18 02:41:51,,,voucher,,670,1,,2018-07-24 05:27:25,2024-04-19 05:18:50
25b5a388-65c9-40af-8ab0-bf5b15e1b8e1,+19341487765,ACT60506423,Jessica,Jones,jessica.jones439@gmail.com,1981-07-01,GA,PREPAID_BASIC,2020-07-22 03:39:58,feature_phone,882714125689926,3G,0,2019-07-06 15:21:24,2024-03-25 14:04:04,unknown,voucher,370.64,406,4,,2018-03-22 20:42:52,2019-07-27 05:48:41
50d430d9-39ff-4eed-9ee7-b01537638a91,+12054365420,ACT53371517,Lisa,Jackson,lisa.jackson478@gmail.com,1996-10-13,OH,FAMILY_PLAN,2024-04-01 11:53:43,hotspot,,5G_NSA,1,2021-07-11 23:31:25,,,check,363.43,601,2,,2019-08-19 00:11:19,2023-04-04 06:19:19
cd7e3759-5e58-4ae1-a07e-207c2a11b604,+14692083607,ACT99896723,Patricia,Garcia,patricia.garcia150@gmail.com,2002-09-23,VA,FAMILY_PLAN,2023-02-21 00:20:50,smartphone,439704042815952,3G,1,2022-07-06 13:47:09,,,cash,141.69,533,2,boost,2018-10-02 11:09:02,2023-08-01 05:45:26
fb66880c-476d-47b4-b3a7-25fe8a69e097,+15265532397,ACT57716304,Robert,Williams,robert.williams441@gmail.com,1979-05-14,CA,POSTPAID_ELITE,2024-01-17 07:54:59,smartwatch,,5G_NSA,0,2019-07-17 08:21:21,2024-12-19 13:48:16,deceased,check,375.01,844,5,,2018-04-02 01:17:18,2021-08-19 19:25:19
d6df2dc7-313e-40ab-98a2-c24259733d1e,+16185149225,ACT50069809,Richard,Jones,richard.jones952@gmail.com,1995-06-02,VA,PREPAID_UNLIMITED,2024-03-24 08:58:38,hotspot,,4G,1,2019-07-08 09:07:37,,,auto_pay,112.32,,5,porting_unknown,2018-11-24 14:41:16,2022-02-01 13:03:48
979d1f79-5e12-4f72-a1e8-0df27b5dc5b5,+16486152965,ACT21359885,John,Miller,john.miller701@gmail.com,1957-02-26,WA,FAMILY_PLAN,2021-10-02 16:42:47,hotspot,,3G,1,2020-06-23 19:46:05,,,credit_card,360.05,533,5,,2018-03-25 07:10:54,2022-04-23 05:15:00
0c9b0513-dde9-40bc-871d-d6d7fb1537d0,+16321272053,ACT11587071,Mary,Davis,mary.davis201@gmail.com,1954-09-18,MI,POSTPAID_STARTER,2024-02-04 19:01:57,feature_phone,942408131976363,LTE,0,2019-06-12 21:33:19,2024-04-08 00:59:30,service_quality,voucher,265.69,441,4,,2018-07-16 05:00:53,2024-02-21 22:49:45
e69ea138-c6d0-4214-9dfa-21f0c4e3b5be,+13688178507,ACT70008968,Charles,Hernandez,charles.hernandez732@gmail.com,2002-03-10,FL,POSTPAID_PRO,2021-06-17 08:34:10,hotspot,,4G,0,2021-03-07 16:17:54,2024-10-14 12:33:21,unknown,check,443.08,580,6,att,2019-07-01 09:26:53,2023-02-17 19:08:02
efef1be3-5dc5-4214-aa9d-d90e006fe2ca,+18840828136,ACT22847153,James,Gonzalez,james.gonzalez453@gmail.com,,TX,POSTPAID_STARTER,2020-11-19 19:57:12,tablet,922588653831990,4G,1,2019-03-11 10:46:54,,,check,338.47,847,5,,2018-10-06 13:27:26,2023-03-14 21:35:54
31ec7abb-b079-4f8e-8b71-8d07c8994b99,+12045219766,ACT64815625,David,Johnson,david.johnson82@gmail.com,2003-04-16,FL,BUSINESS_50,2024-02-24 20:12:10,smartwatch,,3G,1,2023-08-09 15:50:46,,,debit_card,76.54,531,1,,2019-01-23 12:17:17,2023-12-01 08:33:29
420811c7-771d-475b-87ba-50c3f1401481,+14880043792,ACT54384070,Thomas,Taylor,thomas.taylor91@gmail.com,1975-09-06,AZ,PREPAID_UNLIMITED,2023-11-30 02:20:53,smartphone,205638106603382,4G,1,2020-10-22 16:09:22,,,bank_transfer,409.06,,3,,2020-04-30 20:19:04,2023-08-03 15:23:48
0a1a474c-a8a3-451a-8af3-e8e73e96cf21,+18892648897,ACT75923925,Jessica,Garcia,jessica.garcia179@gmail.com,1954-03-02,NY,BUSINESS_UNLIMITED,2024-07-05 07:32:43,tablet,434772477369036,WiFi_calling,1,2023-02-27 18:08:35,,,debit_card,148.18,508,5,,2021-11-16 22:21:13,2024-04-10 04:56:35
428424dc-acb8-47e0-a3f7-fa22cb38a4ec,+16196150595,ACT34324532,William,Jones,william.jones195@gmail.com,1983-02-12,MA,POSTPAID_STARTER,2020-07-14 00:58:56,tablet,655552537598017,3G,1,2020-01-10 15:19:17,,,auto_pay,249.57,707,1,,2019-10-01 15:27:33,2023-11-13 14:44:17
fd905127-2086-4c85-8dc9-f1100b9e5615,+18719279480,ACT42502215,Linda,Anderson,linda.anderson792@gmail.com,2000-04-04,FL,BUSINESS_50,2022-04-23 02:18:45,smartwatch,,5G_NSA,1,2020-05-08 03:11:34,,,bank_transfer,308.19,562,6,,2018-03-24 22:14:35,2022-06-19 14:32:52
d2364e81-929b-4c71-b30a-9b778c4c413d,+13835712172,ACT42264115,Charles,Rodriguez,charles.rodriguez868@gmail.com,1986-04-10,OH,POSTPAID_STARTER,2022-08-17 13:20:50,feature_phone,576800011199330,4G,1,2019-02-04 18:59:33,,,cash,28.27,472,6,att,2018-07-28 21:36:20,2022-07-26 15:22:52
6242bd87-d22e-4eab-a389-388b86b3ae99,+17786399698,ACT10385411,Patricia,Lopez,patricia.lopez866@gmail.com,1999-01-21,IL,POSTPAID_ELITE,2021-03-11 07:13:04,tablet,617631319646871,LTE,1,2019-01-07 13:13:11,,,credit_card,352.65,,5,,2018-05-14 14:28:05,2020-08-07 11:46:10
11171052-5f69-43f1-a119-a208c1650107,+14633379098,ACT59979709,Thomas,Brown,thomas.brown863@gmail.com,1966-12-21,OH,PREPAID_UNLIMITED,2024-11-29 17:21:46,tablet,387299751027588,5G_NSA,1,2023-11-29 00:49:09,,,debit_card,82.33,571,2,,2019-04-25 17:26:14,2024-05-08 09:41:29
b6969ffe-8e9c-4d19-b623-55c8e3a46fd8,+17803394736,ACT85814369,Michael,Smith,michael.smith171@gmail.com,1985-10-05,OH,POSTPAID_ELITE,2024-01-31 21:10:02,smartwatch,,LTE,1,2022-02-09 07:22:08,,,check,353.08,381,5,cricket,2018-06-27 12:45:24,2023-06-18 08:25:10
0fa27a89-6c18-4f7b-b456-3ed24f1e60dc,+14375315987,ACT47928768,Sarah,Miller,sarah.miller622@gmail.com,1968-10-19,MI,POSTPAID_STARTER,2023-07-25 07:30:38,feature_phone,629200785710473,LTE,1,2019-05-23 02:52:53,,,auto_pay,166.06,527,1,,2019-04-07 09:25:46,2024-04-25 21:57:05
f0be1ec0-3886-4957-826b-7ab756101978,+13715709869,ACT30548878,Richard,Brown,richard.brown516@gmail.com,1965-11-05,GA,BUSINESS_50,2022-05-09 05:14:01,feature_phone,199123651630410,3G,0,2020-08-29 15:57:42,2022-07-21 21:45:19,competitor_offer,voucher,301.84,,6,,2019-10-26 06:27:46,2024-05-10 18:43:31
db80c75c-d028-492c-bb33-297c25350289,+17237062903,ACT37937865,William,Garcia,william.garcia17@gmail.com,1982-07-05,MA,POSTPAID_PRO,2020-10-07 23:46:07,hotspot,,LTE,0,2020-08-12 23:57:21,2024-09-04 06:40:48,price_sensitivity,cash,397.09,532,4,,2019-02-03 00:58:10,2024-11-14 20:31:55
1c83e0e7-848e-4657-9450-b6c22cb30dde,+17597809209,ACT22831123,Robert,Smith,robert.smith242@gmail.com,1968-08-05,NC,POSTPAID_PRO,2024-10-17 12:59:44,tablet,884105511629576,LTE,1,2024-01-07 00:18:53,,,voucher,236.06,657,3,cricket,2022-07-12 06:13:37,2024-12-07 03:19:13
c17bed6f-82a6-4fd4-9006-26f0e883b087,+14444333847,ACT80056234,William,Johnson,william.johnson220@gmail.com,1985-10-08,FL,PREPAID_UNLIMITED,2024-10-10 14:29:44,smartphone,400369516054379,WiFi_calling,0,2020-02-25 19:17:08,2024-12-10 11:37:46,competitor_offer,cash,158.12,586,2,boost,2019-09-24 20:41:34,2020-09-13 02:48:18
c7b088d0-2c0c-4ea8-bd69-a2375c4f93c9,+16519306913,ACT57699222,Mary,Jones,mary.jones228@gmail.com,1968-07-08,VA,POSTPAID_STARTER,2024-09-03 23:13:12,tablet,714459181449798,3G,1,2021-03-13 20:52:23,,,cash,372.86,422,6,,2021-02-01 16:17:59,2021-07-15 23:55:42
2b331a27-7545-474d-b6c3-322b3be09f64,+16009604757,ACT90307641,Michael,Anderson,michael.anderson129@gmail.com,1977-09-02,MI,POSTPAID_STARTER,2023-07-07 00:13:16,hotspot,,4G,1,2023-05-23 06:59:09,,,check,374.18,806,4,,2021-11-07 06:35:12,2023-12-15 05:27:54
7700b2d3-bcfc-40fd-aaf3-e3f75ee2b60d,+15139760002,ACT94508944,John,Miller,john.miller80@gmail.com,1970-06-27,MA,POSTPAID_ELITE,2021-05-16 11:03:34,tablet,487157302473159,5G,0,2020-03-07 11:41:46,2023-11-05 10:34:24,deceased,bank_transfer,257.91,479,5,boost,2018-07-18 07:15:57,2024-03-03 19:53:31
8d38b0e8-9ff9-4f32-ae06-5309003b6bc4,+14234427263,ACT52570742,Jennifer,Smith,jennifer.smith354@gmail.com,1992-07-21,TX,BUSINESS_UNLIMITED,2021-06-17 02:38:46,feature_phone,126641367612565,5G,1,2021-01-11 05:24:03,,,check,173.12,837,4,,2019-01-17 04:02:24,2024-01-17 16:56:45
85d27610-3cdc-487a-8cff-23404a28c686,+14610695350,ACT58888149,Michael,Wilson,michael.wilson149@gmail.com,1989-06-21,MI,BUSINESS_50,2021-07-12 03:35:11,tablet,968147031320885,3G,1,2020-09-17 12:39:36,,,debit_card,281.07,448,3,verizon,2020-08-11 04:29:16,2024-03-09 18:01:28
6f130f71-0741-46bb-8788-dcc44eb7e66d,+19188562394,ACT99314591,Barbara,Martinez,barbara.martinez246@gmail.com,1994-12-01,NY,BUSINESS_UNLIMITED,2024-08-08 18:21:15,smartwatch,,WiFi_calling,1,2023-08-11 08:53:55,,,voucher,358.09,345,2,cricket,2022-11-07 13:03:44,2024-06-06 20:55:14
8c39bf21-e501-4e08-82dc-0c2b8b5dc000,+14009910304,ACT88949929,Jennifer,Brown,jennifer.brown352@gmail.com,1975-10-28,WA,BUSINESS_UNLIMITED,2020-10-08 16:30:14,smartwatch,,3G,1,2019-07-19 20:33:34,,,auto_pay,77.65,541,4,att,2019-02-09 00:51:21,2022-06-08 04:09:52
3284e564-71ac-4d86-968a-3e6b9b0b2880,+14942977957,ACT30816182,Linda,Lopez,linda.lopez374@gmail.com,1971-10-21,FL,BUSINESS_UNLIMITED,2023-10-26 23:55:00,hotspot,,5G,0,2019-11-28 10:37:43,2024-07-10 07:13:13,unknown,voucher,362.28,765,5,,2019-08-13 09:31:57,2019-12-16 14:44:03
01138e8c-ad59-4c16-bc33-f8156a1ce3df,+19050975197,ACT35310656,Mary,Jackson,mary.jackson746@gmail.com,1999-08-16,TX,POSTPAID_ELITE,2022-01-22 05:28:53,smartphone,211025115397015,4G,1,2020-08-08 05:20:33,,,voucher,60.99,302,4,att,2018-08-17 02:05:10,2022-06-23 14:04:52
abe5e3b7-b195-490b-a157-881b71193851,+15316831740,ACT96570659,James,Miller,james.miller89@gmail.com,1973-03-07,CO,PREPAID_BASIC,2023-03-29 07:34:24,smartwatch,,5G_NSA,0,2020-11-22 10:22:36,2024-05-29 15:04:52,coverage_issue,check,253.07,400,4,,2019-12-14 07:45:16,2022-06-07 15:48:37
63a0d475-a855-4903-9719-b3067ebdcb99,+13512716046,ACT61159273,Sarah,Rodriguez,sarah.rodriguez316@gmail.com,1958-08-20,CO,POSTPAID_ELITE,2022-01-11 19:52:34,smartphone,812949742842329,3G,1,2019-04-07 06:23:19,,,auto_pay,314.74,,4,,2018-06-04 04:30:39,2019-07-05 20:37:16
4989c494-39a9-480b-8491-12f4716cd1a6,+14322028128,ACT36206061,William,Thomas,william.thomas274@gmail.com,2004-08-16,NY,PREPAID_BASIC,2021-12-09 20:14:35,tablet,148990469710621,3G,1,2020-04-15 17:57:19,,,bank_transfer,89.93,340,2,,2020-03-05 16:46:21,2023-05-17 10:44:09
83567a87-5e93-4569-828a-868b0baa60ba,+18774494005,ACT93298773,Karen,Brown,karen.brown56@gmail.com,1998-07-21,NY,PREPAID_BASIC,2021-12-26 14:37:20,smartwatch,,4G,1,2020-09-19 05:29:15,,,debit_card,327.82,357,3,tmobile,2018-11-09 10:28:56,2024-08-24 04:08:35
0f8c6ad3-233b-44ef-b295-0872a1569122,+12836985927,ACT21415195,Linda,Garcia,linda.garcia426@gmail.com,1994-07-01,MI,PREPAID_UNLIMITED,2024-09-09 23:01:36,smartwatch,,LTE,1,2024-06-24 18:40:13,,,check,83.59,,5,,2023-11-19 07:24:12,2024-09-19 18:31:25
bd002137-1d98-4ed0-90ec-9f4e343c84af,+14119449571,ACT82416602,Linda,Jackson,linda.jackson762@gmail.com,1950-12-16,NJ,POSTPAID_PRO,2022-12-03 12:41:44,smartphone,870742300688243,WiFi_calling,1,2022-01-11 23:58:16,,,credit_card,398.75,310,6,,2019-12-17 16:29:35,2024-09-11 07:29:17
9c392f03-2a39-45ea-82bf-a08ea2b27f94,+13879315240,ACT94198979,Sarah,Johnson,sarah.johnson94@gmail.com,1978-07-17,NC,BUSINESS_UNLIMITED,2024-01-02 05:46:52,smartwatch,,5G_NSA,1,2023-05-19 11:03:48,,,voucher,393.32,644,2,,2023-03-24 21:47:20,2024-03-29 17:33:06
e833e90f-bda4-4897-95f4-ac3a26ab5942,+14037015322,ACT24424872,Michael,Martinez,michael.martinez372@gmail.com,1994-07-02,VA,PREPAID_UNLIMITED,2023-01-13 23:25:36,smartwatch,,3G,1,2019-12-04 07:22:52,,,cash,92.13,512,5,cricket,2018-09-26 22:13:33,2023-04-14 21:02:44
0a7441bb-d724-4278-b895-9336320d37bd,+14943150856,ACT95364489,Michael,Moore,michael.moore816@gmail.com,1993-12-17,CO,PREPAID_BASIC,2020-03-16 07:26:26,smartwatch,,5G,0,2020-02-12 07:37:51,2021-11-09 08:37:02,device_upgrade,bank_transfer,271.43,807,3,,2018-02-01 13:14:07,2024-05-25 10:40:25
6b86527c-d19a-4989-97a3-37cfe3fa766b,+15830234017,ACT32851534,Jennifer,Martin,jennifer.martin928@gmail.com,1957-05-11,MI,POSTPAID_PRO,2022-01-28 00:43:47,feature_phone,471891465600278,3G,1,2021-07-11 05:08:15,,,bank_transfer,222.3,467,3,verizon,2020-07-22 22:50:23,2024-11-15 10:59:29
0220cd0b-4604-4233-8206-d3b2561510ff,+16450056428,ACT28694640,Joseph,Johnson,joseph.johnson756@gmail.com,1983-10-26,NJ,BUSINESS_UNLIMITED,2023-04-19 21:07:06,smartwatch,,5G,1,2022-02-26 03:23:23,,,check,386.63,530,3,,2020-05-13 11:34:04,2024-07-12 23:49:54
5ad30aa5-ad7c-48e7-a7cf-bb2413ebd516,+17209033692,ACT32725609,Thomas,Jackson,thomas.jackson712@gmail.com,,GA,PREPAID_BASIC,2020-09-03 21:01:01,tablet,259888009840069,5G,1,2019-04-11 06:11:53,,,debit_card,331.46,798,2,porting_unknown,2019-03-22 10:19:13,2019-08-22 05:51:02
893c46ff-5f20-4821-a0b6-073b244088f5,+14568493442,ACT22039774,David,Davis,david.davis652@gmail.com,1997-11-15,MA,FAMILY_PLAN,2023-05-05 13:37:19,smartwatch,,5G_NSA,1,2021-11-20 22:00:01,,,bank_transfer,198.34,716,5,,2021-01-22 16:30:04,2022-08-22 06:15:51
a461b3a6-a908-49cd-8404-0e77f3d87ee4,+15740745296,ACT94838452,Barbara,Thomas,barbara.thomas192@gmail.com,1965-06-21,CA,PREPAID_UNLIMITED,2024-05-01 00:45:34,smartwatch,,5G_NSA,0,2021-11-30 11:06:22,2024-09-25 13:49:43,,voucher,281.02,700,1,porting_unknown,2018-12-28 04:19:17,2022-02-17 20:32:11
77c52a91-7839-48ef-bd5a-c631c3103bb7,+13813300956,ACT66166795,Lisa,Wilson,lisa.wilson417@gmail.com,1968-08-22,NY,PREPAID_UNLIMITED,2021-04-13 19:52:31,hotspot,,5G,1,2021-02-09 22:58:19,,,credit_card,290.49,664,4,,2018-07-25 12:08:58,2022-01-13 17:37:02
bab09192-2ace-4761-858d-7dae4b39b5b6,+14878532838,ACT42592673,Joseph,Taylor,joseph.taylor791@gmail.com,1983-08-23,MA,POSTPAID_ELITE,2020-08-25 04:14:51,smartwatch,,5G,1,2020-04-19 23:37:08,,,bank_transfer,250.62,568,2,,2018-09-25 10:39:27,2024-09-18 14:39:03
1e9f3c83-6bb5-44fe-9ab3-50621dcb52ae,+14865217339,ACT15269417,David,Wilson,david.wilson569@gmail.com,1960-07-28,MA,POSTPAID_ELITE,2020-06-21 15:11:07,smartphone,806318242100543,WiFi_calling,0,2020-03-30 01:52:14,2023-11-19 23:16:51,,auto_pay,,765,3,tmobile,2019-07-29 17:40:58,2021-08-09 15:48:07
04ff296c-4672-4117-83a0-c8a6307517aa,+12078708562,ACT80236195,Joseph,Taylor,joseph.taylor267@gmail.com,,OH,PREPAID_BASIC,2024-06-06 13:09:02,tablet,721815201430419,5G_NSA,1,2023-12-23 08:32:16,,,auto_pay,,535,2,,2018-10-29 07:26:59,2024-03-26 00:41:09
aed4617e-ab8c-432c-9936-0a772e95e64f,+16190495204,ACT21308704,John,Miller,john.miller327@gmail.com,1979-08-21,NC,POSTPAID_PRO,2022-03-03 02:27:31,tablet,469185295034123,LTE,1,2019-12-09 20:20:23,,,cash,428.34,764,5,att,2018-09-02 08:33:55,2021-11-13 17:00:27
fad9570a-4c6e-48c7-8bd3-5a3e5849b575,+19013617707,ACT72489285,William,Lopez,william.lopez510@gmail.com,1988-10-13,AZ,PREPAID_BASIC,2020-04-30 17:04:46,smartphone,621689245049196,LTE,1,2019-07-10 14:02:47,,,debit_card,26.99,748,2,,2018-08-25 07:37:32,2021-09-02 06:17:21
be4c4bb1-caa1-4b4c-ba30-70dd332bc689,+12926645374,ACT27152307,William,Davis,william.davis875@gmail.com,1951-04-05,NC,BUSINESS_UNLIMITED,2022-02-04 13:48:18,feature_phone,996898001748766,LTE,1,2020-05-31 19:13:27,,,auto_pay,68.45,359,3,,2020-02-11 13:51:05,2021-08-14 18:37:50
e805a972-6aee-4dac-8122-c81f1d9a4782,+14584508733,ACT51741773,James,Gonzalez,james.gonzalez747@gmail.com,1999-04-11,IL,BUSINESS_50,2024-02-19 10:24:14,feature_phone,511044752891175,3G,1,2023-06-05 22:35:12,,,auto_pay,375.1,832,6,porting_unknown,2022-07-23 21:52:37,2024-12-13 05:49:44
d2551a95-4067-4f36-b61a-80239f4dd2c1,+17953655848,ACT52599731,Jessica,Brown,jessica.brown515@gmail.com,1994-08-20,IL,POSTPAID_ELITE,2022-04-10 20:12:54,tablet,263161060784709,3G,1,2021-10-20 02:32:13,,,bank_transfer,93.56,779,4,,2020-07-31 13:53:52,2023-06-18 13:38:33
fb362ee4-10b5-452d-b275-bc96c5529d90,+16709211196,ACT81840197,Thomas,Williams,thomas.williams879@gmail.com,1955-10-04,CO,PREPAID_BASIC,2021-06-10 23:09:30,tablet,171348441768323,LTE,0,2020-06-23 09:27:32,2024-08-07 23:12:00,coverage_issue,cash,80.22,478,3,tmobile,2019-11-20 09:59:08,2021-07-20 00:12:00
f8903ae2-4d13-4fe5-9a32-a80429672d74,+12212602369,ACT89767542,David,Davis,david.davis919@gmail.com,1961-08-18,CO,POSTPAID_ELITE,2024-04-07 08:19:32,tablet,863177739912312,4G,1,2023-01-24 05:08:24,,,cash,138.73,499,6,,2018-01-12 14:24:54,2024-07-09 13:15:45
62a70bb1-6861-4b22-b3fb-d43ba8b4bd6a,+17609811781,ACT62854612,Michael,Thomas,michael.thomas538@gmail.com,1980-05-02,CO,POSTPAID_PRO,2023-07-07 16:36:11,smartphone,233941767571991,3G,1,2021-02-05 03:09:57,,,credit_card,83.82,680,4,,2019-04-28 04:28:25,2022-11-18 21:50:58
3cfc7c79-3a5e-4be8-9ce2-57c188a3ff9f,+15290705769,ACT23508405,James,Taylor,james.taylor460@gmail.com,1980-12-21,NC,POSTPAID_ELITE,2020-06-15 10:53:21,smartphone,411131684701038,3G,1,2019-10-22 17:56:28,,,auto_pay,300.35,474,5,,2018-04-02 10:51:16,2024-08-07 23:43:20
0f7b4f70-d531-444c-b731-3a9409d1f1ba,+14299064202,ACT99428351,Linda,Taylor,linda.taylor425@gmail.com,1967-02-06,NY,POSTPAID_ELITE,2021-03-31 04:22:20,smartwatch,,WiFi_calling,1,2020-08-11 18:33:24,,,cash,410.53,733,6,,2020-03-26 14:10:56,2024-06-03 08:56:04
28800d8e-5a32-416a-a102-9a449ab3c429,+13395543466,ACT59406484,Mary,Jackson,mary.jackson17@gmail.com,1956-08-01,TX,POSTPAID_STARTER,2022-04-10 05:30:13,tablet,419807314068908,4G,1,2019-06-13 22:18:44,,,voucher,66.22,346,4,,2018-03-15 09:18:16,2021-08-13 16:44:45
302f29a5-1214-4d25-a28f-a32a6f5a1535,+18124503111,ACT78672144,Jennifer,Martinez,jennifer.martinez76@gmail.com,1976-04-04,NC,PREPAID_BASIC,2023-09-04 17:54:54,feature_phone,683390188272968,3G,1,2022-11-04 11:47:45,,,check,50.67,622,4,att,2019-07-14 05:47:42,2024-11-16 16:04:03
1d03794d-b29a-4c79-bf51-49400b6d19a3,+15259733277,ACT27124180,Karen,Garcia,karen.garcia714@gmail.com,1959-01-03,NY,PREPAID_BASIC,2021-10-13 14:23:44,tablet,163288324663122,LTE,0,2020-01-05 14:30:15,2023-07-03 09:03:31,unknown,bank_transfer,223.91,712,5,,2018-03-29 09:05:08,2024-12-13 19:08:02
ec17660a-3ee0-4fb0-bc4e-7889a317b8c5,+18885445643,ACT43444445,Charles,Johnson,charles.johnson742@gmail.com,1988-04-20,OH,PREPAID_BASIC,2021-05-25 23:00:22,tablet,138230565130054,5G,1,2020-11-30 21:15:24,,,cash,162.65,473,2,,2018-07-30 08:39:02,2021-09-04 06:59:01
a33a1083-b4a5-4da4-a527-a39ac80cf5b1,+14789966500,ACT95041554,Joseph,Jones,joseph.jones531@gmail.com,1973-10-17,WA,FAMILY_PLAN,2021-10-02 01:59:16,tablet,797994603698696,LTE,1,2020-02-17 19:46:29,,,credit_card,445.71,436,2,,2018-07-10 15:50:09,2024-02-28 11:55:46
3a36ab34-55ff-4816-b0ff-6f952888b8dd,+14011797517,ACT36027362,Joseph,Gonzalez,joseph.gonzalez411@gmail.com,1962-07-07,CA,BUSINESS_UNLIMITED,2024-09-05 05:40:55,smartwatch,,4G,1,2021-12-07 13:40:24,,,auto_pay,319.35,439,4,,2018-06-24 01:08:28,2023-05-03 07:34:31
82c559eb-6ff0-4a4b-bc4e-cddd741dffa7,+18478080843,ACT43973153,Richard,Smith,richard.smith615@gmail.com,2003-12-25,WA,BUSINESS_UNLIMITED,2023-12-01 15:39:55,smartwatch,,LTE,1,2019-05-21 01:23:16,,,voucher,268.37,809,5,cricket,2018-10-18 13:58:24,2019-07-25 18:35:48
880c9410-b910-4d27-950b-d50c75496e79,+17228997612,ACT95289459,Susan,Thomas,susan.thomas529@gmail.com,1986-02-27,NC,PREPAID_BASIC,2020-10-08 07:51:40,smartwatch,,4G,1,2020-07-15 01:35:08,,,cash,312.52,543,6,,2019-03-04 10:19:16,2023-06-03 07:39:59
4a0dcc27-e130-4c06-a834-d6fe85245689,+15351599117,ACT10565478,Thomas,Jackson,thomas.jackson861@gmail.com,1967-10-07,NC,BUSINESS_50,2021-07-24 07:30:08,hotspot,,3G,1,2019-01-08 15:58:51,,,credit_card,36.15,393,3,,2018-06-26 16:08:15,2024-07-24 08:49:28
eaee6dfb-e467-4248-8061-5fd28e1ed851,+16619945024,ACT48459889,Barbara,Taylor,barbara.taylor637@gmail.com,1953-11-21,VA,PREPAID_BASIC,2022-12-24 01:48:11,hotspot,,5G_NSA,0,2022-08-18 23:56:05,2024-06-06 04:11:46,relocation,bank_transfer,186.26,,3,,2020-04-05 06:38:35,2023-05-07 03:18:56
948500ce-ee5a-42aa-b015-188e57bcc1aa,+16033846401,ACT32917391,Jessica,Garcia,jessica.garcia670@gmail.com,1994-03-08,AZ,BUSINESS_50,2024-03-24 13:53:32,smartwatch,,3G,1,2019-11-16 04:56:33,,,auto_pay,228.74,757,2,,2018-08-17 04:01:09,2021-04-02 21:44:44
44fb75ee-f887-451c-90cb-cfb8817a0dd9,+14637225444,ACT48283645,William,Martin,william.martin669@gmail.com,1962-05-12,CA,PREPAID_UNLIMITED,2024-01-23 13:15:22,feature_phone,759645426289640,WiFi_calling,1,2020-12-11 00:55:31,,,voucher,157.05,652,3,,2019-02-25 14:44:43,2021-10-19 03:41:24
44fb75ee-f887-451c-90cb-cfb8817a0dd9,+14637225444,ACT48283645,WILLIAM,Martin,william.martin669@gmail.com,1962-05-12,CA,PREPAID_UNLIMITED,2024-01-23 13:15:22,feature_phone,759645426289640,WiFi_calling,1,2020-12-11 00:55:31,,,voucher,157.05,652,3,,2019-02-25 14:44:43,2021-10-19 03:41:24
d635b079-6763-4423-a86c-c8c9e1f2d5e5,+18811562143,ACT38520544,Mary,Moore,mary.moore226@gmail.com,1994-03-12,TX,FAMILY_PLAN,2023-10-18 15:44:01,smartwatch,,5G,1,2020-05-29 05:56:51,,,voucher,332.12,339,2,,2019-09-04 11:53:51,2023-06-21 21:46:29
ee43fd74-4474-45e8-963b-a5613ee2adba,+18849077901,ACT35048680,Mary,Rodriguez,mary.rodriguez563@gmail.com,1958-04-08,IL,POSTPAID_ELITE,2022-09-04 04:21:43,smartwatch,,5G_NSA,0,2021-02-23 06:51:17,2023-05-25 01:05:46,device_upgrade,debit_card,69.04,450,6,boost,2020-06-13 00:51:32,2024-08-29 06:07:00
45223ac8-88be-4acf-bded-2ef37f45414b,+14012123067,ACT12925412,Linda,Brown,linda.brown281@gmail.com,1969-02-15,WA,FAMILY_PLAN,2020-11-23 06:32:18,feature_phone,106090342106663,5G,0,2020-09-19 20:33:40,2021-10-17 00:16:29,deceased,cash,282.07,700,4,,2019-01-30 02:51:52,2022-03-21 01:09:33
d1d01d30-d2ea-4f94-a136-8fd1f794e7c4,+12569208298,ACT52580650,William,Anderson,william.anderson701@gmail.com,1983-10-19,NY,BUSINESS_50,2022-06-07 09:21:05,tablet,972280088899578,5G,0,2022-03-11 00:54:53,2023-10-05 11:12:15,unknown,voucher,52.05,324,1,,2019-05-18 07:39:00,2024-05-15 12:16:11
79b35008-27c7-4038-92e9-1752890782a8,+18325831713,ACT45959315,Joseph,Williams,joseph.williams738@gmail.com,1992-01-24,WA,POSTPAID_PRO,2022-09-28 15:52:28,tablet,483076432934009,WiFi_calling,1,2020-10-07 22:29:58,,,voucher,198.92,389,5,tmobile,2019-11-10 23:50:14,2021-07-26 11:51:30
65a26c8c-56ed-4388-92f4-5389bf428f43,+19481292394,ACT36297753,Mary,Rodriguez,mary.rodriguez254@gmail.com,1998-08-16,IL,POSTPAID_ELITE,2022-09-03 01:02:56,feature_phone,793240281328146,4G,1,2021-11-20 21:47:55,,,bank_transfer,206.2,525,4,,2019-05-08 13:36:49,2024-02-21 02:23:25
343228bf-00cb-4398-95ab-ea849cbef4d1,+18379522700,ACT61069752,Patricia,Jackson,patricia.jackson333@gmail.com,1973-07-28,WA,BUSINESS_50,2021-09-09 20:49:52,smartwatch,,5G_NSA,1,2021-08-06 00:45:59,,,check,131.06,332,1,,2020-11-21 18:37:37,2021-08-26 11:41:16
a4d22bd6-f6d3-4cf2-8d05-275128fa5d56,+13368730122,ACT52048328,Robert,Rodriguez,robert.rodriguez91@gmail.com,1981-03-07,NY,POSTPAID_ELITE,2022-12-13 15:34:02,smartwatch,,4G,1,2022-01-09 15:50:07,,,bank_transfer,124.91,754,6,sprint,2020-05-10 14:44:37,2023-10-20 03:19:34
63f8913e-f39d-4121-8557-2e053a58211f,+16831555967,ACT93578988,Lisa,Jones,lisa.jones407@gmail.com,1988-11-24,NY,PREPAID_UNLIMITED,2022-05-04 12:12:26,hotspot,,3G,1,2019-04-28 16:36:56,,,debit_card,276.8,536,1,porting_unknown,2019-03-05 04:45:49,2019-06-27 23:05:14
d16ad7b2-8e57-4664-b218-389d51dcf057,+15018163713,ACT89073374,Robert,Garcia,robert.garcia592@gmail.com,1968-12-06,MA,FAMILY_PLAN,2021-05-09 22:45:01,hotspot,,5G,1,2020-09-01 01:49:53,,,credit_card,185.05,390,1,,2020-05-07 08:37:53,2022-04-18 05:25:05
879fceea-4132-456c-a4e1-1b47198d0236,+13973868055,ACT83439726,Robert,Thomas,robert.thomas773@gmail.com,1984-06-02,FL,BUSINESS_50,2020-01-01 00:54:59,smartphone,593703668875944,WiFi_calling,1,2019-04-07 08:29:33,,,bank_transfer,290.0,789,4,,2018-05-04 23:25:34,2024-02-14 21:14:18
97fe3aac-fd74-4cec-bdd3-ee9cf4721835,+12573543596,ACT93936977,John,Thomas,john.thomas470@gmail.com,1998-01-24,MI,PREPAID_UNLIMITED,2021-11-14 12:07:03,smartwatch,,5G,0,2021-05-28 03:25:23,2022-08-09 17:23:46,price_sensitivity,auto_pay,45.36,600,3,verizon,2020-06-02 00:14:57,2024-07-21 21:38:56
20bb936b-58a4-4abf-a5e4-4bc3272ef835,+18465373065,ACT75826775,Mary,Martinez,mary.martinez370@gmail.com,1990-10-27,FL,FAMILY_PLAN,2024-10-02 04:26:29,smartwatch,,3G,0,2023-02-06 05:33:33,2024-10-27 03:37:19,price_sensitivity,check,191.51,680,2,,2018-09-17 22:27:13,2023-07-02 19:07:09
43e1cd07-4888-42a8-96de-178b5f889961,+16196768997,ACT82789655,James,Martinez,james.martinez613@gmail.com,1957-05-06,VA,BUSINESS_50,2024-11-25 16:18:50,feature_phone,981214487350624,WiFi_calling,1,2022-03-09 07:40:15,,,credit_card,338.4,732,6,verizon,2019-11-21 14:22:13,2024-08-16 07:29:37
96bf401c-706c-409d-9a1c-21dec6829bae,+13223486179,ACT89865485,Joseph,Miller,joseph.miller422@gmail.com,1965-04-16,TX,BUSINESS_50,2023-07-26 17:05:48,tablet,752966454991328,WiFi_calling,0,2021-06-07 10:27:24,2024-04-10 18:58:13,service_quality,credit_card,142.6,,4,,2020-04-03 17:42:01,2022-04-22 22:16:55
91bf808c-8622-4028-8ef0-28db990b0f3a,+18488352516,ACT78601644,Joseph,Gonzalez,joseph.gonzalez573@gmail.com,1963-11-03,MI,PREPAID_BASIC,2023-01-17 21:48:04,feature_phone,318902631054278,3G,1,2021-09-20 04:09:21,,,voucher,21.53,327,1,boost,2020-12-30 01:51:17,2023-01-26 05:16:56
458db7c6-acc7-4b4f-9849-28ab26c9415d,+14328148803,ACT22172465,Michael,Thomas,michael.thomas470@gmail.com,1968-03-13,FL,PREPAID_UNLIMITED,2024-11-15 13:05:51,smartphone,259550225603938,4G,1,2021-05-21 09:32:33,,,debit_card,78.8,435,1,cricket,2020-01-24 07:42:17,2021-06-26 02:14:53
e0a8872b-927a-4174-8893-b09511007e83,+15606462875,ACT50168711,Charles,Jones,charles.jones141@gmail.com,1999-08-03,OH,PREPAID_UNLIMITED,2023-07-21 10:40:54,tablet,280253766306172,3G,1,2022-06-12 12:59:44,,,check,18.57,473,2,,2020-10-30 22:53:10,2023-05-01 10:49:01
e9db60a1-e0a1-4496-b6a3-4adb732999fb,+13437271068,ACT10622338,John,Davis,john.davis255@gmail.com,1950-12-10,NJ,POSTPAID_PRO,2023-02-02 01:57:53,tablet,112240862468814,5G_NSA,0,2019-02-21 07:53:17,2023-06-25 10:35:01,competitor_offer,cash,18.86,783,6,,2018-10-24 01:00:10,2019-12-12 22:20:43
3c7942fb-c3a5-435e-8d86-534ff2a7a47b,+15124224116,ACT13052457,Sarah,Brown,sarah.brown67@gmail.com,1995-05-14,GA,PREPAID_BASIC,2020-07-09 23:42:48,tablet,593336535072502,LTE,1,2020-02-28 07:33:10,,,auto_pay,71.73,430,2,,2019-06-08 17:47:26,2022-01-03 03:33:13
288dc4af-b2c7-4ea3-aff0-7bac07d5b21a,+13565532275,ACT95259293,Robert,Thomas,robert.thomas946@gmail.com,1966-08-25,AZ,POSTPAID_PRO,2021-07-08 16:53:10,tablet,173997548700742,5G,0,2020-02-25 13:44:10,2022-01-02 08:08:57,price_sensitivity,bank_transfer,100.5,731,6,verizon,2018-04-17 05:34:44,2022-06-27 16:20:59
f88b6fb5-1b42-4c6a-ac5e-142469ffe7c5,+15826887741,ACT66465455,Karen,Garcia,karen.garcia262@gmail.com,1967-12-20,IL,BUSINESS_UNLIMITED,2021-12-13 03:13:42,hotspot,,3G,1,2021-09-07 13:13:18,,,auto_pay,115.02,628,6,,2020-03-11 15:51:47,2024-07-22 20:23:52
f9d9dc52-eb72-4359-9ce5-b2528adb3d47,+15869724954,ACT40898416,Jennifer,Martinez,jennifer.martinez157@gmail.com,1985-02-05,OH,POSTPAID_STARTER,2024-10-02 08:57:00,feature_phone,307604909579883,WiFi_calling,1,2020-08-22 05:27:55,,,check,64.3,495,5,,2019-06-30 22:00:24,2023-03-03 23:51:46
c0260afc-881d-4d47-863a-365ced2b87a2,+16220265420,ACT78061952,Sarah,Martin,sarah.martin639@gmail.com,1964-08-15,NY,BUSINESS_UNLIMITED,2024-03-15 11:52:28,tablet,373960408226073,5G,1,2023-05-21 18:19:00,,,debit_card,306.56,573,3,,2019-04-22 01:18:51,2024-12-02 21:23:36
59975944-4438-4179-8388-4be74577e3d7,+12188677349,ACT46493498,Richard,Smith,richard.smith446@gmail.com,1967-02-28,MA,PREPAID_UNLIMITED,2021-01-07 18:46:27,tablet,489927888649865,LTE,1,2020-07-03 02:59:37,,,check,366.75,502,1,tmobile,2019-07-07 13:26:04,2021-11-16 18:18:35
ba95fd96-25db-41d8-aeff-07bf2d4fb3bf,+13079654879,ACT83646907,Linda,Williams,linda.williams111@gmail.com,2002-06-04,CA,POSTPAID_ELITE,2023-02-19 19:25:31,tablet,837626043163046,4G,1,2021-01-28 21:20:27,,,auto_pay,191.21,412,6,sprint,2019-08-06 10:29:43,2022-11-23 22:49:57
0c634216-e8a2-4f35-9e2d-af6ca955cf3a,+14516566400,ACT65234750,Patricia,Garcia,patricia.garcia698@gmail.com,1999-03-17,IL,POSTPAID_ELITE,2023-08-18 13:17:09,smartwatch,,WiFi_calling,1,2020-10-27 03:15:17,,,voucher,61.02,778,2,boost,2018-10-02 11:44:39,2023-06-02 23:57:57
37723637-6190-49cb-b65d-98ef9fd4f352,+13357859880,ACT30325483,Michael,Smith,michael.smith362@gmail.com,1959-06-19,TX,BUSINESS_UNLIMITED,2020-06-23 06:58:39,smartwatch,,LTE,1,2020-02-28 03:37:36,,,bank_transfer,104.47,771,4,tmobile,2018-11-26 17:42:56,2021-07-24 04:57:03
af9df37f-c38c-4ad0-bb95-d53d5f1a44fb,+12949559667,ACT37179828,Linda,Rodriguez,linda.rodriguez19@gmail.com,1952-11-01,OH,PREPAID_BASIC,2023-07-07 05:06:39,smartwatch,,WiFi_calling,1,2019-09-22 08:14:33,,,check,148.02,772,1,porting_unknown,2018-06-11 21:11:30,2023-05-15 23:09:48
7a419922-5d73-4719-ba23-6bf041151b0b,+19303351429,ACT73718513,Linda,Lopez,linda.lopez589@gmail.com,1963-01-13,MI,PREPAID_BASIC,2022-01-13 11:16:12,smartwatch,,3G,1,2021-03-21 16:43:51,,,credit_card,223.22,783,6,,2018-06-25 11:47:54,2022-02-08 19:32:26
2d524a59-4318-4870-a75d-b3624d030c75,+18090526121,ACT89893641,Mary,Miller,mary.miller375@gmail.com,1991-08-12,NC,BUSINESS_50,2024-04-09 21:20:34,smartwatch,,WiFi_calling,1,2021-07-08 19:46:54,,,credit_card,320.14,616,2,,2021-06-08 12:53:54,2023-01-19 01:42:58
6ce7690d-d366-4428-8aea-870c3cda9556,+14820226109,ACT92848702,John,Anderson,john.anderson315@gmail.com,1962-12-13,NC,POSTPAID_ELITE,2023-12-21 15:17:41,feature_phone,924346131896873,LTE,1,2021-01-10 15:25:47,,,bank_transfer,224.08,696,6,,2018-05-21 13:12:28,2022-03-12 17:59:47
a2e21980-aafd-40e7-a3d3-e52a9f6c147d,+18815198513,ACT72205683,Sarah,Jones,sarah.jones737@gmail.com,1995-01-11,VA,PREPAID_BASIC,2024-08-30 02:12:16,hotspot,,3G,1,2021-08-04 07:13:30,,,bank_transfer,126.87,636,4,,2020-04-26 00:47:45,2022-12-13 02:25:04
d658da69-ba7d-4b47-be0f-d35cf543739a,+16952218455,ACT46774837,Lisa,Wilson,lisa.wilson949@gmail.com,1988-02-09,WA,BUSINESS_UNLIMITED,2022-03-07 16:36:56,smartphone,166030863465217,4G,1,2021-08-12 06:29:32,,,voucher,381.15,814,2,,2019-04-22 23:03:36,2024-06-03 20:09:23
080b0691-782e-4791-9430-fe40b04f8ecf,+16839974832,ACT59347363,Karen,Martinez,karen.martinez525@gmail.com,1995-02-20,VA,POSTPAID_STARTER,2024-08-26 01:30:10,tablet,490085898187956,5G_NSA,0,2021-12-01 08:04:40,2024-11-10 12:04:23,,bank_transfer,174.02,400,1,att,2020-12-27 13:26:20,2023-08-02 01:29:26
080b0691-782e-4791-9430-fe40b04f8ecf,+16839974832,ACT59347363,KAREN,Martinez,karen.martinez525@gmail.com,1995-02-20,VA,POSTPAID_STARTER,2024-08-26 01:30:10,tablet,490085898187956,5G_NSA,0,2021-12-01 08:04:40,2024-11-10 12:04:23,,bank_transfer,174.02,400,1,att,2020-12-27 13:26:20,2023-08-02 01:29:26
c15bd90b-3fb7-46ae-b5b6-98b2b7c122e7,+18405638719,ACT49642315,Patricia,Brown,patricia.brown320@gmail.com,1960-06-15,OH,BUSINESS_50,2022-07-12 23:18:30,feature_phone,196601754309644,LTE,0,2021-01-12 21:16:45,2022-08-26 01:44:50,deceased,auto_pay,376.84,674,3,att,2018-11-21 09:10:27,2022-03-19 11:45:58
3e3fa0a1-1bdb-4fdd-a145-e54cff27a5a4,+14586562006,ACT28368125,Richard,Martin,richard.martin477@gmail.com,1992-05-01,NJ,POSTPAID_PRO,2022-07-04 05:12:19,tablet,463904469578359,LTE,1,2019-06-01 18:23:11,,,check,257.85,701,5,,2019-01-09 20:54:11,2023-01-31 04:11:52
838b9d10-1d67-4737-bbb4-d5106a697892,+16218633511,ACT81316088,Lisa,Jones,lisa.jones414@gmail.com,1993-08-06,WA,PREPAID_BASIC,2022-07-19 02:02:52,tablet,379080432386490,LTE,1,2020-05-03 04:15:32,,,auto_pay,29.2,348,1,,2019-09-23 10:51:40,2023-08-28 07:32:16
c2519f31-1167-4e82-8144-063bffb5c52e,+19811356734,ACT12031086,Richard,Brown,richard.brown82@gmail.com,1960-12-16,NJ,FAMILY_PLAN,2021-03-04 21:20:12,smartwatch,,LTE,0,2020-07-12 21:50:59,2022-07-03 17:53:30,competitor_offer,check,365.88,630,3,porting_unknown,2018-01-03 08:36:18,2022-02-05 22:34:05
ffecc204-ae65-4cb4-b65f-c92ff5798d03,+12640506415,ACT92142132,Michael,Thomas,michael.thomas403@gmail.com,1980-02-01,IL,POSTPAID_STARTER,2023-11-07 20:03:24,smartwatch,,4G,1,2019-02-19 01:42:38,,,bank_transfer,272.99,733,4,cricket,2018-03-22 14:42:09,2021-01-02 18:52:57
9b55ec55-ee20-4e9a-969f-7010dac31f0f,+14499293695,ACT81074100,Joseph,Lopez,joseph.lopez264@gmail.com,1983-01-17,WA,POSTPAID_STARTER,2022-06-19 13:42:09,tablet,971961460586094,5G_NSA,1,2021-01-03 06:13:06,,,debit_card,352.85,513,3,,2020-07-08 06:13:33,2024-07-27 06:08:55
39d19d11-0d2c-4979-9f4d-1da62988f4a9,+12716259730,ACT23787772,Jessica,Moore,jessica.moore205@gmail.com,1984-04-15,GA,POSTPAID_STARTER,2023-11-23 18:47:37,hotspot,,5G,1,2023-03-12 19:11:46,,,check,431.24,758,1,,2018-12-14 14:55:34,2024-07-24 00:54:11
f42fd9e6-d990-4868-a3ca-1b1de1b31b83,+15228140122,ACT82841184,Karen,Thomas,karen.thomas300@gmail.com,1967-07-08,IL,PREPAID_UNLIMITED,2023-01-27 12:24:58,tablet,373979384553336,3G,1,2020-04-29 14:04:34,,,debit_card,147.82,772,2,boost,2019-08-06 19:37:10,2020-05-02 18:00:37
c89eec5a-1dc2-4498-9233-b5da4c73b476,+18105187257,ACT69026830,John,Davis,john.davis548@gmail.com,1965-03-05,CA,BUSINESS_50,2021-11-30 03:46:58,hotspot,,3G,1,2019-05-07 10:26:31,,,credit_card,48.23,397,1,porting_unknown,2018-07-27 23:10:47,2019-09-03 21:54:15
bb2a7e59-e26c-4f00-903d-2c6919c746ce,+18245736893,ACT76486316,Barbara,Davis,barbara.davis729@gmail.com,1986-09-03,TX,POSTPAID_PRO,2021-07-13 08:58:58,smartphone,423322429558981,5G,1,2019-03-11 03:26:35,,,voucher,294.0,654,6,att,2018-04-15 19:29:20,2022-12-16 12:16:47
de3a28ac-9698-4a14-b6a0-b4cee5670f8a,+18697452039,ACT66622352,David,Smith,david.smith894@gmail.com,1963-02-04,OH,BUSINESS_50,2022-05-06 08:02:29,smartwatch,,4G,1,2019-12-25 15:54:36,,,auto_pay,427.75,518,6,,2018-01-05 05:16:23,2021-06-29 05:20:41
c59473a0-c17a-49a4-964e-e06dcf311b4c,+16473205871,ACT57180390,Charles,Hernandez,charles.hernandez547@gmail.com,1975-03-13,VA,FAMILY_PLAN,2020-04-01 06:54:32,smartwatch,,LTE,1,2020-01-30 15:50:25,,,auto_pay,391.47,783,5,sprint,2018-03-18 09:46:47,2020-08-13 13:10:58
5cf2f27e-fa2a-4f70-ad21-8487665b72d0,+17587583034,ACT68079071,Lisa,Martinez,lisa.martinez557@gmail.com,1995-12-08,VA,POSTPAID_STARTER,2020-05-21 02:18:31,hotspot,,5G,1,2019-06-28 01:25:52,,,auto_pay,65.49,685,2,tmobile,2018-09-21 13:28:50,2023-10-04 14:35:59
4d6e9135-85b8-461f-b76a-9f870fcc5cad,+12711703969,ACT86566123,Lisa,Martinez,lisa.martinez173@gmail.com,1979-04-11,MI,BUSINESS_50,2021-12-19 04:51:40,hotspot,,5G_NSA,1,2020-08-27 08:05:54,,,credit_card,52.54,585,1,,2018-06-03 00:50:29,2022-07-20 04:42:42
8066ceb1-c798-4d00-89a9-2c183bc9eb1b,+19785718501,ACT98268969,Susan,Martin,susan.martin195@gmail.com,1969-12-27,NY,POSTPAID_PRO,2020-12-31 17:31:40,tablet,215882358610331,4G,1,2019-11-15 09:06:36,,,credit_card,392.8,614,4,,2018-01-30 15:10:50,2021-06-17 21:58:06
2ec623e4-f096-4495-9f61-924f5c4be5b4,+19519628441,ACT51007629,Barbara,Smith,barbara.smith840@gmail.com,1964-12-28,MA,POSTPAID_PRO,2020-01-10 22:00:50,hotspot,,LTE,1,2019-10-05 21:19:00,,,credit_card,35.64,544,5,,2018-03-02 23:17:17,2019-11-11 11:36:09
c3bcb325-b17b-424b-a2dc-299b90a4f16b,+16883637149,ACT79810005,Michael,Gonzalez,michael.gonzalez475@gmail.com,1977-05-01,FL,POSTPAID_PRO,2023-08-26 17:49:19,hotspot,,4G,1,2019-07-12 04:46:42,,,voucher,438.41,597,6,,2018-01-29 01:38:25,2024-05-11 20:56:25
47bbb4ca-c995-4cca-bf60-69d45e02de7b,+19118168498,ACT74060962,Charles,Thomas,,2004-11-11,FL,POSTPAID_PRO,2021-07-12 07:37:25,smartwatch,,5G_NSA,0,2019-04-23 04:10:33,2024-10-08 11:17:35,device_upgrade,debit_card,33.94,540,5,,2018-07-11 06:57:47,2022-08-24 17:43:51
65d387e9-bfae-4851-b688-91ee60bc45e1,+13689823788,ACT39122068,Joseph,Johnson,joseph.johnson443@gmail.com,1985-01-20,NC,PREPAID_BASIC,2021-04-23 01:23:59,feature_phone,112316552122154,4G,1,2021-03-03 23:42:13,,,auto_pay,349.68,807,5,sprint,2018-09-23 04:24:26,2024-05-13 09:30:24
10ed804b-444f-4fff-9276-8bd1345951ed,+12077324891,ACT90055163,Mary,Smith,mary.smith728@gmail.com,1971-06-26,FL,POSTPAID_ELITE,2021-09-11 02:36:40,hotspot,,3G,0,2019-06-07 13:55:16,2022-10-16 19:51:17,service_quality,bank_transfer,169.59,729,3,,2018-11-24 13:46:54,2019-12-31 02:18:10
28442452-4c09-4795-8223-c9abbd09dd91,+13306017681,ACT42332579,Susan,Lopez,susan.lopez817@gmail.com,1963-02-08,NJ,FAMILY_PLAN,2021-04-21 16:03:29,smartwatch,,5G_NSA,0,2020-04-30 09:56:43,2024-04-19 07:23:53,device_upgrade,check,440.81,785,4,verizon,2018-05-11 14:52:25,2024-07-03 07:47:25
f12fa493-531b-490d-94f4-1446d8696c9f,+17882228439,ACT33500356,Jessica,Miller,jessica.miller594@gmail.com,1980-07-06,WA,POSTPAID_ELITE,2023-07-03 09:39:45,hotspot,,5G,1,2020-07-10 07:08:41,,,debit_card,248.9,535,2,verizon,2018-10-02 12:51:10,2021-11-22 16:59:03
18e942de-187a-473c-a3b1-8c39d37bd3fc,+18716825923,ACT12855085,Thomas,Hernandez,thomas.hernandez182@gmail.com,1980-08-03,NY,POSTPAID_PRO,2022-09-07 02:17:16,tablet,121086340116042,5G_NSA,1,2021-04-29 08:53:42,,,auto_pay,29.82,553,6,,2019-11-23 16:01:55,2022-10-12 06:44:28
73dde6f4-d19c-4e3e-a4ff-f9e34b31d8f9,+16207335424,ACT91630214,Jessica,Smith,jessica.smith773@gmail.com,1997-05-02,WA,FAMILY_PLAN,2022-09-17 22:45:42,feature_phone,163234026269911,3G,1,2022-08-09 10:37:01,,,cash,432.65,828,2,boost,2021-01-29 18:27:29,2022-10-23 07:30:27
d890a573-c3cf-4102-857d-78f57971ccf8,+18679926525,ACT35117556,Jessica,Wilson,jessica.wilson786@gmail.com,1988-01-18,MI,POSTPAID_STARTER,2024-12-19 19:46:02,hotspot,,5G_NSA,1,2020-03-29 12:37:57,,,credit_card,269.58,597,3,boost,2019-03-25 10:08:13,2024-12-09 23:26:32
18750202-b949-4de3-9121-23bf69e5c816,+19523109859,ACT56869434,Jessica,Brown,jessica.brown5@gmail.com,1974-04-22,TX,FAMILY_PLAN,2023-04-06 06:42:16,smartphone,584373294461043,3G,1,2019-03-05 05:45:38,,,credit_card,274.02,618,2,,2019-01-09 20:45:16,2024-06-03 09:20:41
e67a8544-520a-4e12-8aba-0a49f9a0624c,+13555913034,ACT65227111,Jessica,Gonzalez,jessica.gonzalez502@gmail.com,1988-03-04,IL,POSTPAID_STARTER,2023-12-24 07:10:18,tablet,927821848500769,4G,1,2020-01-05 20:07:09,,,check,423.82,680,6,,2019-12-01 23:08:22,2020-03-22 17:51:08
18e59e3f-d6fd-4039-a163-3c34e067236b,+18152417205,ACT68111658,Joseph,Davis,joseph.davis352@gmail.com,1960-12-21,GA,BUSINESS_UNLIMITED,2022-07-18 00:03:50,feature_phone,972564071705087,5G,0,2019-10-04 16:42:56,2024-05-12 11:41:14,price_sensitivity,check,346.32,779,1,,2018-01-01 19:15:56,2020-01-20 06:02:48
83aed610-f3d9-4c11-a0ba-f7db5b988904,+18139302760,ACT72549995,Joseph,Jones,joseph.jones567@gmail.com,1977-09-21,GA,POSTPAID_ELITE,2023-11-20 22:54:57,hotspot,,5G,1,2023-03-17 00:34:07,,,bank_transfer,206.71,632,1,,2021-02-26 07:29:49,2024-01-08 15:59:52
c4126438-84a5-4a2f-8519-49a804b7da09,+19062115568,ACT98954823,James,Williams,james.williams589@gmail.com,1985-01-19,NJ,FAMILY_PLAN,2022-11-25 04:42:34,hotspot,,LTE,1,2021-11-30 11:36:56,,,auto_pay,354.44,338,4,cricket,2020-02-28 15:50:18,2023-10-19 05:36:47
86169115-3133-44fc-9f64-59e34a512c22,+19903931629,ACT35145756,Joseph,Martinez,joseph.martinez644@gmail.com,1967-05-17,NC,PREPAID_UNLIMITED,2020-09-15 00:27:32,smartphone,929431619423147,3G,1,2019-12-27 13:14:41,,,bank_transfer,80.28,723,3,cricket,2019-11-21 08:09:30,2020-10-03 12:43:47
70f98024-6bb3-4af3-a78d-fe2f8e37f465,+17800670179,ACT32469630,John,Gonzalez,john.gonzalez325@gmail.com,2000-03-10,CO,BUSINESS_50,2020-09-10 03:29:29,smartwatch,,5G,1,2020-09-04 18:14:54,,,debit_card,71.92,665,5,,2019-01-12 22:00:44,2023-11-02 07:04:39
411192ec-285a-42df-a220-3cd315dfc7d1,+19577076852,ACT66945371,Mary,Gonzalez,mary.gonzalez689@gmail.com,1989-10-09,NJ,FAMILY_PLAN,2024-01-27 04:39:45,smartwatch,,3G,1,2022-01-20 21:02:21,,,bank_transfer,163.84,632,3,,2020-12-18 13:02:41,2023-10-10 04:32:28
615ce6b1-5926-4fa9-a23c-a64223022e0a,+16500768270,ACT40789957,Jennifer,Anderson,jennifer.anderson520@gmail.com,1997-12-13,CA,POSTPAID_PRO,2021-06-19 01:52:27,tablet,610134288036110,4G,1,2019-12-31 10:31:13,,,check,262.62,418,5,,2019-01-03 14:15:46,2024-02-03 08:06:41
93b92889-3577-4bf6-93e2-927b57a6a4ab,+15293963777,ACT66560734,Robert,Jones,robert.jones859@gmail.com,1979-02-02,MI,BUSINESS_UNLIMITED,2023-10-28 20:17:43,tablet,593163129133738,3G,1,2020-11-12 15:54:26,,,voucher,267.41,446,3,,2018-12-01 02:35:34,2024-10-17 02:26:40
90a5d490-a611-45cc-819e-09554a403180,+19429043779,ACT79565699,Lisa,Smith,lisa.smith711@gmail.com,1981-08-18,TX,POSTPAID_PRO,2021-03-23 19:09:16,feature_phone,569503631602345,LTE,1,2019-02-10 21:31:19,,,credit_card,428.17,455,3,sprint,2018-01-25 15:25:37,2024-01-31 05:50:38
d6fe1c1e-b93c-4f5e-a118-7a4a0525a3b1,+19175110084,ACT91252712,James,Garcia,james.garcia343@gmail.com,1988-03-21,VA,POSTPAID_PRO,2024-06-23 15:42:53,hotspot,,3G,1,2023-11-02 03:47:06,,,voucher,102.79,378,1,verizon,2021-04-27 01:49:39,2024-09-15 16:15:04
f8fa6cc9-84b1-4cee-adc0-ffa256028a1b,+13476980669,ACT78537142,Richard,Wilson,richard.wilson434@gmail.com,1964-11-17,NC,POSTPAID_STARTER,2020-12-08 23:36:17,feature_phone,524753136582940,3G,0,2020-05-04 05:36:18,2023-04-24 17:55:21,unknown,voucher,299.62,392,1,sprint,2018-03-07 17:21:23,2021-07-27 15:15:21
20136aa0-19aa-474e-843c-a2f379dcb683,+17255661414,ACT33763544,Sarah,Brown,sarah.brown72@gmail.com,1973-07-25,CO,FAMILY_PLAN,2020-08-13 13:29:28,feature_phone,483920431905032,LTE,1,2020-07-16 10:15:35,,,debit_card,316.06,389,1,,2019-09-11 16:35:47,2024-06-29 15:12:11
c3d11258-009e-4950-8c71-ce116e99f6eb,+15326502065,ACT81267293,Robert,Anderson,robert.anderson418@gmail.com,1970-02-21,OH,BUSINESS_50,2024-11-18 07:46:01,tablet,488682096470060,WiFi_calling,1,2020-06-09 05:16:14,,,debit_card,81.14,813,6,verizon,2018-12-16 00:53:36,2023-12-09 08:28:20
05907361-9811-4f81-bf5c-1f15926f7fef,+17185221969,ACT69497736,Linda,Martinez,linda.martinez240@gmail.com,1976-09-12,NY,POSTPAID_PRO,2021-11-30 13:38:16,feature_phone,239197210925631,5G,1,2020-08-15 03:38:14,,,debit_card,420.74,728,4,verizon,2019-05-20 21:54:27,2023-05-21 10:04:37
afda78b1-0ae0-4c25-a584-c50d6c584f12,+18755787206,ACT35813581,Sarah,Gonzalez,sarah.gonzalez465@gmail.com,1992-06-16,FL,FAMILY_PLAN,2023-10-07 06:10:33,hotspot,,LTE,1,2019-08-11 06:41:42,,,cash,24.7,,5,porting_unknown,2019-03-01 03:49:29,2023-09-06 01:27:53
6bf46144-50c6-421b-875d-b98e8f1543de,+17087634257,ACT29977351,William,Martin,william.martin59@gmail.com,1990-09-05,CO,FAMILY_PLAN,2023-10-30 09:34:03,smartphone,972742537926522,5G_NSA,1,2022-09-01 08:41:14,,,debit_card,59.07,728,3,,2018-01-17 08:43:18,2024-02-20 22:47:39
b1d1233f-f0c4-412c-90ba-55c8ccd5a895,+13370433251,ACT56039165,William,Davis,,1985-07-13,GA,PREPAID_BASIC,2021-09-01 15:02:45,tablet,492738371375319,5G,1,2020-12-29 18:32:06,,,cash,54.79,420,6,,2020-02-02 10:17:27,2021-03-26 20:05:01
ecf01e3d-7007-4cbc-9483-f1d409669ccd,+13387360995,ACT22427774,Mary,Brown,mary.brown217@gmail.com,1961-05-13,GA,POSTPAID_PRO,2023-03-19 03:11:07,smartphone,180588565317417,5G_NSA,1,2023-02-13 02:15:18,,,check,317.69,371,1,,2019-03-06 08:06:57,2023-09-29 22:48:31
04904b12-a800-4ba3-a75e-83bf407c8720,+16884015802,ACT85912448,David,Jones,david.jones908@gmail.com,1959-03-03,WA,FAMILY_PLAN,2022-05-14 06:23:52,hotspot,,5G,1,2019-06-21 12:12:26,,,bank_transfer,235.69,403,5,porting_unknown,2018-02-01 14:04:33,2023-08-29 20:11:34
931f378e-470d-4a8c-86b1-cbc341668927,+18664486238,ACT40027063,Lisa,Moore,lisa.moore830@gmail.com,1973-01-17,CO,PREPAID_BASIC,2022-04-09 19:21:52,smartphone,972552232156099,5G_NSA,1,2019-07-11 01:56:59,,,cash,387.87,802,2,tmobile,2018-06-10 15:34:02,2023-06-28 15:20:02
1cf9891c-2c57-4c34-b636-2d5d4efc3ef5,+17490297464,ACT38960387,Charles,Wilson,charles.wilson508@gmail.com,1991-01-16,OH,POSTPAID_STARTER,2021-03-16 11:04:31,smartwatch,,WiFi_calling,1,2020-05-03 22:38:01,,,cash,346.49,424,3,,2019-08-29 15:50:34,2021-11-28 16:59:11
7ef35cc5-b122-43e9-b26f-56d63c4a6d5a,+15560860733,ACT79196632,William,Martin,william.martin650@gmail.com,1977-08-26,GA,POSTPAID_ELITE,2021-12-01 23:33:35,smartphone,850387500249569,5G,1,2020-12-24 01:33:46,,,auto_pay,421.84,820,4,,2019-09-15 16:18:16,2022-04-06 00:33:54
ab6cec46-5a42-41ba-970d-af9b58f7a517,+18993472337,ACT59054199,Mary,Brown,mary.brown852@gmail.com,1953-01-04,NJ,PREPAID_UNLIMITED,2020-12-12 05:47:54,smartphone,431187958721479,4G,0,2019-09-22 18:25:52,2023-11-28 12:48:41,unknown,credit_card,98.15,710,1,,2018-08-24 13:18:13,2019-10-31 02:00:45
43d39d50-6d26-4247-9e16-ec6325ba73f7,+18993230133,ACT45048019,James,Miller,james.miller339@gmail.com,1959-12-19,CA,PREPAID_BASIC,2024-09-27 19:19:57,smartphone,229441877881214,LTE,0,2022-02-11 22:15:50,2024-12-11 18:58:52,service_quality,check,36.29,682,2,sprint,2021-12-23 15:10:28,2022-11-26 06:06:41
c3cff820-ab7b-4542-8dcd-fb958e392276,+15931184083,ACT35373181,Robert,Williams,robert.williams356@gmail.com,1993-07-07,WA,FAMILY_PLAN,2023-10-19 01:31:36,smartphone,485508223132064,5G_NSA,1,2022-09-26 19:36:29,,,credit_card,182.77,585,4,att,2021-08-04 15:29:07,2023-08-12 20:54:48
36510fd5-63f3-4978-b70b-2c45bf83f4a1,+13910704936,ACT14209896,Joseph,Brown,joseph.brown379@gmail.com,1951-01-07,AZ,PREPAID_UNLIMITED,2022-03-21 22:48:14,hotspot,,3G,1,2021-08-31 12:04:34,,,check,249.38,631,3,porting_unknown,2018-12-09 14:34:21,2024-08-05 03:45:10
400bd96a-9eaf-45ff-b810-4cc340a48720,+14674846222,ACT50729678,Lisa,Johnson,lisa.johnson356@gmail.com,1991-01-17,GA,POSTPAID_PRO,2023-02-19 20:49:35,smartwatch,,LTE,0,2021-12-08 20:20:38,2024-04-28 23:30:03,relocation,check,105.02,679,2,cricket,2020-09-17 17:37:54,2024-07-08 11:44:42
66a95a08-6963-47ac-8827-af0e612b426e,+13796683086,ACT22536624,Jennifer,Martin,jennifer.martin620@gmail.com,1957-10-27,FL,POSTPAID_STARTER,2024-05-26 13:28:05,smartwatch,,3G,1,2021-09-02 20:03:33,,,check,134.12,553,6,,2019-06-18 01:20:39,2023-10-30 11:58:00
780e3e0c-27d9-4eeb-98d1-aa39f0d49aa2,+18749270622,ACT68913394,Charles,Wilson,charles.wilson451@gmail.com,1965-04-18,WA,BUSINESS_UNLIMITED,2023-03-10 05:39:50,smartphone,394833624159957,5G,1,2019-07-29 01:25:24,,,auto_pay,224.73,548,2,cricket,2018-07-25 01:16:28,2020-01-09 02:09:26
e05f5ac3-eb25-468f-95ea-7d1adffe0252,+17260865849,ACT21729554,Jessica,Taylor,jessica.taylor601@gmail.com,1991-07-20,NY,PREPAID_UNLIMITED,2021-04-05 04:38:38,smartphone,235358796180368,WiFi_calling,0,2019-10-12 03:42:28,2024-11-03 14:23:39,deceased,cash,26.39,828,3,,2018-02-15 07:27:41,2022-11-19 06:35:04
d8028e46-5518-43a2-9f59-513825034f10,+15473295838,ACT44328892,Sarah,Martin,sarah.martin874@gmail.com,1995-11-26,TX,BUSINESS_UNLIMITED,2021-04-09 13:46:34,tablet,796986504476445,4G,1,2020-03-30 15:35:36,,,bank_transfer,279.53,603,4,,2019-09-15 23:32:49,2020-10-09 00:14:13
421c349c-fec0-46b5-a4e2-4dced6664bda,+15208613731,ACT40130614,Lisa,Jones,lisa.jones434@gmail.com,1996-09-18,FL,BUSINESS_UNLIMITED,2021-08-26 10:08:21,tablet,132032720856032,4G,1,2020-06-14 04:41:27,,,cash,281.14,626,4,boost,2019-11-27 03:09:11,2024-02-23 10:00:57
572646b3-688c-4902-a1ab-83404f7987f9,+12130021935,ACT18034617,Joseph,Moore,joseph.moore460@gmail.com,1961-12-14,WA,FAMILY_PLAN,2020-08-07 14:13:19,feature_phone,207299335983599,LTE,1,2020-06-20 18:14:09,,,auto_pay,340.6,684,1,verizon,2018-03-11 11:42:32,2021-05-20 11:32:23
97ba4af8-8659-413b-9c39-dbbd60dd244b,+16652615618,ACT13793609,Linda,Lopez,linda.lopez337@gmail.com,1989-10-24,IL,BUSINESS_50,2022-08-02 14:34:26,smartphone,833711134857993,LTE,1,2021-06-21 15:07:56,,,voucher,426.11,732,4,cricket,2019-02-06 11:30:21,2021-11-27 16:24:48
066e425b-31bb-4e08-b717-a58c41dcf08e,+18596384104,ACT17940519,Mary,Smith,mary.smith770@gmail.com,1996-11-01,VA,BUSINESS_50,2024-12-15 22:37:07,smartphone,117954512577928,5G_NSA,1,2020-10-12 17:31:21,,,voucher,248.12,718,4,,2018-05-04 18:24:55,2023-05-05 11:21:54
1b74931b-f732-40ef-918c-33761b375dff,+15099107257,ACT99629880,Barbara,Williams,barbara.williams649@gmail.com,1957-01-06,NC,BUSINESS_50,2023-08-03 03:07:02,tablet,800244190471016,5G_NSA,1,2019-04-03 18:02:29,,,voucher,241.9,657,4,boost,2019-03-10 22:34:23,2019-12-05 22:58:20
bdaab436-0709-4d7a-9bc1-6ee0a8b9662a,+13251629739,ACT89036891,William,Rodriguez,william.rodriguez459@gmail.com,1990-12-08,TX,POSTPAID_PRO,2023-06-18 02:30:43,smartphone,187217425749353,5G_NSA,1,2020-02-19 22:23:20,,,bank_transfer,409.09,818,2,tmobile,2019-01-28 13:39:15,2020-10-21 20:07:39
76b216c0-b900-4d40-adba-58bd97e87d03,+18578559642,ACT86534822,Mary,Jackson,mary.jackson960@gmail.com,1950-12-16,FL,POSTPAID_ELITE,2020-02-19 23:32:37,hotspot,,5G,1,2019-10-13 21:39:07,,,bank_transfer,432.9,472,4,att,2019-01-08 16:44:18,2019-10-19 09:13:09
9d1dcf36-7c77-455f-94f9-8d5fd9c20f07,+13822575756,ACT55503099,Richard,Miller,richard.miller953@gmail.com,1971-12-26,FL,POSTPAID_STARTER,2023-05-31 05:46:12,smartwatch,,3G,0,2022-07-22 12:16:51,2024-03-06 02:33:06,relocation,auto_pay,332.89,482,5,,2019-01-08 18:36:24,2024-03-12 18:14:49
422094b3-819b-4448-a220-6abfcdb64d5e,+15886260417,ACT72935700,Michael,Anderson,michael.anderson959@gmail.com,1969-01-01,NJ,POSTPAID_ELITE,2022-12-08 21:08:40,smartwatch,,WiFi_calling,1,2020-04-22 15:37:51,,,credit_card,72.82,746,4,att,2018-02-15 09:28:10,2020-07-29 10:20:59
d8ee3290-f2c0-4696-90a0-df51c219e801,+15727192705,ACT88005749,Lisa,Jones,lisa.jones360@gmail.com,1968-09-14,NJ,POSTPAID_PRO,2022-07-20 02:35:33,smartphone,399752036087466,LTE,0,2021-12-16 18:15:01,2022-11-25 12:12:26,unknown,auto_pay,393.04,678,6,boost,2021-08-26 18:27:27,2022-06-18 08:27:34
bd2df770-ff14-41cc-a867-9d611285f70d,+12129280630,ACT18529389,Mary,Williams,mary.williams129@gmail.com,1974-11-17,FL,PREPAID_BASIC,2022-04-12 09:54:00,smartwatch,,5G_NSA,1,2020-03-10 19:06:28,,,credit_card,26.76,749,3,,2018-04-02 16:41:56,2024-11-05 06:17:41
68a9d391-5242-463e-a2b7-30c8271f8e6d,+13163295019,ACT60422433,John,Lopez,john.lopez843@gmail.com,1969-03-19,TX,FAMILY_PLAN,2021-12-03 06:49:56,feature_phone,900216275872050,4G,1,2019-07-28 06:10:57,,,debit_card,112.62,613,5,,2018-12-18 00:40:42,2021-11-17 18:50:33
f57cd1de-0fd3-48ab-a518-036334e9b300,+17790540181,ACT74402185,Patricia,Taylor,patricia.taylor278@gmail.com,1993-07-07,NJ,BUSINESS_UNLIMITED,2021-04-18 17:44:35,tablet,309442192344219,5G,1,2019-04-16 01:21:03,,,debit_card,390.91,662,3,,2019-04-11 18:49:35,2023-07-22 00:35:10
6d0fd557-1b92-4aa2-bd5b-ae6f91bbc5aa,+19518199577,ACT96308984,Susan,Wilson,susan.wilson110@gmail.com,1953-07-23,TX,PREPAID_UNLIMITED,2021-06-17 13:33:34,tablet,797811674910987,LTE,1,2021-04-10 00:07:47,,,cash,294.6,543,5,,2018-01-29 14:06:50,2021-08-04 19:12:19
293c40fb-c8de-4ad9-891a-3c48b1b14cfd,+12085008689,ACT32432761,Joseph,Taylor,joseph.taylor477@gmail.com,1954-07-26,AZ,POSTPAID_STARTER,2022-11-30 23:31:36,smartphone,632780193679764,5G_NSA,1,2020-07-07 07:59:47,,,check,66.68,562,4,,2019-02-27 19:22:40,2023-04-02 01:49:22
5a79f347-a42a-46d5-ac67-2bdc4e31c4cf,+18622034424,ACT57507832,Lisa,Brown,lisa.brown571@gmail.com,1984-02-12,CO,POSTPAID_PRO,2020-09-28 09:35:47,hotspot,,4G,1,2019-03-19 04:44:52,,,auto_pay,237.76,533,4,,2018-09-15 03:34:08,2022-02-08 20:35:40
ae22a9fd-8130-42f1-9af4-5172607a0e90,+19491824054,ACT24886197,Barbara,Johnson,barbara.johnson732@gmail.com,1998-03-25,CA,FAMILY_PLAN,2023-05-21 03:24:40,feature_phone,958591198830383,3G,1,2020-12-15 17:25:03,,,credit_card,417.98,829,2,,2018-11-15 20:58:56,2021-08-01 04:11:45
dd6d48d1-9031-40c6-95d8-577c6c42a70e,+16739074418,ACT22373180,Jessica,Lopez,jessica.lopez186@gmail.com,1958-04-12,FL,POSTPAID_STARTER,2022-01-02 11:11:39,smartwatch,,5G,0,2020-03-30 09:55:46,2022-08-07 10:21:26,deceased,debit_card,159.37,418,5,,2018-01-08 19:11:11,2022-01-31 20:10:03
df829980-d5d2-40bf-abac-3b11fd20b2fe,+13735864839,ACT55070070,Susan,Jones,susan.jones417@gmail.com,1980-01-01,CA,FAMILY_PLAN,2020-05-14 01:49:48,hotspot,,4G,1,2019-05-13 23:43:14,,,voucher,60.19,494,5,,2019-05-04 04:40:29,2020-03-30 22:42:22
c7495797-46aa-417d-af98-3cf5cd29a279,+14466119740,ACT78188566,Lisa,Johnson,lisa.johnson48@gmail.com,1993-08-16,NY,PREPAID_BASIC,2023-07-08 18:25:27,smartphone,654028744958204,LTE,1,2021-03-03 20:17:53,,,bank_transfer,434.03,831,2,,2018-05-14 02:46:38,2021-04-01 01:51:08
00ad5705-c43e-4bb7-b543-60ff41917aad,+16890306042,ACT64928828,Robert,Davis,robert.davis803@gmail.com,1966-02-06,MA,POSTPAID_ELITE,2023-02-23 15:26:35,smartphone,789562677481338,WiFi_calling,1,2019-07-23 14:08:42,,,cash,101.47,,5,verizon,2019-02-01 15:25:06,2021-10-02 13:42:21
45a367d0-30e4-4b42-abf4-9e69e1241ff4,+18144667560,ACT98472677,Patricia,Johnson,patricia.johnson124@gmail.com,1956-10-05,MA,FAMILY_PLAN,2024-09-03 21:17:58,feature_phone,915073886728622,3G,1,2023-09-03 05:14:40,,,credit_card,418.51,794,5,tmobile,2021-02-26 06:17:44,2023-11-05 06:33:50
529333ef-db84-4de4-9611-f205e5eb1a1c,+13513160478,ACT36315933,John,Jones,john.jones927@gmail.com,1965-05-19,CO,PREPAID_UNLIMITED,2021-01-06 21:40:54,smartphone,582346933525303,WiFi_calling,1,2019-08-07 17:58:49,,,debit_card,384.45,842,2,,2018-10-13 15:17:27,2021-11-18 06:35:42
62193876-6369-4ee5-9279-d650fa91ba4f,+13347493406,ACT48214703,Richard,Garcia,richard.garcia355@gmail.com,1998-04-12,NJ,BUSINESS_UNLIMITED,2023-02-24 05:25:19,hotspot,,5G,0,2019-12-30 07:09:47,2024-04-16 03:51:15,device_upgrade,credit_card,313.82,706,2,sprint,2018-11-22 22:41:05,2023-07-26 18:45:40
39c53ccd-ea19-4cb4-9efe-745f1677dfe4,+15513771630,ACT95498559,Barbara,Jones,barbara.jones797@gmail.com,1962-04-28,TX,PREPAID_UNLIMITED,2021-07-21 20:36:55,hotspot,,4G,0,2021-02-23 23:54:42,2023-03-30 09:45:28,deceased,debit_card,244.34,672,6,boost,2020-07-01 01:48:24,2023-07-14 16:46:03
b8b111a9-c472-4df2-a5bd-b9c816f13a22,+12287189608,ACT51313907,Joseph,Williams,joseph.williams596@gmail.com,1970-01-11,VA,BUSINESS_50,2023-08-14 12:38:14,feature_phone,692110833971689,3G,1,2019-06-12 11:37:15,,,credit_card,85.22,847,6,,2019-05-17 22:59:43,2021-05-13 11:26:04
b79d1644-f627-479a-a5db-b3d788e47ba3,+19786276798,ACT90282815,Charles,Williams,charles.williams9@gmail.com,2002-05-20,WA,FAMILY_PLAN,2022-06-26 16:02:57,smartphone,225584901606256,3G,1,2020-11-09 07:50:18,,,cash,419.67,615,1,,2020-11-06 22:29:44,2022-05-10 18:51:41
ed6c422e-d1f8-439f-b7cf-9af42db375a6,+15428632582,ACT60533695,Charles,Thomas,charles.thomas821@gmail.com,2001-10-08,FL,BUSINESS_50,2021-09-16 23:09:29,hotspot,,5G_NSA,1,2020-02-27 07:57:36,,,voucher,273.6,596,4,,2019-07-19 21:21:24,2021-02-21 20:13:25
3f649261-3df8-4e19-ac40-71c4ed5ae79b,+16240329212,ACT64062200,Jennifer,Anderson,jennifer.anderson220@gmail.com,1957-08-20,MI,FAMILY_PLAN,2021-01-19 03:29:40,smartwatch,,5G_NSA,0,2020-06-07 12:10:00,2022-12-24 00:51:00,price_sensitivity,cash,255.96,791,3,,2019-06-07 09:54:41,2022-09-26 00:54:59
5a7fe944-f300-41dc-93b7-57a92aa007d1,+18799216801,ACT99241515,Robert,Davis,robert.davis451@gmail.com,2004-08-18,GA,POSTPAID_PRO,2024-04-18 07:43:52,smartwatch,,WiFi_calling,1,2022-01-24 14:49:52,,,debit_card,407.32,602,3,,2018-08-03 06:34:06,2024-12-19 07:36:40
e687f3f8-716b-40eb-a8ba-e0719f0b0752,+13634124821,ACT15188986,James,Williams,james.williams810@gmail.com,1979-07-26,GA,PREPAID_UNLIMITED,2024-12-13 19:02:03,smartphone,946948250572119,5G,1,2020-07-07 13:34:37,,,bank_transfer,43.72,391,1,,2018-04-05 07:15:23,2024-06-07 16:06:57
64e8bebc-63ab-4ff3-8ca0-ce407a9aa93a,+12800420927,ACT40693288,Mary,Davis,mary.davis557@gmail.com,1963-07-21,NY,POSTPAID_ELITE,2021-01-25 16:16:43,feature_phone,236228219524573,WiFi_calling,1,2019-07-01 10:29:01,,,credit_card,353.63,605,4,,2019-01-21 00:57:35,2024-09-30 16:22:28
f860f490-b1f0-4ab9-9d9f-a8e5fb104c87,+16875015941,ACT60780350,Richard,Miller,richard.miller696@gmail.com,1974-09-01,VA,PREPAID_BASIC,2022-07-12 13:38:25,feature_phone,810144631009443,4G,1,2020-07-11 06:23:24,,,voucher,193.38,437,2,boost,2018-06-20 11:24:00,2024-10-22 22:44:49
9ab7c1d1-9cdd-45b4-a4e8-7bb84f8c9fc5,+18927471252,ACT96049985,Richard,Anderson,richard.anderson514@gmail.com,1965-07-19,VA,BUSINESS_50,2020-05-17 07:43:36,smartphone,901465576036902,5G,1,2019-02-04 22:57:35,,,debit_card,228.79,411,4,,2018-04-02 13:15:12,2019-09-15 23:45:36
8fad7af3-c99f-475b-99ce-e26bdf3bb5a9,+15589362661,ACT96407288,Mary,Garcia,mary.garcia441@gmail.com,1984-08-14,WA,BUSINESS_UNLIMITED,2023-05-28 17:38:21,feature_phone,216247550424540,WiFi_calling,1,2020-05-21 14:32:35,,,check,280.6,594,4,,2018-02-16 07:03:11,2022-09-13 23:44:09
12655d3b-9401-4aa3-bd0e-b0bba6d5720d,+12198937355,ACT19236281,Charles,Brown,,1958-06-10,MI,BUSINESS_UNLIMITED,2024-12-23 06:33:42,hotspot,,4G,1,2022-11-27 21:28:24,,,auto_pay,282.87,461,4,sprint,2019-05-02 19:15:28,2022-12-10 11:21:27
bf262a67-9a4a-4b5a-ab26-e8cb80c04362,+14763015870,ACT97880590,James,Taylor,james.taylor894@gmail.com,1977-02-26,NY,FAMILY_PLAN,2020-12-05 10:36:30,feature_phone,188268172662291,3G,1,2019-04-02 11:11:08,,,cash,107.01,523,1,,2018-10-18 01:32:24,2021-10-08 19:48:10
95d3230c-92a8-4089-a4ca-829a4287c89d,+18702089135,ACT65254183,Sarah,Garcia,sarah.garcia961@gmail.com,1977-06-17,IL,PREPAID_BASIC,2024-08-20 07:46:50,smartphone,328999265943470,LTE,1,2019-09-22 16:24:50,,,bank_transfer,53.05,436,2,att,2018-01-28 04:28:33,2024-11-19 16:42:32
86b12253-7d3b-46d9-8cb7-4a91be929fec,+17148337611,ACT76008576,Karen,Martin,karen.martin789@gmail.com,2002-10-23,MA,BUSINESS_50,2024-07-23 22:10:22,tablet,945520480021349,4G,1,2022-06-08 08:18:36,,,cash,393.84,360,4,,2022-03-23 00:23:31,2022-08-27 03:29:07
2fe8ad4a-5310-4506-a0ea-8119eb56956b,+15822725242,ACT43762170,John,Davis,john.davis971@gmail.com,1975-05-13,VA,POSTPAID_PRO,2021-05-02 04:16:51,hotspot,,5G_NSA,1,2019-06-09 00:14:16,,,auto_pay,45.32,630,4,porting_unknown,2019-04-11 14:26:20,2022-03-29 19:39:15
637999f6-0679-442f-9a8f-d46d3c70542c,+17262610917,ACT44835257,Linda,Williams,linda.williams19@gmail.com,1985-01-27,OH,PREPAID_BASIC,2024-04-01 01:07:54,tablet,179608441324971,WiFi_calling,1,2023-04-15 13:31:16,,,cash,144.48,666,6,cricket,2022-12-04 17:55:40,2024-10-13 18:17:08
a8d029a7-b3ff-44c1-8b55-8331e2562b50,+13782277921,ACT71063533,Jessica,Jones,jessica.jones74@gmail.com,1981-01-23,NY,FAMILY_PLAN,2021-08-12 18:54:08,tablet,793628557460525,WiFi_calling,1,2021-03-03 02:33:12,,,debit_card,233.16,573,2,,2018-01-14 12:34:35,2022-02-27 12:19:08
51aabd12-570a-464e-b205-6a30f3642e64,+15178585776,ACT30688983,John,Wilson,john.wilson55@gmail.com,1967-09-06,MA,POSTPAID_PRO,2022-07-01 15:58:40,smartwatch,,5G,1,2019-04-12 05:51:36,,,bank_transfer,224.57,386,3,tmobile,2018-11-27 16:05:57,2023-03-30 14:32:35
52ccc0d5-f114-425b-b898-e18d7595aa74,+16201834029,ACT36920407,Thomas,Rodriguez,thomas.rodriguez899@gmail.com,1961-11-18,WA,POSTPAID_ELITE,2021-06-04 21:54:44,smartwatch,,5G,0,2020-11-03 17:33:02,2023-03-15 01:30:42,deceased,check,351.54,498,5,,2020-01-14 21:59:44,2022-10-15 01:45:30
b545acb3-304d-48d0-b3d5-52f1167e03eb,+13127251342,ACT89867630,Susan,Jackson,susan.jackson621@gmail.com,1951-09-14,CO,PREPAID_UNLIMITED,2020-05-17 13:43:44,smartwatch,,3G,0,2020-04-14 00:23:42,2024-03-03 14:05:29,service_quality,cash,51.93,654,3,tmobile,2018-08-27 23:23:46,2023-08-23 21:35:52
d1a2331d-2435-4148-b5bb-b88c0e4a4ebf,+18219760044,ACT49345173,Patricia,Hernandez,patricia.hernandez619@gmail.com,1966-11-10,NJ,BUSINESS_50,2023-02-11 01:55:06,hotspot,,5G,0,2021-07-28 11:07:46,2023-03-20 12:36:17,,voucher,410.93,585,2,,2020-11-11 07:18:10,2022-06-27 13:44:03
fc4f7b93-4d92-458e-acf2-f5879c584ce2,+14342249049,ACT45151172,Patricia,Davis,patricia.davis92@gmail.com,1961-02-21,AZ,PREPAID_BASIC,2020-08-12 07:39:54,feature_phone,116276263205483,3G,1,2020-05-15 22:01:01,,,auto_pay,346.59,644,4,verizon,2019-07-29 16:04:45,2022-06-05 11:56:03
a2108540-6e79-4e1c-bee3-1d6e8cff3a75,+14708416730,ACT47307837,Patricia,Lopez,,1971-07-15,IL,FAMILY_PLAN,2024-04-21 07:54:37,tablet,265753457252460,4G,1,2022-04-04 21:38:51,,,check,104.96,849,6,,2020-02-22 23:29:40,2022-10-13 05:03:30
284443e8-e2f7-471d-bf3b-d29171325a45,+17127799906,ACT35139348,Robert,Rodriguez,robert.rodriguez848@gmail.com,1977-05-11,OH,POSTPAID_STARTER,2021-07-06 21:42:12,hotspot,,4G,1,2020-12-16 09:33:52,,,auto_pay,434.94,604,2,sprint,2020-10-05 14:28:39,2020-12-23 20:01:21
e3971efc-da6c-4b3e-8e2f-34be7e9d33a0,+13871081043,ACT70266258,Linda,Taylor,linda.taylor939@gmail.com,1965-07-03,FL,BUSINESS_UNLIMITED,2024-11-30 02:26:43,smartphone,943354308975642,3G,1,2019-11-26 15:30:48,,,debit_card,314.1,623,4,,2019-04-11 13:58:43,2020-12-29 20:50:36
e03ee293-a131-483d-b6a1-6891ed7a09e2,+14737202004,ACT14514669,William,Rodriguez,william.rodriguez602@gmail.com,1958-04-19,OH,BUSINESS_50,2021-07-21 14:26:19,smartwatch,,4G,0,2020-12-18 06:33:12,2023-08-30 07:07:14,,auto_pay,394.98,356,4,cricket,2019-11-28 16:52:47,2023-03-16 02:19:50
96024851-f57d-48b5-a70b-34284741ee8d,+16010481080,ACT95513949,John,Garcia,john.garcia396@gmail.com,2003-05-06,NC,BUSINESS_50,2024-02-19 13:56:14,tablet,650653207959447,5G_NSA,0,2020-06-17 08:29:06,2024-11-01 05:54:30,price_sensitivity,credit_card,277.98,692,3,,2018-12-08 16:29:03,2020-10-23 01:01:55
539e6789-b3ca-4dc8-a3e3-7a32adee2a63,+13174281096,ACT68026195,David,Brown,david.brown957@gmail.com,1969-11-25,WA,POSTPAID_ELITE,2023-07-03 00:00:00,smartwatch,,WiFi_calling,1,2023-02-14 05:48:31,,,debit_card,398.88,450,5,,2022-06-12 10:38:20,2023-05-17 02:37:16
fb1a2362-5f2d-4ebf-b8ed-2354ebd80114,+16324048445,ACT29671322,Joseph,Lopez,joseph.lopez697@gmail.com,1951-12-12,VA,PREPAID_UNLIMITED,2021-05-23 13:42:14,tablet,283659553727162,5G,1,2020-08-04 13:42:02,,,debit_card,322.48,713,1,,2020-06-22 15:09:51,2023-07-05 07:30:44
0c65cb99-47c6-4629-bcc0-5f507e6f66f3,+15245538245,ACT43332740,Mary,Smith,mary.smith949@gmail.com,1994-06-05,OH,BUSINESS_UNLIMITED,2022-07-18 23:58:32,feature_phone,528930659126525,4G,0,2019-06-14 19:41:22,2024-02-15 04:13:53,,bank_transfer,311.5,406,3,att,2019-03-05 20:08:24,2022-11-27 11:56:46
484f4bad-76f4-4a00-a1a7-80d5f9e72a74,+16155316851,ACT18719165,William,Brown,william.brown159@gmail.com,1978-03-17,MA,PREPAID_UNLIMITED,2021-01-23 19:00:43,smartphone,104350346072910,3G,1,2020-02-12 22:09:41,,,auto_pay,361.54,326,6,,2020-01-03 10:31:57,2022-07-23 09:31:00
e7f46700-f936-44e9-9a61-2ac7020689d6,+19508161313,ACT37013781,Susan,Garcia,susan.garcia351@gmail.com,1980-04-25,MA,PREPAID_UNLIMITED,2022-12-28 00:02:58,hotspot,,5G_NSA,1,2022-04-17 06:09:44,,,debit_card,340.19,673,6,boost,2019-12-31 05:23:50,2023-08-21 08:04:31
195ddf3c-a516-4fe7-9690-9cbffda6bce5,+12574869969,ACT71622262,Linda,Jackson,linda.jackson827@gmail.com,1989-04-10,NJ,BUSINESS_UNLIMITED,2022-01-13 19:15:35,smartwatch,,WiFi_calling,1,2020-10-16 15:11:06,,,check,325.09,391,5,,2020-05-23 05:59:12,2021-12-01 19:38:04
f1efcb89-a9a2-4fdc-857e-2533f8b0c2cd,+16832740097,ACT56236799,Mary,Martinez,mary.martinez77@gmail.com,1955-01-07,VA,BUSINESS_50,2021-11-24 21:41:54,smartphone,710937234283717,5G,1,2019-03-03 07:42:59,,,auto_pay,359.8,571,4,,2019-02-26 09:49:03,2020-08-22 20:27:44
c036429f-0eb2-4ee6-8464-d70a009c6023,+17763239091,ACT96404229,Joseph,Thomas,joseph.thomas946@gmail.com,2003-09-05,OH,BUSINESS_UNLIMITED,2024-09-22 02:58:53,feature_phone,274605399964964,LTE,1,2022-05-10 03:20:33,,,credit_card,275.88,405,6,,2019-04-17 17:35:15,2022-07-23 21:57:05
75ba55b2-b76a-4e11-9296-fcb21c67532b,+14271294327,ACT39398759,Joseph,Brown,joseph.brown69@gmail.com,2003-07-07,VA,PREPAID_BASIC,2024-02-17 20:34:42,smartwatch,,3G,1,2022-05-21 12:01:00,,,auto_pay,443.39,806,6,cricket,2020-09-09 08:01:08,2024-12-19 17:25:56
47bd61dd-eb97-4da5-9b88-dadf9daa8dd5,+13501090218,ACT97872384,Richard,Taylor,,1952-12-18,CA,POSTPAID_ELITE,2020-07-20 06:41:32,smartwatch,,4G,1,2019-12-12 08:06:41,,,auto_pay,85.6,,1,,2019-04-29 00:50:55,2024-04-01 21:21:41
367f2d72-1c04-492a-a00b-28d0a9b861af,+16135266619,ACT64447570,Mary,Johnson,mary.johnson934@gmail.com,1957-04-08,IL,POSTPAID_ELITE,2020-08-03 18:22:05,smartphone,178299176119480,4G,1,2020-06-16 01:54:54,,,check,103.31,694,3,,2019-09-30 12:57:04,2021-09-30 05:59:13
ad6885e2-a94a-4240-9c14-8bb985522cf5,+16701015724,ACT74213521,Mary,Williams,mary.williams307@gmail.com,1953-03-14,VA,PREPAID_BASIC,2024-07-13 08:45:30,smartphone,558942342025366,WiFi_calling,0,2023-05-22 14:12:52,2024-10-12 09:59:46,service_quality,check,237.33,496,3,,2022-05-24 06:18:57,2024-08-23 10:36:04
1d39d1c2-edc9-4d9b-856d-bcccd3962879,+15711073225,ACT17255179,Patricia,Martin,,1965-10-14,MA,POSTPAID_STARTER,2023-12-07 04:49:52,smartwatch,,4G,1,2022-06-01 20:16:17,,,bank_transfer,410.39,415,4,,2021-09-27 19:09:05,2023-10-11 23:45:52
c3cbf458-6ae2-4b47-9b07-ed5483e6dca2,+16124201093,ACT62531171,Patricia,Johnson,patricia.johnson555@gmail.com,1953-12-18,TX,BUSINESS_50,2023-01-23 18:03:27,smartwatch,,5G_NSA,1,2021-07-12 04:45:12,,,bank_transfer,333.45,368,4,,2018-05-05 11:33:37,2023-11-30 07:56:43
098a407d-a93c-498e-882a-7e4bc23a8eab,+13479738454,ACT49806226,John,Martinez,john.martinez441@gmail.com,1967-11-17,WA,FAMILY_PLAN,2020-05-03 11:49:53,feature_phone,931015647645199,5G_NSA,1,2019-07-10 16:24:29,,,credit_card,129.97,365,5,cricket,2019-01-08 17:07:03,2021-03-03 18:14:58
f7acb9f4-c7fb-4607-b99c-66016e0d5217,+17886730265,ACT35531157,Linda,Williams,linda.williams305@gmail.com,1952-12-18,CA,POSTPAID_ELITE,2023-01-11 10:28:20,smartphone,157009407128168,4G,1,2022-02-07 06:47:47,,,check,139.1,546,6,cricket,2021-02-27 18:24:24,2022-10-13 20:37:17
490b6213-e365-47e1-8872-995a3b0044c6,+12693353666,ACT35169081,Lisa,Martin,lisa.martin802@gmail.com,2003-08-22,FL,FAMILY_PLAN,2020-11-05 21:29:27,tablet,868588139639403,4G,0,2019-11-16 22:13:14,2023-02-14 15:07:01,price_sensitivity,bank_transfer,363.08,809,5,sprint,2018-08-03 17:00:22,2021-12-21 20:19:16
fdac022e-a55c-4ca8-b131-13160effb175,+16390820987,ACT45917885,Karen,Hernandez,karen.hernandez222@gmail.com,2004-07-01,NC,PREPAID_UNLIMITED,2021-02-03 23:05:44,feature_phone,884018030731706,4G,1,2020-01-11 05:06:27,,,voucher,103.08,778,4,,2018-02-02 05:43:12,2021-06-10 21:54:10
cb632207-5792-451e-876a-f0ba0407b352,+13437672923,ACT50240674,Patricia,Smith,patricia.smith666@gmail.com,1991-01-25,CO,POSTPAID_ELITE,2023-07-22 10:00:55,feature_phone,235959316530615,4G,1,2022-10-07 18:52:23,,,debit_card,291.01,605,4,boost,2021-09-06 19:33:18,2023-04-11 22:08:14
6186b9ba-b727-49f5-9ac5-b2d0ddba564c,+17312636997,ACT62998489,Joseph,Martin,,2004-07-03,VA,POSTPAID_PRO,2023-07-16 02:06:07,smartwatch,,WiFi_calling,1,2019-01-01 00:19:17,,,debit_card,40.76,532,3,verizon,2018-03-14 09:37:40,2022-04-18 16:12:35
887cedb7-e47e-4a02-849e-72be2ed59dfc,+17356301286,ACT83292430,Susan,Jackson,susan.jackson823@gmail.com,1959-04-17,GA,POSTPAID_PRO,2022-05-16 11:18:06,feature_phone,228528908839384,3G,1,2021-05-10 12:47:33,,,check,227.45,659,4,boost,2019-07-18 13:45:11,2023-10-20 19:31:05
10011cdc-1be7-4031-b209-5a2cb131be30,+18728010750,ACT97899514,Patricia,Martin,patricia.martin856@gmail.com,1970-01-22,NC,FAMILY_PLAN,2021-05-28 16:40:52,tablet,325557122737351,5G,1,2019-09-05 17:24:54,,,debit_card,107.63,547,4,porting_unknown,2019-03-14 18:42:34,2020-10-18 04:08:54
0c1a825f-772a-4ea1-91af-24acfba80306,+12258724299,ACT17655133,James,Garcia,james.garcia889@gmail.com,1994-08-12,MI,FAMILY_PLAN,2021-11-23 21:03:14,smartphone,768957618644862,5G_NSA,1,2020-03-03 02:10:03,,,cash,264.32,620,6,,2020-01-06 15:35:24,2024-02-18 18:39:38
c1813434-0521-4acd-91d6-0ac6cbae21b8,+18997495040,ACT67031360,Jessica,Gonzalez,,1968-06-02,FL,BUSINESS_50,2023-06-23 19:37:01,smartwatch,,5G,0,2023-05-01 20:48:50,2024-11-07 15:12:48,service_quality,bank_transfer,246.03,794,3,boost,2023-01-18 18:10:35,2024-02-25 21:42:05
1e58d445-5d3e-4699-810c-d2c676fd4457,+19465394624,ACT30217282,Thomas,Jones,thomas.jones486@gmail.com,1964-04-26,CO,PREPAID_BASIC,2021-06-26 20:24:17,hotspot,,5G_NSA,1,2019-06-25 12:58:07,,,bank_transfer,314.14,620,4,,2018-03-17 16:42:48,2023-10-07 20:59:06
1e58d445-5d3e-4699-810c-d2c676fd4457,+19465394624,ACT30217282,THOMAS,Jones,thomas.jones486@gmail.com,1964-04-26,CO,PREPAID_BASIC,2021-06-26 20:24:17,hotspot,,5G_NSA,1,2019-06-25 12:58:07,,,bank_transfer,314.14,620,4,,2018-03-17 16:42:48,2023-10-07 20:59:06
fe428418-df68-466f-a3c0-bc7063dfc09d,+19061764378,ACT67019505,Jessica,Miller,jessica.miller502@gmail.com,1969-01-17,MA,BUSINESS_50,2024-02-15 13:30:26,hotspot,,5G,1,2020-08-02 23:42:23,,,bank_transfer,205.05,848,1,,2020-01-15 12:41:20,2024-06-04 09:24:18
02d41c0a-4baf-4805-9d7c-3f217ada85e7,+18128114956,ACT97896059,Michael,Moore,michael.moore373@gmail.com,1968-02-17,MA,BUSINESS_50,2020-01-28 23:54:34,hotspot,,5G_NSA,1,2020-01-17 08:01:52,,,voucher,124.81,784,5,,2018-12-14 08:06:55,2021-05-27 17:38:35
6bda6631-bbc3-4b50-a07c-1085156b1fcf,+12840603567,ACT25853496,John,Jones,john.jones369@gmail.com,1972-07-19,NC,POSTPAID_STARTER,2022-09-06 07:20:24,smartphone,379938273842092,3G,0,2022-07-22 05:58:08,2024-10-07 14:21:21,competitor_offer,check,295.12,837,3,,2021-06-22 09:26:25,2023-06-20 02:42:27
36a65df3-5d7f-406b-8d74-a802d98c7287,+14232020471,ACT41634580,Charles,Davis,charles.davis128@gmail.com,1998-04-07,FL,FAMILY_PLAN,2020-09-04 06:48:44,hotspot,,5G,1,2019-04-28 18:26:06,,,bank_transfer,348.71,346,2,,2018-06-18 14:37:48,2020-03-14 10:08:25
fc406fa0-13e5-4e78-824d-5805ba42d481,+13013955373,ACT82746360,Barbara,Smith,barbara.smith100@gmail.com,1979-01-09,MI,BUSINESS_UNLIMITED,2020-06-03 13:17:32,hotspot,,5G,1,2020-03-25 13:49:17,,,debit_card,40.61,559,1,boost,2019-08-06 12:23:18,2022-10-31 04:50:44
06b67a97-b722-4ef9-b73d-154eaeaeabbd,+15034999183,ACT77405750,Thomas,Martin,thomas.martin985@gmail.com,1992-05-20,MA,POSTPAID_PRO,2021-06-18 04:09:49,hotspot,,3G,0,2020-01-28 07:00:59,2023-01-26 20:24:50,unknown,cash,35.56,442,3,porting_unknown,2018-10-27 12:48:12,2022-08-04 18:09:23
924539bc-a01a-491c-b2c0-2c6f280c9531,+15637151202,ACT16420469,Patricia,Miller,patricia.miller194@gmail.com,1975-02-03,NJ,POSTPAID_PRO,2021-09-23 02:28:53,smartphone,365302904136473,5G,1,2021-09-02 07:11:27,,,credit_card,321.91,538,4,,2019-01-08 04:44:36,2023-12-07 22:32:30
32725e1b-16ba-4cbc-b868-96a6e950136e,+14460478237,ACT16508882,Robert,Garcia,robert.garcia641@gmail.com,1973-06-10,NC,POSTPAID_STARTER,2023-05-30 14:29:00,tablet,128584170019453,5G_NSA,1,2020-03-23 21:34:28,,,auto_pay,432.58,833,4,tmobile,2019-12-08 00:09:05,2023-02-13 06:57:14
d38ceecd-79a4-417e-a3d6-00194e41b3bb,+19750659220,ACT16490649,James,Anderson,james.anderson44@gmail.com,1982-04-15,FL,POSTPAID_STARTER,2021-04-16 18:30:47,tablet,352259747148264,5G_NSA,1,2019-06-11 14:43:46,,,voucher,123.25,637,3,att,2019-05-14 23:30:01,2022-10-16 21:43:26
a0a8ccb0-99e8-46ce-939c-bdaf9268bbbe,+19994145149,ACT24159433,Linda,Gonzalez,linda.gonzalez107@gmail.com,1954-11-10,WA,POSTPAID_ELITE,2021-02-02 23:57:29,smartphone,252413145806134,4G,0,2020-08-30 17:48:32,2021-02-09 10:06:13,coverage_issue,voucher,340.42,815,6,,2019-10-25 11:44:02,2020-11-30 17:30:42
114aca75-7aae-4be9-9794-8ba8b2151fc4,+15796219108,ACT35061196,Robert,Martinez,robert.martinez804@gmail.com,1966-03-27,CA,PREPAID_UNLIMITED,2021-08-01 08:21:42,feature_phone,362410621615273,3G,1,2019-01-27 16:26:10,,,credit_card,413.94,704,4,verizon,2018-06-09 13:34:18,2024-02-20 06:42:37
89667b96-ca34-4e1d-b8ce-b43319493e7b,+15290464941,ACT57273243,Michael,Taylor,michael.taylor760@gmail.com,1957-05-21,AZ,POSTPAID_STARTER,2022-06-08 17:52:24,tablet,288861686421691,LTE,0,2019-03-19 14:43:19,2024-09-28 23:27:27,coverage_issue,auto_pay,134.8,802,5,,2018-10-10 04:16:23,2021-01-08 12:38:06
d6444829-712d-44db-93a1-abe2269e87e1,+13526856916,ACT81929923,Patricia,Anderson,,1995-03-04,TX,PREPAID_BASIC,2020-01-28 02:35:57,feature_phone,298106942188063,4G,1,2019-11-10 18:21:12,,,debit_card,403.49,309,3,boost,2019-10-24 11:15:50,2021-01-09 08:53:36
8bbfb1e7-5d4a-442e-86d0-b0bc1767b9b9,+12081789080,ACT24469743,William,Gonzalez,william.gonzalez533@gmail.com,1952-07-15,GA,PREPAID_UNLIMITED,2024-04-12 13:06:11,tablet,671979535261554,3G,1,2021-05-17 12:46:39,,,debit_card,430.2,716,5,,2021-04-13 19:56:13,2023-04-15 23:04:06
d9103571-e294-41d5-acfd-0fb0bc081967,+16466407227,ACT70361114,William,Johnson,william.johnson28@gmail.com,1950-05-04,WA,PREPAID_UNLIMITED,2024-09-11 17:49:24,smartphone,133534680868487,5G_NSA,1,2023-11-25 23:10:19,,,bank_transfer,171.12,397,5,,2021-10-19 05:07:43,2024-07-15 11:11:31
1116fc4d-08d5-4356-851f-599775fa9882,+19627784617,ACT87061209,Robert,Moore,robert.moore735@gmail.com,2000-07-24,NJ,POSTPAID_STARTER,2020-03-08 16:42:11,hotspot,,LTE,1,2019-01-29 06:07:12,,,check,364.24,430,2,tmobile,2018-02-07 05:06:06,2023-07-01 17:07:10
1116fc4d-08d5-4356-851f-599775fa9882,+19627784617,ACT87061209,ROBERT,Moore,robert.moore735@gmail.com,2000-07-24,NJ,POSTPAID_STARTER,2020-03-08 16:42:11,hotspot,,LTE,1,2019-01-29 06:07:12,,,check,364.24,430,2,tmobile,2018-02-07 05:06:06,2023-07-01 17:07:10
36e7bb73-3326-4525-b9a8-87e464e36200,+12239095796,ACT68090666,John,Jones,john.jones520@gmail.com,1979-03-03,MA,POSTPAID_ELITE,2022-07-27 16:08:23,hotspot,,WiFi_calling,1,2019-12-30 05:28:05,,,auto_pay,75.79,300,1,,2018-12-06 08:38:26,2021-05-06 03:48:56
f2490b6a-0403-4c04-83e1-48320ee49cd0,+18664360665,ACT63108618,Linda,Smith,linda.smith57@gmail.com,1998-09-15,AZ,POSTPAID_PRO,2022-06-17 17:13:14,smartphone,360978720634424,5G_NSA,0,2021-07-15 15:23:53,2022-08-12 10:00:49,coverage_issue,bank_transfer,226.28,590,5,tmobile,2021-04-01 03:31:18,2022-04-09 13:26:45
521addc2-bf64-4156-9593-4ad36c8f4baa,+17533401508,ACT79340212,Jessica,Williams,jessica.williams129@gmail.com,1958-08-22,MA,POSTPAID_ELITE,2022-01-14 16:40:13,hotspot,,4G,1,2019-06-01 04:15:21,,,cash,337.52,356,4,sprint,2019-01-08 01:04:34,2021-11-24 23:14:59
8dcc5c02-84b6-4806-a87f-bc065c794a20,+14269975936,ACT32838864,Karen,Brown,karen.brown926@gmail.com,1968-12-07,MA,PREPAID_UNLIMITED,2022-07-23 18:47:10,tablet,276209156723015,LTE,1,2020-06-23 20:22:45,,,voucher,431.23,386,4,,2019-04-02 07:17:40,2024-03-27 16:26:32
c9f27532-a057-47e8-89da-69d82e4eb4cb,+16595273640,ACT73522313,Robert,Martinez,robert.martinez212@gmail.com,2004-07-01,FL,FAMILY_PLAN,2023-09-10 23:04:12,smartphone,783185839913864,5G,1,2020-01-24 12:53:29,,,check,442.61,776,3,boost,2018-10-25 20:33:32,2021-04-04 05:27:46
60a755fb-8945-4a6f-9454-6579aae42732,+19842611963,ACT89311322,James,Johnson,james.johnson903@gmail.com,1991-04-26,TX,BUSINESS_UNLIMITED,2023-06-11 07:23:50,smartwatch,,LTE,1,2022-04-15 08:59:04,,,check,195.29,600,4,,2021-03-15 12:29:05,2023-06-06 17:13:41
1e8d0bee-b8ad-4ed8-8a85-b5263d21f2f3,+15999726470,ACT60436075,Jessica,Garcia,jessica.garcia706@gmail.com,1998-11-28,OH,POSTPAID_PRO,2023-01-08 21:50:45,tablet,153782702803757,WiFi_calling,1,2020-10-25 05:17:11,,,check,417.3,587,1,verizon,2018-11-14 09:30:22,2021-06-24 01:40:55
8c4e9b22-276b-4def-b311-7f49ab07225c,+16746799583,ACT39364671,Karen,Rodriguez,karen.rodriguez191@gmail.com,1980-02-11,VA,BUSINESS_50,2021-04-27 10:44:40,smartwatch,,WiFi_calling,0,2021-03-21 14:37:36,2022-04-15 18:10:00,service_quality,auto_pay,138.57,448,5,,2018-02-01 10:40:56,2021-12-30 18:45:40
66a17aa7-1a3e-4660-a215-3f36d23c1f20,+14906132124,ACT79303237,Mary,Lopez,mary.lopez788@gmail.com,1989-04-17,IL,BUSINESS_UNLIMITED,2022-07-19 20:20:08,hotspot,,WiFi_calling,1,2021-07-30 22:17:51,,,voucher,286.75,555,4,,2019-11-07 20:24:53,2023-08-16 01:58:46
dfeef4b4-9ea3-4530-846e-5ca7b1a452ee,+16859726621,ACT83681305,Mary,Johnson,mary.johnson173@gmail.com,1965-04-10,MI,FAMILY_PLAN,2022-02-14 07:34:20,smartphone,437946474427619,5G,1,2019-06-16 13:21:45,,,credit_card,91.28,739,4,sprint,2018-09-09 17:27:46,2021-08-12 01:38:18
8efc3e0c-c06c-409a-af08-f3b0eac38eb4,+16500005147,ACT22152742,Mary,Taylor,mary.taylor399@gmail.com,1966-02-01,CA,POSTPAID_STARTER,2023-11-12 16:06:10,feature_phone,628939365656875,4G,1,2023-06-30 14:32:09,,,debit_card,412.1,644,2,porting_unknown,2020-10-20 17:54:51,2024-04-29 07:50:19
da212561-e6c5-4ed8-931b-2b24fdde4b8c,+15319707895,ACT39085671,Lisa,Brown,lisa.brown645@gmail.com,2002-07-03,MI,FAMILY_PLAN,2024-02-15 23:22:47,hotspot,,4G,0,2020-03-04 22:34:11,2024-02-29 03:09:08,,cash,445.03,754,2,,2019-04-04 11:01:31,2021-04-15 14:26:20
df9ebe91-b55f-44e2-a73c-b282f9b37ba8,+16903320596,ACT48606227,Lisa,Smith,lisa.smith990@gmail.com,1966-11-19,AZ,POSTPAID_STARTER,2021-02-07 17:05:57,hotspot,,WiFi_calling,0,2019-03-03 12:43:36,2022-01-05 21:44:38,deceased,credit_card,240.97,315,6,sprint,2018-01-08 02:22:25,2024-01-17 16:52:24
1f51c6bd-482a-47ff-81ca-ce14a4b5bacb,+12974611531,ACT14338318,Jessica,Rodriguez,jessica.rodriguez716@gmail.com,1976-11-04,GA,POSTPAID_ELITE,2023-08-14 06:46:22,hotspot,,3G,1,2023-03-09 23:46:15,,,credit_card,371.96,,1,,2018-10-22 08:03:29,2023-04-06 22:28:32
2e1e7b8f-5851-4777-8533-bdaf98d4c1a4,+14029926435,ACT90683450,Lisa,Smith,lisa.smith459@gmail.com,1989-11-22,AZ,PREPAID_UNLIMITED,2024-10-05 11:53:15,tablet,601857993039038,LTE,1,2023-08-31 00:31:35,,,debit_card,316.7,649,1,verizon,2019-12-10 00:45:07,2024-06-26 18:58:53
05cb6546-05b4-430a-a9f8-2fd52aea4ee1,+12021576017,ACT90965961,John,Wilson,john.wilson692@gmail.com,1961-06-22,FL,PREPAID_BASIC,2020-03-30 14:35:51,smartphone,170948888979774,5G,1,2019-08-08 10:40:21,,,check,390.54,672,5,,2018-06-15 14:53:58,2023-12-21 19:19:27
e4e6ae58-b975-4fdb-93bd-aa734b3b9ffc,+12943616416,ACT58050954,Linda,Smith,linda.smith392@gmail.com,1974-09-27,IL,BUSINESS_50,2023-05-04 19:56:14,feature_phone,775917096226651,5G,1,2021-05-18 15:33:42,,,cash,373.41,729,1,porting_unknown,2019-04-19 20:22:17,2023-10-28 00:21:17
af67c398-416c-4871-bb24-6ba0dabe5b2d,+13454429428,ACT44217103,Mary,Miller,mary.miller847@gmail.com,1959-09-13,TX,FAMILY_PLAN,2020-05-25 15:03:47,smartwatch,,WiFi_calling,1,2019-07-01 12:38:30,,,auto_pay,57.05,411,1,,2019-04-20 07:38:00,2022-05-16 03:58:59
06618acf-f937-4672-bd81-16bf76b0d1de,+12690831947,ACT83148809,Charles,Rodriguez,charles.rodriguez5@gmail.com,1996-01-06,FL,PREPAID_BASIC,2022-03-12 07:24:27,feature_phone,231581221111996,3G,1,2019-09-15 22:05:56,,,voucher,169.59,308,5,verizon,2018-12-29 00:31:51,2024-10-26 01:58:27
854ab61a-3a55-431f-91de-af1215a62ab1,+14405440819,ACT73689920,James,Jackson,james.jackson486@gmail.com,1963-09-10,MA,BUSINESS_50,2022-05-04 15:13:39,feature_phone,564664003423161,3G,1,2019-06-06 13:09:01,,,bank_transfer,129.08,806,2,verizon,2018-03-26 17:34:56,2024-09-05 10:49:31
65089650-b79e-4d3d-9e98-8740b3a00859,+17968944637,ACT35304773,James,Smith,james.smith233@gmail.com,1974-06-28,MI,PREPAID_UNLIMITED,2024-12-11 09:51:55,feature_phone,878922019001730,4G,1,2023-12-19 14:43:59,,,bank_transfer,296.12,586,3,porting_unknown,2022-02-24 11:56:25,2024-10-06 18:14:07
cf8b21dc-ed04-4954-812a-637aa1252fd7,+17341173874,ACT43562758,David,Martin,david.martin500@gmail.com,1950-05-03,WA,PREPAID_BASIC,2023-01-10 19:20:41,smartphone,676871653137092,4G,1,2021-06-14 01:53:16,,,auto_pay,151.55,644,3,verizon,2019-11-23 03:49:20,2022-08-12 07:08:49
75d9be6d-fb27-484f-9fa8-820f38055a54,+15594534461,ACT69522231,William,Wilson,william.wilson45@gmail.com,2002-11-25,MA,POSTPAID_STARTER,2020-11-03 12:04:38,hotspot,,LTE,1,2020-05-20 03:21:31,,,auto_pay,47.42,672,4,tmobile,2020-04-02 16:25:22,2023-09-25 03:36:15
a060de40-0ac1-4407-9657-76856a8d1318,+18295289524,ACT90653901,Karen,Miller,karen.miller497@gmail.com,1954-06-20,TX,PREPAID_BASIC,2023-12-14 20:23:44,smartphone,402343014539008,5G,1,2020-01-30 00:24:48,,,debit_card,341.78,563,5,,2018-12-26 21:06:26,2024-05-11 13:01:47
b2da643a-3cee-409b-a9d8-98b5731196dc,+13224481315,ACT88954235,Linda,Williams,linda.williams944@gmail.com,1954-05-19,CA,BUSINESS_50,2020-05-06 16:34:41,smartphone,947981439203735,LTE,1,2019-12-22 23:48:27,,,bank_transfer,321.19,569,5,,2019-01-10 03:46:34,2020-06-10 04:32:02
b2da643a-3cee-409b-a9d8-98b5731196dc,+13224481315,ACT88954235,LINDA,Williams,linda.williams944@gmail.com,1954-05-19,CA,BUSINESS_50,2020-05-06 16:34:41,smartphone,947981439203735,LTE,1,2019-12-22 23:48:27,,,bank_transfer,321.19,569,5,,2019-01-10 03:46:34,2020-06-10 04:32:02
4c764df8-3e6b-4664-aab4-6b85475e7ac6,+19472576744,ACT59116662,Jennifer,Martinez,jennifer.martinez642@gmail.com,1958-01-05,GA,POSTPAID_STARTER,2022-07-26 06:32:49,hotspot,,5G,1,2020-10-28 01:45:28,,,cash,202.4,582,3,,2018-12-05 20:36:28,2022-04-27 07:32:39
21249d3f-c9d0-4899-bfcb-5da2c17af1a0,+18470240364,ACT90895621,Jennifer,Johnson,jennifer.johnson711@gmail.com,1956-05-23,MI,PREPAID_UNLIMITED,2024-10-05 21:37:39,smartwatch,,5G_NSA,1,2023-08-26 20:10:51,,,auto_pay,291.78,802,1,,2020-08-01 03:39:54,2024-08-24 17:46:11
21249d3f-c9d0-4899-bfcb-5da2c17af1a0,+18470240364,ACT90895621,JENNIFER,Johnson,jennifer.johnson711@gmail.com,1956-05-23,MI,PREPAID_UNLIMITED,2024-10-05 21:37:39,smartwatch,,5G_NSA,1,2023-08-26 20:10:51,,,auto_pay,291.78,802,1,,2020-08-01 03:39:54,2024-08-24 17:46:11
007c5fe4-535c-41bf-88cd-0123d9e5bfec,+14091444651,ACT51596929,James,Hernandez,james.hernandez289@gmail.com,1960-06-18,CO,POSTPAID_STARTER,2021-08-28 07:00:15,feature_phone,557302041391496,5G_NSA,1,2020-02-16 05:50:34,,,check,138.59,786,4,cricket,2019-07-08 19:54:47,2022-11-19 10:29:30
18b49daa-f2e4-443b-825f-96ad93c0e6bb,+16202505006,ACT31199103,Barbara,Davis,barbara.davis981@gmail.com,1952-05-16,CA,POSTPAID_PRO,2021-02-23 04:52:28,hotspot,,5G_NSA,1,2019-05-04 04:56:53,,,debit_card,69.95,488,2,,2018-06-10 18:49:11,2023-02-10 03:49:44
e6e12810-f9af-49a6-b06f-27bdc12c44f5,+14220978451,ACT30250473,Thomas,Martinez,thomas.martinez659@gmail.com,1978-09-12,CA,BUSINESS_50,2023-08-19 01:27:14,feature_phone,706206543079854,LTE,0,2019-04-22 20:18:22,2024-11-15 22:16:49,unknown,bank_transfer,24.7,806,3,,2018-01-02 03:20:26,2023-01-20 23:08:02
e28e6661-5579-4ef2-900b-3c9a56521853,+16568841331,ACT90529818,Susan,Wilson,susan.wilson923@gmail.com,1952-09-06,AZ,PREPAID_BASIC,2023-04-28 10:48:27,hotspot,,5G,1,2019-06-30 18:06:56,,,credit_card,317.89,529,2,porting_unknown,2018-06-11 17:36:29,2023-09-15 03:33:33
526a6be4-39aa-45de-87d5-18799da06f07,+17179065071,ACT41878946,David,Garcia,david.garcia124@gmail.com,1965-03-02,CO,PREPAID_UNLIMITED,2022-07-28 12:49:19,tablet,383934928232791,WiFi_calling,1,2021-09-18 07:46:34,,,bank_transfer,344.92,475,1,,2021-05-09 13:51:56,2023-06-19 02:03:08
52d68fce-acb2-4a6c-893c-083f03cd3e82,+14800529998,ACT33386726,James,Wilson,,2003-08-04,NJ,POSTPAID_ELITE,2020-06-08 08:54:20,smartwatch,,5G_NSA,1,2020-02-16 16:25:15,,,voucher,97.52,334,3,,2018-07-01 19:28:29,2023-12-19 03:35:04
258859b6-2fe7-4976-aef5-765d11751bb2,+17795080348,ACT44428650,Thomas,Jackson,,1975-03-08,IL,BUSINESS_UNLIMITED,2021-09-26 02:10:04,feature_phone,186738203234068,4G,1,2020-10-10 16:24:03,,,voucher,273.95,323,5,,2020-05-15 18:07:26,2023-10-06 21:30:02
1db715e0-22ae-4680-b1c3-48ab279f4742,+13564323854,ACT55729450,Thomas,Martinez,thomas.martinez456@gmail.com,1967-07-06,FL,PREPAID_UNLIMITED,2023-12-17 03:36:33,hotspot,,WiFi_calling,1,2021-07-17 15:46:48,,,credit_card,227.26,531,3,tmobile,2019-06-13 20:18:51,2024-06-17 03:55:05
644f4201-59ca-455f-9143-89c417fbbfe2,+19901831218,ACT66751289,William,Martin,william.martin138@gmail.com,1973-05-24,OH,PREPAID_UNLIMITED,2023-06-12 02:36:19,tablet,700627807294473,LTE,1,2019-08-06 04:19:03,,,bank_transfer,443.68,330,5,,2018-01-27 09:44:03,2023-01-15 10:22:30
6aff89d5-81c0-410c-bca9-11dceb801982,+14074624349,ACT51690647,Charles,Williams,charles.williams795@gmail.com,1999-08-23,IL,POSTPAID_PRO,2024-06-01 11:26:42,feature_phone,591991270939501,4G,1,2020-11-17 05:03:01,,,auto_pay,106.8,461,5,sprint,2019-12-14 16:31:52,2021-10-11 16:58:57
0f514706-f358-430a-baa0-560bad288136,+18797691367,ACT32114085,Karen,Thomas,karen.thomas321@gmail.com,2003-03-17,NC,POSTPAID_PRO,2022-10-04 14:05:07,feature_phone,257818695486800,5G,1,2021-07-14 02:49:46,,,bank_transfer,16.63,756,2,,2018-10-10 11:39:09,2022-01-16 00:55:07
25fc357a-89ef-4a93-8ae2-3dace5b72409,+13858686440,ACT32193300,James,Garcia,james.garcia571@gmail.com,1989-12-11,FL,FAMILY_PLAN,2023-01-01 10:35:20,tablet,409387532116575,5G,1,2019-09-12 15:49:58,,,debit_card,300.46,741,3,,2018-06-08 21:06:07,2021-03-17 13:57:44
2567994d-a76d-4dda-988d-51f28ae8ec6c,+15921974022,ACT20034423,Sarah,Jackson,sarah.jackson602@gmail.com,1953-05-05,IL,PREPAID_BASIC,2023-08-02 18:23:41,hotspot,,WiFi_calling,1,2023-04-10 08:23:11,,,cash,95.42,438,6,,2018-07-08 01:31:19,2024-08-26 08:37:12
f8612531-e12f-4af6-ae44-b7692199081b,+15158926789,ACT33868565,Mary,Brown,mary.brown637@gmail.com,1978-09-23,CA,PREPAID_UNLIMITED,2020-09-11 06:41:24,hotspot,,5G,0,2019-12-06 02:24:17,2021-12-26 06:48:07,relocation,debit_card,398.03,796,6,sprint,2018-04-17 00:44:37,2023-02-11 02:10:28
215c9897-7980-421b-9e07-d5488d5e23dc,+14142496334,ACT46270090,Richard,Gonzalez,richard.gonzalez127@gmail.com,1985-10-02,MA,BUSINESS_50,2021-04-15 11:22:16,hotspot,,WiFi_calling,1,2021-01-07 07:17:01,,,cash,163.32,601,4,,2018-08-06 15:42:51,2024-01-15 17:21:20
bedd9aa3-d9a2-46f0-95d0-f2435c98befd,+16647591728,ACT72584950,Michael,Smith,michael.smith853@gmail.com,1990-10-23,MA,POSTPAID_ELITE,2024-12-29 11:46:18,tablet,618798267590652,5G,1,2021-06-30 04:28:47,,,cash,106.65,796,5,,2019-06-21 09:41:08,2023-03-31 13:33:15
36fe7fd7-2d32-4eb0-b45d-ad7a54f9e0bb,+18703288897,ACT60681132,Sarah,Lopez,sarah.lopez901@gmail.com,1952-05-09,GA,POSTPAID_ELITE,2022-09-17 17:15:39,feature_phone,163948921906652,4G,1,2020-01-23 04:20:57,,,debit_card,148.62,371,6,,2019-11-08 18:49:53,2024-02-02 20:48:20
9c5cc4f2-067d-4fbc-b1ee-1b87c02e3c9d,+16261147530,ACT86154316,Jennifer,Lopez,jennifer.lopez297@gmail.com,1999-03-22,VA,POSTPAID_STARTER,2023-08-10 09:32:18,tablet,560195326892140,4G,1,2019-05-28 21:16:31,,,voucher,26.57,487,3,cricket,2018-04-05 02:50:24,2022-01-12 04:03:32
dc173425-7bdd-4f02-bc01-5311e7a1bb33,+13082320512,ACT70986907,Mary,Thomas,mary.thomas290@gmail.com,1960-11-22,IL,POSTPAID_STARTER,2020-08-09 19:58:50,smartwatch,,5G,1,2019-01-07 19:39:32,,,check,391.32,636,6,sprint,2018-01-30 23:33:33,2023-12-09 21:07:12
8a14c712-bb0a-4f53-b084-69dc8b6297c2,+13498532187,ACT89950571,Robert,Johnson,robert.johnson261@gmail.com,1971-03-02,WA,POSTPAID_STARTER,2020-01-08 06:06:23,hotspot,,3G,1,2019-03-08 22:03:25,,,bank_transfer,304.55,762,1,,2018-12-15 20:47:04,2023-07-03 14:30:14
1e9b7fbc-7359-4c1e-9418-051bfcc4cdc4,+19014563034,ACT91359884,Michael,Moore,michael.moore557@gmail.com,1982-10-22,FL,BUSINESS_50,2020-01-04 05:05:50,feature_phone,641710655589611,WiFi_calling,1,2019-09-16 00:21:10,,,check,270.09,572,5,,2019-08-19 07:52:46,2019-10-15 18:42:15
f7119b12-059b-478a-9550-5122ff29e145,+16727688502,ACT90061483,Karen,Anderson,karen.anderson332@gmail.com,1950-10-22,TX,BUSINESS_50,2022-11-30 02:49:32,smartwatch,,4G,1,2019-03-24 13:47:34,,,voucher,207.6,501,5,verizon,2018-09-16 22:23:23,2019-08-08 21:30:42
bcab86ba-c626-4543-9a33-f94f0f0641c3,+12476391401,ACT14111287,David,Martinez,david.martinez522@gmail.com,1950-05-04,MI,PREPAID_UNLIMITED,2023-12-13 12:52:24,smartphone,113072149834669,5G,1,2020-09-11 00:54:08,,,check,434.21,785,3,,2020-07-12 13:10:48,2024-06-16 10:16:00
60de4fb9-0fc5-4629-8369-5ad0c2cc31d0,+13922497429,ACT77682239,Robert,Anderson,robert.anderson171@gmail.com,1977-02-21,MI,PREPAID_UNLIMITED,2024-11-01 03:28:53,tablet,907020542304898,5G_NSA,0,2021-05-25 00:44:12,2024-11-13 23:57:01,competitor_offer,debit_card,286.74,343,6,porting_unknown,2018-10-18 16:21:40,2022-01-10 11:38:46
60de4fb9-0fc5-4629-8369-5ad0c2cc31d0,+13922497429,ACT77682239,ROBERT,Anderson,robert.anderson171@gmail.com,1977-02-21,MI,PREPAID_UNLIMITED,2024-11-01 03:28:53,tablet,907020542304898,5G_NSA,0,2021-05-25 00:44:12,2024-11-13 23:57:01,competitor_offer,debit_card,286.74,343,6,porting_unknown,2018-10-18 16:21:40,2022-01-10 11:38:46
8d0459a9-b559-44eb-a657-2c1315545116,+17604523762,ACT27373484,Robert,Davis,robert.davis860@gmail.com,2000-11-19,GA,BUSINESS_50,2021-07-11 20:47:22,feature_phone,591813487964642,5G_NSA,1,2020-03-29 13:19:00,,,bank_transfer,164.83,587,1,porting_unknown,2019-05-02 04:05:06,2024-12-16 02:34:31
b5f0312f-3450-4484-bc5f-c09241257269,+13116367328,ACT44914431,Sarah,Rodriguez,sarah.rodriguez196@gmail.com,1951-09-14,CA,FAMILY_PLAN,2021-01-19 18:04:58,smartwatch,,5G_NSA,1,2020-03-13 07:43:24,,,voucher,113.48,339,5,,2019-04-22 23:15:58,2020-10-10 14:51:57
5fe94a53-4f47-4da3-89fb-1695e1766151,+19681366824,ACT60214554,Thomas,Rodriguez,thomas.rodriguez990@gmail.com,2001-03-23,NJ,PREPAID_BASIC,2021-05-12 18:49:47,hotspot,,4G,1,2019-01-18 11:55:14,,,check,39.02,323,3,tmobile,2018-10-21 23:14:55,2023-02-13 15:45:57
7afe768d-bdec-46d6-b071-858da8ead0b9,+18602136928,ACT86151282,William,Jones,william.jones122@gmail.com,1959-12-17,NC,POSTPAID_ELITE,2024-03-06 19:18:36,smartwatch,,5G,1,2022-10-07 20:01:52,,,bank_transfer,413.18,371,1,,2021-04-26 16:58:50,2023-05-23 04:29:38
9b33ed62-6843-4ef2-b423-352d9e2c5eb6,+16464692592,ACT40016952,Barbara,Davis,barbara.davis299@gmail.com,2001-02-09,MA,PREPAID_UNLIMITED,2021-03-14 00:40:49,tablet,958097930043803,5G_NSA,1,2021-01-16 03:40:18,,,debit_card,151.59,691,3,,2019-11-17 10:08:23,2021-05-02 04:04:31
44ac7726-e4ba-47da-8e3f-603af282c132,+16033420307,ACT11229906,Susan,Johnson,susan.johnson263@gmail.com,1993-02-03,GA,BUSINESS_50,2021-03-09 01:51:40,hotspot,,WiFi_calling,1,2020-07-03 03:05:10,,,bank_transfer,111.65,519,2,,2020-04-01 16:46:09,2020-08-20 06:46:43
a1866c88-3847-4507-9d66-cf0dae97c8e4,+14767604359,ACT83494270,William,Martinez,william.martinez218@gmail.com,1991-06-04,NC,FAMILY_PLAN,2023-05-16 02:31:25,tablet,110498354736479,5G,1,2022-01-26 09:34:40,,,check,151.33,548,1,,2020-05-03 11:02:21,2022-06-16 04:06:12
926cfa2c-ae31-47c5-af76-a872e60c1c93,+17306256616,ACT68933271,Jennifer,Moore,jennifer.moore26@gmail.com,1973-09-04,CO,PREPAID_BASIC,2023-10-24 12:36:53,smartphone,216790556355365,4G,1,2019-02-04 15:52:36,,,credit_card,322.31,618,4,sprint,2019-01-06 10:49:38,2019-05-16 09:30:45
2574bcae-c296-4978-b9aa-42b16f0cbd64,+19517268180,ACT80706307,Susan,Lopez,susan.lopez681@gmail.com,1950-04-04,OH,PREPAID_UNLIMITED,2020-04-15 15:54:27,hotspot,,5G,1,2019-10-04 17:58:36,,,bank_transfer,184.18,370,4,,2019-02-21 06:44:09,2023-12-06 15:24:57
4f70387a-9f9f-47ae-87aa-355c06b7cbc5,+18131884105,ACT23292438,Jessica,Rodriguez,jessica.rodriguez19@gmail.com,1996-12-11,CA,BUSINESS_50,2022-02-17 12:23:20,tablet,607007292403798,4G,1,2021-04-10 23:06:37,,,cash,414.76,526,4,,2019-09-11 16:43:08,2023-03-24 05:40:03
51740a1b-7736-4f77-8145-e58f21633ca7,+19414917284,ACT15482387,Karen,Smith,karen.smith560@gmail.com,1983-12-03,CA,POSTPAID_PRO,2021-04-13 18:53:26,smartwatch,,3G,0,2020-05-02 18:39:14,2022-06-02 11:51:10,relocation,auto_pay,288.05,,2,,2019-08-18 21:11:42,2022-04-17 16:04:52
08a7bd99-5d35-4b3e-9d25-8e6b7679d680,+16904831827,ACT13321498,Richard,Thomas,richard.thomas52@gmail.com,1978-01-13,CA,POSTPAID_STARTER,2022-07-21 12:36:48,smartphone,898307922917452,WiFi_calling,1,2020-01-14 19:47:00,,,credit_card,52.6,495,5,,2019-01-27 02:26:17,2024-12-09 12:39:28
cd2c680e-e2b2-4a86-8f86-5914fb5fb95d,+12402067367,ACT92599998,Karen,Smith,karen.smith791@gmail.com,1981-08-16,GA,PREPAID_UNLIMITED,2020-09-29 04:57:42,hotspot,,WiFi_calling,0,2020-07-03 10:17:12,2022-07-27 06:56:34,competitor_offer,voucher,53.42,361,1,,2018-03-27 14:15:40,2020-07-14 02:23:34
0c977092-db40-44e7-a212-8bcbdd944f7f,+18979229655,ACT48015887,Mary,Brown,mary.brown694@gmail.com,,NC,POSTPAID_ELITE,2022-05-13 09:45:25,tablet,287554303439561,5G_NSA,1,2021-10-17 23:54:05,,,check,242.59,487,4,,2020-07-24 05:21:29,2023-09-15 10:50:44
0a33d8a8-8119-43ec-9257-4410e048df2a,+14077170641,ACT41645251,Mary,Johnson,mary.johnson629@gmail.com,1969-04-09,GA,PREPAID_BASIC,2022-11-24 09:47:59,smartwatch,,5G_NSA,1,2019-12-26 23:49:11,,,check,438.37,785,2,,2018-04-06 10:54:00,2021-08-09 09:22:00
2aef305f-292b-4e2b-871b-75a4f6b11b49,+18011904422,ACT10863872,Robert,Thomas,robert.thomas105@gmail.com,1975-10-15,IL,BUSINESS_50,2020-09-11 23:49:19,smartwatch,,5G_NSA,1,2019-08-31 04:31:50,,,debit_card,136.87,719,2,,2019-07-08 21:20:37,2022-03-04 13:39:41
ee6c654e-ba37-418f-96fe-b7c4e8989c8f,+14027344197,ACT90617996,Jessica,Lopez,jessica.lopez790@gmail.com,2004-08-07,AZ,POSTPAID_ELITE,2024-06-23 02:42:37,hotspot,,WiFi_calling,1,2022-05-05 06:12:29,,,debit_card,147.75,687,6,,2019-01-07 08:12:15,2022-09-21 20:49:50
4a3f8fdc-07d2-4a11-ad55-4b1559aba905,+17272837800,ACT14714603,Michael,Jackson,michael.jackson992@gmail.com,1981-01-08,WA,PREPAID_UNLIMITED,2022-03-30 11:15:00,feature_phone,812772225776324,LTE,1,2020-01-14 06:28:23,,,credit_card,50.52,325,2,,2019-02-20 02:29:56,2021-03-30 08:41:11
ec613745-c8ec-4a2a-ac34-839b99fb8e33,+17249768230,ACT36004182,John,Wilson,john.wilson452@gmail.com,1951-10-14,CO,POSTPAID_ELITE,2024-06-20 01:32:22,smartphone,963849994559711,4G,1,2020-02-05 11:26:54,,,auto_pay,,325,5,,2018-02-18 07:15:06,2021-10-08 13:29:09
05895fda-a33d-49bb-a4e3-6ba24a6adb45,+15867411261,ACT83189128,Robert,Jones,robert.jones196@gmail.com,1952-09-27,NY,POSTPAID_PRO,2021-03-22 15:04:06,feature_phone,355609465679936,4G,1,2019-04-15 13:17:41,,,bank_transfer,329.82,841,6,cricket,2018-04-26 22:05:40,2023-04-12 01:02:48
f5a626cf-3678-48c3-85bb-967bd178fb46,+18323081048,ACT57030887,Charles,Brown,charles.brown277@gmail.com,1961-09-12,GA,POSTPAID_PRO,2021-09-10 01:10:23,smartphone,898799234824129,WiFi_calling,1,2020-08-07 10:59:29,,,check,374.23,310,5,,2020-05-07 05:57:15,2021-01-22 16:04:39
48486488-8a0e-4f50-9046-b458a01623bc,+12109781792,ACT41420375,Charles,Jackson,charles.jackson721@gmail.com,1981-06-25,AZ,PREPAID_UNLIMITED,2024-04-25 07:32:49,smartphone,199221890920858,WiFi_calling,1,2023-07-27 23:25:13,,,debit_card,139.95,323,6,,2022-05-20 10:04:11,2023-11-25 05:42:28
e1a0cc2b-4b1f-4b55-9594-ac1f33854269,+18788059955,ACT22769005,Lisa,Johnson,lisa.johnson453@gmail.com,1966-06-04,NY,BUSINESS_50,2022-05-17 02:32:22,tablet,877481867137040,LTE,1,2019-07-26 15:32:28,,,check,257.58,441,5,,2018-04-16 04:11:11,2023-10-04 14:28:27
d26aa422-fcb9-48a1-ac04-f095f06c35b7,+14319683454,ACT74544372,Karen,Moore,karen.moore693@gmail.com,1974-08-06,MA,PREPAID_UNLIMITED,2020-12-18 17:28:58,tablet,202184175359872,LTE,1,2020-07-19 20:51:32,,,check,24.53,473,2,,2018-03-18 07:42:33,2022-12-05 15:03:09
c9c59b30-c0ef-4f63-87b3-ae5073e7f61e,+15489843112,ACT87436684,Charles,Smith,charles.smith949@gmail.com,2002-04-04,TX,BUSINESS_50,2023-02-04 08:18:27,smartwatch,,3G,1,2021-07-11 20:05:32,,,check,318.41,719,5,,2019-06-24 07:15:00,2021-10-07 15:55:56
d203fed8-5ea3-494e-b200-a28da0c42577,+13548066257,ACT87366524,Lisa,Anderson,lisa.anderson994@gmail.com,1953-03-26,MI,POSTPAID_ELITE,2022-07-01 13:22:34,tablet,142145468355549,4G,1,2019-01-17 23:45:30,,,auto_pay,232.66,340,2,cricket,2018-06-09 16:02:16,2019-07-26 11:40:20
af95c51b-3db0-4f3b-9684-4ffe6bab2a83,+17361579650,ACT63006046,Joseph,Smith,joseph.smith40@gmail.com,1995-09-13,CA,POSTPAID_ELITE,2020-08-28 06:29:18,hotspot,,3G,1,2020-03-18 04:19:50,,,debit_card,130.76,529,5,tmobile,2019-08-30 05:29:03,2021-05-27 23:47:24
bca68a57-3fc2-434b-95b4-0b665a98e092,+13215778665,ACT36484312,Karen,Moore,,1980-09-26,CO,PREPAID_BASIC,2023-11-25 07:04:35,feature_phone,862705435364891,5G,0,2022-09-07 18:20:13,2024-05-25 10:44:46,deceased,cash,190.67,313,6,,2020-10-25 11:25:39,2023-06-16 04:30:13
fec51c06-a29c-4de2-87bd-2a8665dfffd8,+12470723461,ACT89049373,Robert,Hernandez,robert.hernandez700@gmail.com,1962-07-11,NY,PREPAID_UNLIMITED,2024-02-29 05:02:28,smartphone,489153939615684,3G,1,2019-07-07 06:35:58,,,debit_card,275.13,555,5,,2018-12-29 10:56:20,2020-09-24 03:27:06
65c7487a-bf94-486f-b40f-5077705d7120,+15717207925,ACT71650717,Lisa,Miller,lisa.miller819@gmail.com,1967-12-07,NC,POSTPAID_ELITE,2021-03-23 20:37:18,smartwatch,,3G,1,2019-03-19 08:44:13,,,auto_pay,,780,5,,2018-04-19 20:57:11,2020-11-27 17:19:40
4e0dc5f4-5684-477a-a537-9d97c30cc87d,+13610274627,ACT33250443,Karen,Garcia,karen.garcia964@gmail.com,1968-07-13,OH,PREPAID_BASIC,2022-02-20 03:07:55,hotspot,,5G,0,2019-06-03 02:31:08,2022-07-10 22:22:21,service_quality,voucher,307.74,545,6,,2018-11-26 02:42:13,2019-08-11 07:38:57
05767920-04be-4187-96be-5fd8f15ce43b,+15714666034,ACT40290076,Michael,Jackson,michael.jackson736@gmail.com,1994-11-23,NC,POSTPAID_STARTER,2023-01-30 10:13:39,hotspot,,5G_NSA,1,2020-08-24 18:01:15,,,auto_pay,371.93,847,5,verizon,2018-01-30 12:40:38,2022-05-01 22:39:28
84a0f605-67a8-480f-b926-b72ea3063f6a,+16273688221,ACT55334767,David,Jones,david.jones200@gmail.com,1977-06-11,VA,POSTPAID_ELITE,2022-06-08 13:00:59,hotspot,,5G,1,2020-05-11 13:27:49,,,credit_card,248.7,461,4,cricket,2020-01-19 19:50:15,2024-07-26 05:37:03
9663bf56-776b-4785-bf2d-087c7d0bb279,+18417424785,ACT96949616,Barbara,Lopez,barbara.lopez310@gmail.com,1992-01-24,IL,FAMILY_PLAN,2022-01-16 16:43:36,smartphone,140146253080914,5G,1,2021-01-01 09:43:32,,,voucher,58.86,505,4,,2019-12-19 10:26:47,2021-02-24 18:11:59
93c8a914-8529-49fb-aa58-cf60e746bff0,+16144450270,ACT95561813,Susan,Anderson,susan.anderson41@gmail.com,1994-02-08,TX,POSTPAID_STARTER,2021-11-25 16:27:24,tablet,678002471346415,WiFi_calling,0,2020-09-11 17:06:25,2024-08-15 00:56:06,coverage_issue,credit_card,175.99,604,4,,2019-07-07 18:30:59,2020-12-24 02:23:01
3eae3084-6183-4471-9469-bea36b5ef587,+19401114506,ACT23979936,Lisa,Lopez,lisa.lopez713@gmail.com,1967-11-11,WA,PREPAID_BASIC,2022-05-28 13:09:40,smartphone,665390564362182,5G,1,2020-04-23 19:53:01,,,auto_pay,440.03,443,1,,2018-09-21 10:58:10,2021-03-22 02:21:28
8e0f217d-2104-45cf-bfca-00c7f073c640,+15947206582,ACT80868807,Jessica,Hernandez,jessica.hernandez389@gmail.com,1988-05-22,TX,PREPAID_UNLIMITED,2024-03-02 20:08:15,tablet,380657210096328,3G,1,2021-03-16 17:30:01,,,bank_transfer,167.0,,5,,2018-01-02 06:02:08,2024-04-21 07:15:30
7f0fbb15-97ea-42e2-aa8f-266507cf2880,+15399811592,ACT71053674,Joseph,Williams,joseph.williams67@gmail.com,2000-03-21,TX,FAMILY_PLAN,2024-11-14 16:06:37,hotspot,,LTE,1,2023-05-26 19:32:26,,,auto_pay,99.87,750,3,,2021-01-08 03:29:26,2024-12-11 03:14:27
551b38b0-cbcc-4a07-a732-f27b6e4635b1,+19278418963,ACT62889108,Jessica,Rodriguez,jessica.rodriguez242@gmail.com,1981-11-27,GA,POSTPAID_PRO,2022-11-24 03:56:24,smartwatch,,3G,1,2019-12-12 09:12:39,,,voucher,208.82,554,4,,2019-03-04 15:12:20,2020-01-11 15:36:36
26d403a6-5073-45d4-9d9b-c63721a4c484,+16551752635,ACT41022589,Michael,Garcia,michael.garcia812@gmail.com,2002-01-10,MI,PREPAID_BASIC,2023-05-23 15:27:40,smartphone,274992819873555,3G,1,2020-08-02 11:03:09,,,credit_card,347.9,769,4,,2018-09-17 10:39:50,2022-08-30 01:49:17
599ee96f-eeb1-4402-8b9b-d05f29290838,+17421074632,ACT53123573,Susan,Jones,susan.jones286@gmail.com,1972-10-12,CA,PREPAID_BASIC,2021-08-23 09:38:59,smartwatch,,5G_NSA,0,2020-10-05 12:31:51,2024-04-01 15:51:50,,check,357.89,,6,sprint,2018-05-03 01:57:59,2022-12-03 16:46:01
e69961cc-f815-401d-a554-87aff3f50c29,+17356932027,ACT74094776,Susan,Brown,,1974-03-22,NY,POSTPAID_PRO,2023-06-12 07:12:02,feature_phone,545628176071823,5G_NSA,1,2021-06-18 19:56:14,,,voucher,313.38,752,1,cricket,2020-07-26 19:41:42,2024-09-08 15:10:40
80e88b2f-8a12-46a1-8f86-ebf5cb5f645d,+13987671331,ACT87109876,Charles,Smith,charles.smith134@gmail.com,1972-01-13,VA,BUSINESS_50,2023-05-28 01:16:34,tablet,663500521468267,LTE,1,2023-01-06 08:02:56,,,credit_card,58.88,770,5,,2021-09-18 00:27:34,2023-02-03 20:16:15
5de46ca8-14e0-4aca-bcf4-1c1264b593bb,+18936618995,ACT37583736,Mary,Jones,mary.jones30@gmail.com,1956-02-01,NC,FAMILY_PLAN,2024-02-15 21:37:24,hotspot,,LTE,1,2019-10-13 19:04:02,,,credit_card,373.49,772,6,,2018-06-11 19:54:36,2021-12-12 10:11:26
1e50e3e4-69a0-479a-b43b-3f5d658fd536,+16376059231,ACT69722934,Lisa,Wilson,lisa.wilson14@gmail.com,1999-12-12,GA,PREPAID_UNLIMITED,2021-08-25 06:45:22,feature_phone,816907115385774,5G,1,2019-01-30 13:28:26,,,auto_pay,186.32,588,4,porting_unknown,2018-05-11 13:14:24,2022-07-11 16:50:48
236238c5-94f7-4337-99d1-122a2406a783,+16999502930,ACT12485251,Susan,Davis,susan.davis768@gmail.com,1988-04-27,GA,POSTPAID_PRO,2024-02-02 07:51:49,smartphone,631421343359119,5G,1,2022-08-21 07:10:51,,,cash,314.39,623,3,,2019-09-12 22:33:23,2024-06-14 03:15:53
096a0667-0dd1-41c1-8998-b5037a7ecb47,+14076753905,ACT89710063,Michael,Anderson,michael.anderson643@gmail.com,1993-07-21,IL,PREPAID_UNLIMITED,2023-11-04 18:51:12,hotspot,,WiFi_calling,1,2019-01-06 15:44:38,,,check,220.26,762,4,,2018-03-08 16:51:51,2022-04-09 10:20:49
64aff3c8-5a2d-4d79-b40b-bdb1599d1205,+14886420851,ACT23127718,Robert,Lopez,robert.lopez858@gmail.com,1987-02-01,TX,POSTPAID_PRO,2020-04-28 07:17:30,hotspot,,4G,1,2019-07-26 01:28:47,,,debit_card,86.28,310,5,,2018-12-07 21:36:49,2020-12-28 06:01:48
932fb897-bf01-4896-8726-a1a6de965e34,+13574729360,ACT14708474,Patricia,Miller,patricia.miller637@gmail.com,1993-10-05,MA,BUSINESS_50,2021-02-21 09:19:45,smartwatch,,4G,1,2020-07-14 17:38:24,,,debit_card,296.8,789,4,,2019-04-03 21:52:08,2022-09-26 01:48:03
932fb897-bf01-4896-8726-a1a6de965e34,+13574729360,ACT14708474,PATRICIA,Miller,patricia.miller637@gmail.com,1993-10-05,MA,BUSINESS_50,2021-02-21 09:19:45,smartwatch,,4G,1,2020-07-14 17:38:24,,,debit_card,296.8,789,4,,2019-04-03 21:52:08,2022-09-26 01:48:03
8c3a0288-f232-45fa-b20f-08336bf12657,+19643974940,ACT39199502,Richard,Taylor,richard.taylor77@gmail.com,1977-11-07,NC,BUSINESS_50,2023-06-04 14:45:00,hotspot,,4G,1,2020-10-01 11:36:53,,,cash,223.51,807,4,,2020-08-15 12:20:28,2024-11-15 08:33:36
19fdaad6-c86c-4208-b403-c98023d4fc0f,+16932585338,ACT11594546,Joseph,Anderson,joseph.anderson238@gmail.com,1961-06-09,GA,FAMILY_PLAN,2024-02-28 17:16:47,tablet,246902600986649,5G,0,2020-12-16 14:47:17,2024-12-08 07:12:51,competitor_offer,bank_transfer,302.76,624,6,,2020-01-29 06:58:39,2023-07-15 02:20:24
c27c791a-3638-41b0-b784-40ea0e73f9e1,+16903811208,ACT38445255,James,Johnson,james.johnson741@gmail.com,1956-02-05,MA,BUSINESS_UNLIMITED,2022-06-06 13:45:55,tablet,326248848302035,5G,1,2021-04-05 16:27:10,,,cash,150.65,611,4,,2020-10-24 22:38:41,2021-08-20 03:02:38
af8213f0-7b41-4636-b6bc-73965ee658fd,+16801367815,ACT10505667,Charles,Smith,charles.smith934@gmail.com,1972-12-01,VA,POSTPAID_ELITE,2021-01-21 20:35:18,hotspot,,3G,1,2019-02-01 21:46:55,,,bank_transfer,65.86,548,6,att,2019-01-20 05:44:09,2019-10-04 08:57:23
89869cfe-03a8-4fa2-8f00-9a1ac0962204,+18635583872,ACT22463187,David,Jones,david.jones133@gmail.com,1961-10-25,GA,BUSINESS_50,2021-12-06 15:46:57,hotspot,,WiFi_calling,0,2020-04-29 14:15:11,2023-09-11 15:28:59,deceased,cash,255.98,601,2,sprint,2020-01-13 11:47:06,2022-09-26 04:20:21
ac7542a3-10fc-4cae-be76-e8854453d5e0,+15998925760,ACT19701144,Patricia,Gonzalez,patricia.gonzalez895@gmail.com,1982-07-21,MI,PREPAID_BASIC,2024-11-09 21:41:48,smartwatch,,LTE,0,2020-05-21 00:04:31,2024-11-19 00:13:59,device_upgrade,bank_transfer,329.08,398,4,,2018-02-23 20:47:58,2023-11-14 14:00:08
942ec27a-bef0-4ecc-9999-7be1c8de36dd,+16947533321,ACT68698898,William,Thomas,william.thomas65@gmail.com,1959-02-08,OH,PREPAID_BASIC,2023-05-24 18:45:25,feature_phone,578518579886129,5G,1,2019-08-22 02:30:50,,,credit_card,272.16,,1,,2019-08-16 19:36:13,2020-07-21 07:17:08
e355d845-85ce-446c-b127-038e6c2c0436,+15024784615,ACT68280429,Mary,Jones,mary.jones581@gmail.com,1992-01-05,GA,PREPAID_BASIC,2024-11-22 05:46:21,smartwatch,,WiFi_calling,1,2022-08-26 19:05:51,,,debit_card,96.34,700,6,,2021-12-13 10:48:52,2022-09-17 11:32:12
7d1fad70-72fd-42b8-bad3-eb9f9a446a9b,+14554405650,ACT59346997,William,Smith,william.smith874@gmail.com,1985-03-25,AZ,BUSINESS_50,2022-06-16 01:23:22,smartwatch,,5G_NSA,1,2019-06-18 11:06:07,,,bank_transfer,129.45,,4,boost,2019-05-21 17:08:37,2024-03-12 19:40:28
9368eff7-2ba8-40a5-9427-96c8fcd316c9,+15757172376,ACT89100100,Lisa,Johnson,lisa.johnson97@gmail.com,1985-11-13,AZ,POSTPAID_PRO,2021-12-13 14:39:11,smartwatch,,WiFi_calling,1,2019-04-10 00:56:58,,,debit_card,222.09,681,4,,2019-01-04 05:22:23,2021-09-26 02:53:27
5b00d7c0-50c0-4cc1-92a6-373d74c04330,+15307266879,ACT59655257,Patricia,Jones,patricia.jones507@gmail.com,1980-04-09,FL,BUSINESS_50,2024-02-22 07:48:34,smartphone,423657581105893,3G,1,2024-02-03 05:38:40,,,check,243.83,675,6,tmobile,2018-04-24 09:16:47,2024-06-21 05:22:50
5b00d7c0-50c0-4cc1-92a6-373d74c04330,+15307266879,ACT59655257,PATRICIA,Jones,patricia.jones507@gmail.com,1980-04-09,FL,BUSINESS_50,2024-02-22 07:48:34,smartphone,423657581105893,3G,1,2024-02-03 05:38:40,,,check,243.83,675,6,tmobile,2018-04-24 09:16:47,2024-06-21 05:22:50
4dbeefeb-8114-4d12-bb99-207310b48953,+12666315679,ACT79088879,Thomas,Taylor,thomas.taylor840@gmail.com,1995-01-07,CO,FAMILY_PLAN,2022-08-07 13:07:28,tablet,740665654972189,5G,0,2020-11-13 01:17:31,2024-05-03 21:16:06,coverage_issue,cash,263.8,735,3,tmobile,2019-04-16 20:29:06,2023-03-12 10:43:30
523d535e-bb10-442a-ac6a-60ad583ab735,+18814204462,ACT40168381,James,Davis,james.davis525@gmail.com,1962-12-01,AZ,BUSINESS_UNLIMITED,2023-07-17 20:48:58,smartwatch,,5G,1,2020-06-24 19:27:25,,,cash,368.72,562,5,,2019-11-29 23:00:09,2024-03-24 22:04:16
f05a0eea-5ebb-4597-bb32-081f9191353f,+15456796425,ACT67430650,James,Martin,james.martin461@gmail.com,1986-08-25,GA,PREPAID_UNLIMITED,2022-05-23 22:36:16,tablet,901573801788431,5G_NSA,1,2021-01-13 07:01:45,,,cash,158.14,828,4,,2020-05-04 16:59:58,2024-01-30 16:18:01
94b09eed-6104-427e-8bd8-41a8c6c5bbf2,+14836730558,ACT56653414,William,Smith,william.smith583@gmail.com,1990-10-26,MA,POSTPAID_STARTER,2022-10-31 05:37:32,tablet,304960447647402,WiFi_calling,1,2019-06-29 14:40:04,,,cash,416.67,351,4,,2019-06-09 03:01:48,2022-01-06 21:36:20
873893ce-6687-4663-9c37-63bed5bc8833,+19795910804,ACT58196976,Mary,Smith,mary.smith959@gmail.com,1954-03-01,TX,POSTPAID_STARTER,2024-08-10 04:43:57,smartwatch,,4G,1,2023-03-30 06:35:00,,,bank_transfer,325.29,426,3,,2020-04-15 00:46:54,2024-10-20 17:15:45
c1e722fe-6679-4d85-994d-8b72f2a56432,+16760533393,ACT29459442,Sarah,Martinez,sarah.martinez985@gmail.com,1994-11-18,MI,POSTPAID_PRO,2020-08-06 21:48:14,hotspot,,3G,1,2019-11-24 07:48:59,,,credit_card,210.16,712,5,,2018-08-14 13:50:03,2024-01-16 19:47:32
b078027c-6ec3-4b17-8044-8819c4bb76bf,+19531325826,ACT17720983,Robert,Brown,robert.brown466@gmail.com,1990-01-16,FL,BUSINESS_UNLIMITED,2021-03-12 02:15:17,tablet,953204485281498,LTE,1,2019-09-30 20:09:13,,,bank_transfer,395.2,311,6,,2018-10-27 01:23:52,2022-06-05 15:40:19
7d3a73e1-4629-4e3e-b174-9e1a7e288254,+13450102026,ACT40720031,Joseph,Smith,joseph.smith707@gmail.com,1968-06-28,NJ,BUSINESS_50,2020-04-04 14:54:06,smartwatch,,4G,0,2019-05-16 00:02:28,2020-08-06 01:51:10,device_upgrade,check,131.08,305,2,,2019-01-10 21:21:14,2022-11-17 05:20:14
3155cb82-16ab-487f-a4f7-bf1ad01dfd92,+12178311344,ACT86689042,Karen,Johnson,karen.johnson821@gmail.com,1997-06-03,IL,BUSINESS_50,2024-03-09 17:26:25,feature_phone,365758217611143,WiFi_calling,1,2022-01-31 19:09:35,,,auto_pay,107.89,327,3,verizon,2020-12-14 02:36:03,2024-12-30 10:12:06
7ab3861e-f2ca-4f3e-844d-9aaf2208ae00,+13580655832,ACT92804305,Sarah,Lopez,,1992-11-11,CA,FAMILY_PLAN,2024-07-13 09:33:57,smartphone,984399898788116,5G_NSA,1,2020-07-14 19:08:57,,,cash,124.64,671,1,,2020-06-02 00:08:05,2022-08-06 03:56:00
7ab3861e-f2ca-4f3e-844d-9aaf2208ae00,+13580655832,ACT92804305,SARAH,Lopez,,1992-11-11,CA,FAMILY_PLAN,2024-07-13 09:33:57,smartphone,984399898788116,5G_NSA,1,2020-07-14 19:08:57,,,cash,124.64,671,1,,2020-06-02 00:08:05,2022-08-06 03:56:00
26060f8a-bedf-4c1b-95c1-d0ffb8d04069,+12932550253,ACT67193701,Thomas,Taylor,thomas.taylor222@gmail.com,1973-02-07,NY,PREPAID_UNLIMITED,2021-08-12 00:29:12,feature_phone,498052147295127,3G,1,2020-10-27 19:27:42,,,auto_pay,72.64,650,1,,2019-11-23 05:20:16,2024-07-01 05:59:49
9eac9629-9081-404b-a98b-d1b6e319e119,+15706092325,ACT43426054,Mary,Brown,mary.brown942@gmail.com,1974-02-05,VA,POSTPAID_PRO,2020-09-25 10:03:29,smartphone,866905738102028,3G,1,2019-01-03 21:18:44,,,voucher,214.38,,6,,2018-05-05 17:08:47,2019-08-19 02:19:54
07ae1748-7e30-4981-96f2-aa335fd14f7c,+18051423901,ACT16857912,Robert,Miller,,2000-06-24,WA,FAMILY_PLAN,2023-02-02 07:00:47,feature_phone,202052842815531,4G,1,2020-05-15 21:34:32,,,check,62.32,482,1,,2020-02-04 13:41:37,2023-10-01 10:26:37
79d7739c-9fee-4c3c-b4f8-8559ed4ad19b,+15465696350,ACT46795671,Karen,Gonzalez,karen.gonzalez212@gmail.com,1983-07-05,OH,PREPAID_BASIC,2024-10-09 08:48:14,feature_phone,195054455213508,LTE,1,2020-06-08 00:54:03,,,voucher,408.2,439,4,,2019-02-19 00:44:11,2023-11-24 05:55:36
62ac2672-9c7e-447f-a8c5-df7e64ba458e,+13587962480,ACT63517574,Lisa,Jones,lisa.jones884@gmail.com,1959-12-13,TX,POSTPAID_STARTER,2020-05-28 10:13:14,smartwatch,,LTE,1,2019-09-08 19:05:35,,,auto_pay,58.26,387,6,,2019-01-15 02:17:15,2022-09-05 08:03:00
62ac2672-9c7e-447f-a8c5-df7e64ba458e,+13587962480,ACT63517574,LISA,Jones,lisa.jones884@gmail.com,1959-12-13,TX,POSTPAID_STARTER,2020-05-28 10:13:14,smartwatch,,LTE,1,2019-09-08 19:05:35,,,auto_pay,58.26,387,6,,2019-01-15 02:17:15,2022-09-05 08:03:00
8d844f88-1d51-4dc4-933d-e6a7a200455c,+18028778487,ACT12180148,Karen,Johnson,,1957-12-13,AZ,POSTPAID_PRO,2024-07-29 23:31:32,feature_phone,207241855651401,WiFi_calling,1,2019-06-03 19:46:43,,,debit_card,274.07,336,1,,2019-03-17 16:21:03,2023-08-05 08:15:29
46e76a80-4480-441b-a1ef-4872ad87413c,+14558797772,ACT73206658,Michael,Williams,michael.williams482@gmail.com,1995-01-22,MI,FAMILY_PLAN,2021-07-25 01:25:57,feature_phone,385097164664532,3G,1,2019-09-28 12:54:44,,,debit_card,181.02,697,4,,2018-01-02 22:02:48,2022-06-30 22:00:31
939a20eb-a55f-44b8-86c6-edd6de160742,+19840696858,ACT27102156,David,Jones,david.jones897@gmail.com,1959-11-01,NJ,PREPAID_UNLIMITED,2021-11-17 07:17:47,tablet,263851955104359,3G,1,2020-02-14 12:27:42,,,voucher,309.2,543,5,,2018-02-20 18:33:14,2023-06-02 21:14:34
d9e4aa0c-8627-4d63-9aaa-17b86bbf9794,+13620557708,ACT24425441,Mary,Williams,mary.williams148@gmail.com,1985-11-06,TX,PREPAID_BASIC,2023-02-26 04:18:37,feature_phone,242840463961425,WiFi_calling,1,2021-06-01 15:32:41,,,credit_card,296.76,815,6,,2020-01-01 02:47:53,2024-02-29 11:04:45
5f75ef6b-6965-4354-b215-28e05a5fe7a4,+17862997196,ACT72355130,Robert,Jones,robert.jones429@gmail.com,1951-06-23,NC,BUSINESS_UNLIMITED,2020-04-10 08:28:17,smartphone,110974842387808,5G_NSA,0,2020-01-09 02:22:08,2023-09-06 10:49:12,competitor_offer,voucher,107.39,669,6,cricket,2018-08-13 03:34:32,2021-10-29 16:00:37
7f20e90b-2293-4549-a6fc-21720fe00e1f,+18950606080,ACT49125024,Patricia,Brown,patricia.brown48@gmail.com,1954-08-27,CO,POSTPAID_STARTER,2023-02-22 07:07:06,hotspot,,4G,0,2022-12-30 11:58:33,2024-07-30 04:14:22,competitor_offer,auto_pay,111.37,751,1,,2019-06-04 05:21:41,2023-11-23 04:17:54
0669e215-0421-47d7-835f-b4c9e3793888,+12389599545,ACT10806266,David,Davis,david.davis544@gmail.com,1985-12-25,NY,BUSINESS_50,2020-01-20 01:43:02,feature_phone,633504812505646,5G,1,2019-07-10 20:58:19,,,credit_card,190.74,574,6,,2018-02-19 08:49:27,2022-06-17 03:20:09
d3d61fb3-21d7-4733-a485-0b930bc41364,+14039083806,ACT63663825,Susan,Lopez,susan.lopez844@gmail.com,1951-01-19,CA,POSTPAID_PRO,2022-06-03 10:46:11,feature_phone,954321159302437,LTE,1,2020-01-23 03:36:51,,,debit_card,315.3,320,3,,2018-12-17 15:58:34,2023-03-30 21:50:40
d1697190-a12e-4e10-b17c-e694670a1de6,+17221580938,ACT47339906,John,Johnson,john.johnson330@gmail.com,1960-09-13,MI,POSTPAID_PRO,2024-01-22 20:10:07,feature_phone,436933825658468,WiFi_calling,1,2019-04-28 12:09:50,,,auto_pay,386.56,489,5,,2018-08-11 17:03:14,2022-12-01 05:21:16
68cc558f-ab88-4b0d-80c1-2354cbcc75ba,+14147362290,ACT14552980,Mary,Taylor,mary.taylor361@gmail.com,1997-03-21,TX,PREPAID_UNLIMITED,2021-03-10 01:55:58,hotspot,,3G,1,2019-06-02 08:19:32,,,voucher,337.2,,1,,2018-09-29 10:06:19,2023-06-06 01:34:50
3dc52fd2-661b-45e4-b9cc-015418e7b6e3,+19767465568,ACT18814290,Robert,Miller,robert.miller775@gmail.com,1952-01-17,OH,PREPAID_BASIC,2023-08-19 23:07:28,hotspot,,5G,1,2022-04-23 16:02:26,,,check,290.94,563,5,,2021-06-06 21:24:02,2024-11-01 11:23:17
6fc6ef77-499d-47ed-ac22-fec4182cdc7d,+16377299175,ACT49245300,William,Gonzalez,william.gonzalez829@gmail.com,1970-04-17,CO,BUSINESS_50,2024-12-17 13:01:21,tablet,996348685921068,5G_NSA,1,2021-06-11 16:05:10,,,debit_card,269.79,406,2,,2019-06-11 18:21:04,2021-10-31 04:42:50
39ad47c8-8b41-406d-8d44-92218d1fe14a,+12725369562,ACT64176026,Charles,Taylor,charles.taylor99@gmail.com,1991-10-03,TX,POSTPAID_ELITE,2022-12-27 05:33:24,smartphone,737553960163363,5G_NSA,0,2022-02-01 08:36:45,2023-05-05 17:16:58,coverage_issue,bank_transfer,447.27,651,5,att,2020-11-09 15:21:52,2022-03-20 12:19:21
2f4e13f2-c56c-4501-981f-803d8fad61f7,+17033585848,ACT51852129,Thomas,Davis,thomas.davis591@gmail.com,1971-01-07,AZ,POSTPAID_ELITE,2022-05-30 17:49:53,feature_phone,242708657442129,WiFi_calling,1,2021-10-25 05:58:24,,,bank_transfer,148.39,643,2,,2018-08-25 19:45:55,2023-03-11 14:57:44
4c70de6b-bd22-49b5-84f6-106a58c120b7,+19168835244,ACT12352700,Sarah,Brown,sarah.brown71@gmail.com,1995-05-27,NJ,BUSINESS_UNLIMITED,2021-09-23 11:27:45,smartwatch,,WiFi_calling,1,2021-02-26 03:37:49,,,credit_card,278.0,558,3,,2020-02-26 01:49:55,2021-05-01 09:20:07
cc791f10-1c32-49af-97ca-4c9db435ba4c,+18288287320,ACT76264229,Susan,Lopez,susan.lopez852@gmail.com,1986-02-18,NJ,FAMILY_PLAN,2022-10-23 13:43:32,hotspot,,5G_NSA,1,2019-05-14 23:54:15,,,auto_pay,431.65,786,5,,2019-01-12 11:35:34,2020-05-16 09:49:42
95f67eb9-a596-46b7-8cc5-02dc31897813,+16229148774,ACT64177673,Lisa,Jones,lisa.jones644@gmail.com,2000-10-09,MA,POSTPAID_PRO,2022-05-26 19:32:58,smartwatch,,4G,1,2020-01-25 01:52:05,,,debit_card,330.82,699,5,,2018-06-17 22:08:25,2022-03-28 21:54:42
a02e4a17-a650-4773-95f9-b9085a16c214,+17621666338,ACT24619983,Barbara,Williams,barbara.williams536@gmail.com,2000-06-15,GA,PREPAID_UNLIMITED,2020-04-28 03:49:59,tablet,752416689448434,3G,1,2019-01-26 17:02:29,,,voucher,43.95,685,1,,2018-03-02 22:45:46,2019-08-16 12:06:58
dd7bfeef-d323-426d-9de8-1846d577fdba,+17505503783,ACT95795096,Jessica,Martin,jessica.martin751@gmail.com,1990-03-09,VA,POSTPAID_STARTER,2022-04-04 21:53:59,tablet,530663922821154,5G_NSA,1,2021-03-24 00:10:25,,,bank_transfer,78.55,470,2,att,2018-03-19 09:23:18,2021-11-23 13:26:44
8e4cefa0-2657-4022-9898-f7270dc23ba4,+14513306666,ACT94488795,Sarah,Smith,sarah.smith583@gmail.com,1952-08-24,IL,FAMILY_PLAN,2023-04-09 23:09:39,feature_phone,835696046787726,3G,1,2019-11-18 20:08:02,,,voucher,51.41,583,2,,2018-03-01 10:37:50,2021-02-26 18:53:06
e0f4768d-44a2-46f7-a4a4-ceb22aff4307,+15682666450,ACT83448512,Robert,Anderson,robert.anderson362@gmail.com,1980-07-06,FL,POSTPAID_STARTER,2021-09-21 09:04:10,tablet,623625240097143,5G_NSA,1,2020-09-28 14:47:42,,,auto_pay,237.43,747,1,tmobile,2019-12-18 10:17:47,2022-03-09 23:27:01
14e681d8-0119-496a-a406-c2740cb6f126,+12452742635,ACT68070640,Sarah,Wilson,sarah.wilson642@gmail.com,1978-07-12,MI,FAMILY_PLAN,2022-09-30 00:46:00,smartphone,825938436962703,4G,1,2021-04-06 04:50:15,,,credit_card,115.75,473,6,sprint,2018-12-29 08:57:06,2024-01-17 05:34:41
22df07e6-55d8-4120-951e-d0cbf8239fbb,+17043563077,ACT49440380,William,Williams,william.williams303@gmail.com,1950-12-17,NJ,BUSINESS_50,2020-06-04 07:58:25,feature_phone,804746067144630,5G,1,2019-06-25 00:05:05,,,bank_transfer,358.08,,2,porting_unknown,2018-01-02 16:13:34,2024-01-25 09:59:08
10709baa-3686-4f8e-8b28-2516966c98fa,+19960244847,ACT85649742,Robert,Taylor,robert.taylor126@gmail.com,2003-05-20,IL,POSTPAID_STARTER,2020-11-15 07:44:50,smartwatch,,5G,1,2020-03-22 09:58:18,,,auto_pay,135.7,453,6,,2018-11-08 06:03:26,2022-02-15 22:17:59
caf66c0e-254c-4b40-afc2-924a910bc615,+15792878829,ACT28248379,Joseph,Moore,joseph.moore399@gmail.com,1999-12-23,VA,POSTPAID_ELITE,2023-06-25 02:38:33,tablet,705815838661156,4G,1,2020-04-09 14:49:04,,,voucher,138.76,614,4,,2018-11-05 19:50:18,2021-07-24 15:24:25
ef9e380e-2839-4461-bf65-7c14b2ab5f80,+12765867010,ACT23501429,William,Moore,william.moore474@gmail.com,1975-03-02,WA,PREPAID_UNLIMITED,2024-12-04 19:12:52,feature_phone,330773309418268,5G_NSA,1,2023-01-23 03:48:35,,,debit_card,69.53,494,3,cricket,2019-05-01 03:33:33,2024-07-16 17:34:54
138c379e-0b61-4426-ba4a-c06eb3696cf0,+14009469351,ACT93004665,Michael,Anderson,michael.anderson287@gmail.com,1965-07-25,GA,POSTPAID_PRO,2020-09-17 17:14:31,feature_phone,869109032335792,LTE,1,2020-06-29 09:59:13,,,bank_transfer,46.88,725,1,,2018-02-05 00:45:46,2023-05-26 10:58:33
e2a5beba-662b-4ddd-a083-464f13e1b5b6,+16478112958,ACT15217633,Susan,Rodriguez,susan.rodriguez313@gmail.com,,IL,POSTPAID_STARTER,2020-10-09 03:49:47,smartphone,673766320586997,3G,1,2019-10-19 02:48:20,,,cash,410.24,760,3,,2018-08-04 11:27:11,2024-10-09 03:36:55
079fea4e-e307-46b5-8ed1-30b17990557f,+19207285744,ACT56921996,Mary,Williams,mary.williams933@gmail.com,1990-06-21,CO,PREPAID_BASIC,2023-03-23 05:35:12,smartwatch,,5G,1,2020-03-21 04:53:22,,,credit_card,438.08,330,2,sprint,2019-08-06 13:59:10,2020-11-23 06:21:00
f3d62cc8-5671-4989-85b2-f5971297e8fe,+19061081384,ACT22858181,David,Wilson,,1974-06-01,AZ,PREPAID_BASIC,2021-01-17 12:57:50,hotspot,,5G,1,2020-08-05 09:11:21,,,auto_pay,424.94,661,2,verizon,2019-08-18 12:42:39,2024-08-02 08:38:33
7661db2d-d5e5-46c9-817d-316122d7aa51,+16484725037,ACT85029861,Michael,Garcia,michael.garcia409@gmail.com,1955-02-12,TX,PREPAID_BASIC,2022-05-06 16:05:49,feature_phone,480421331872496,3G,1,2019-03-09 05:20:38,,,bank_transfer,390.17,520,4,att,2018-06-08 01:48:04,2021-11-05 04:53:37
cfc0f88a-e0ff-4163-82f1-b279790dba0d,+12604457938,ACT54963809,Mary,Brown,mary.brown383@gmail.com,1950-02-27,MA,FAMILY_PLAN,2024-01-31 23:16:11,feature_phone,754301097997358,LTE,0,2022-10-21 12:35:59,2024-09-29 17:25:22,coverage_issue,check,34.45,820,1,verizon,2021-06-25 03:50:20,2024-01-05 21:48:47
9ad5e281-9478-4281-827a-e50628450f6e,+18303874295,ACT55840378,Sarah,Jackson,sarah.jackson651@gmail.com,1950-11-18,MA,PREPAID_BASIC,2022-04-04 12:48:57,feature_phone,988334428039123,5G_NSA,1,2019-05-08 03:45:22,,,auto_pay,399.49,783,4,,2018-03-29 14:11:34,2024-06-22 11:47:59
4c08e09f-7e27-4e6f-845f-24763bf26af6,+15544104051,ACT68852552,Susan,Garcia,susan.garcia783@gmail.com,1959-03-28,NC,FAMILY_PLAN,2024-10-04 17:44:31,smartwatch,,3G,1,2021-08-14 17:54:04,,,voucher,28.37,821,6,boost,2021-03-08 02:37:27,2024-11-03 12:01:55
1aefd37f-aca9-4b9e-8c67-98424b965efa,+19947498372,ACT92623522,Thomas,Anderson,thomas.anderson471@gmail.com,2003-11-15,AZ,POSTPAID_ELITE,2020-11-11 06:59:34,smartphone,982350033369711,LTE,1,2019-05-17 08:32:37,,,check,289.88,704,4,,2018-05-07 01:24:05,2022-10-27 20:19:17
88aaeb8a-a0b5-4cd2-aadc-92ebe5ec09ce,+15881752883,ACT13361243,Sarah,Johnson,sarah.johnson131@gmail.com,1980-04-26,FL,PREPAID_UNLIMITED,2024-11-13 07:34:10,smartwatch,,3G,1,2023-12-09 14:05:01,,,credit_card,361.96,445,6,,2021-04-10 20:07:06,2024-01-16 09:43:38
54833a14-49b1-4844-a4bd-8a56b2f8c46d,+18534698263,ACT48371047,Michael,Smith,michael.smith995@gmail.com,1996-03-20,OH,POSTPAID_ELITE,2023-10-24 12:10:45,smartphone,548564642685519,5G,0,2021-11-06 15:20:15,2024-05-09 21:47:40,,debit_card,395.99,484,6,sprint,2019-09-19 17:11:26,2023-10-20 22:43:07
89336f7d-8008-459f-8a98-d4205a9f38d3,+19994018389,ACT98872902,Patricia,Brown,patricia.brown227@gmail.com,1979-12-22,CA,POSTPAID_STARTER,2020-02-07 18:06:31,feature_phone,222401436589916,5G,1,2019-04-04 17:38:52,,,cash,417.62,729,6,verizon,2018-06-26 12:01:22,2020-09-11 17:36:43
b6f0720e-106b-4174-b790-cc6dbfb2ae47,+13092426515,ACT53649955,Susan,Lopez,susan.lopez2@gmail.com,1951-07-04,GA,BUSINESS_UNLIMITED,2021-01-01 08:01:19,smartphone,594377716625015,4G,1,2020-08-31 14:58:21,,,cash,303.93,,1,,2018-03-13 04:55:27,2023-10-24 18:24:48
a1597cad-a271-4abf-8e0e-29e7fad6ea59,+17872426447,ACT37997957,Karen,Smith,,1970-01-01,MA,POSTPAID_PRO,2021-09-16 08:16:21,smartphone,290868593916687,4G,1,2019-05-06 18:41:07,,,credit_card,197.86,324,4,,2018-01-10 19:09:03,2020-04-07 06:02:44
5c4c82ae-b94e-413f-8f03-40ef47ad4dd0,+16288422267,ACT97678983,Thomas,Jackson,thomas.jackson2@gmail.com,1971-03-10,AZ,BUSINESS_UNLIMITED,2021-12-24 18:43:14,hotspot,,5G_NSA,1,2019-06-02 20:30:44,,,auto_pay,40.39,768,4,att,2018-05-13 02:19:38,2024-03-02 17:42:20
331ef7a7-d7de-4b68-bd14-ee48f5692018,+17863786244,ACT23863203,Thomas,Jackson,thomas.jackson480@gmail.com,1950-05-09,NY,BUSINESS_50,2023-02-02 18:38:35,smartphone,371515745089563,5G_NSA,1,2020-04-28 06:22:48,,,credit_card,37.54,441,1,boost,2018-05-07 23:45:18,2024-12-22 07:31:52
5e522efc-e649-4550-a73a-9f8c37baad89,+18504369159,ACT42700270,Joseph,Garcia,joseph.garcia241@gmail.com,1999-07-14,FL,PREPAID_BASIC,2022-12-14 17:47:43,tablet,945112639483431,3G,1,2021-09-06 07:17:13,,,credit_card,400.2,,5,,2020-06-21 23:44:04,2024-05-30 00:47:11
2f60e597-fcd0-4462-b474-4706fb30d35d,+18780897578,ACT51318513,John,Rodriguez,john.rodriguez447@gmail.com,1955-09-14,CA,FAMILY_PLAN,2021-08-22 14:26:05,hotspot,,3G,1,2020-08-29 22:21:03,,,credit_card,383.51,691,3,,2019-02-19 07:36:42,2022-07-04 19:15:01
d82e8184-7709-4786-9a9e-a6729629d4af,+13620213421,ACT40229336,William,Martin,william.martin523@gmail.com,1995-04-09,OH,FAMILY_PLAN,2021-09-27 18:40:21,smartwatch,,5G_NSA,1,2020-12-09 20:06:22,,,cash,162.8,461,4,sprint,2020-09-18 07:38:57,2022-01-26 02:12:17
90689bf3-5491-4703-9d57-e77c19e9d75c,+19388705840,ACT75174135,Joseph,Martinez,joseph.martinez441@gmail.com,1987-12-18,FL,POSTPAID_STARTER,2021-08-07 01:06:40,feature_phone,563534808852651,LTE,0,2019-09-28 04:53:20,2022-06-24 05:36:19,coverage_issue,check,132.23,452,2,,2018-06-29 07:06:38,2021-08-13 21:19:31
d2f82f4a-c0e7-4d45-be95-cf4908e1b0c9,+19117164693,ACT91445205,Linda,Miller,linda.miller642@gmail.com,1955-05-10,MI,BUSINESS_50,2020-05-01 15:53:10,smartphone,108443029584304,5G_NSA,1,2019-03-28 00:08:42,,,debit_card,,358,2,,2018-08-23 21:55:44,2021-05-30 13:42:47
2ba3f1e5-1bd0-45ed-bb20-8c52d2f645cf,+19752236559,ACT49126421,Linda,Jackson,linda.jackson164@gmail.com,1955-02-24,CA,POSTPAID_PRO,2022-11-01 13:19:54,smartphone,992468233732914,5G_NSA,1,2022-08-17 17:33:48,,,cash,363.39,,5,,2018-07-11 05:37:46,2022-12-18 23:24:20
5483730c-0b21-4706-a883-acc3f57bf1f0,+17332918719,ACT30044645,Charles,Miller,charles.miller609@gmail.com,1981-09-25,IL,FAMILY_PLAN,2024-02-13 16:40:19,tablet,742878676125553,LTE,1,2021-02-05 10:59:45,,,debit_card,399.65,751,4,,2019-12-26 17:47:28,2023-01-03 15:09:47
fe355a7f-8d63-43c3-b9f8-3886248ae87d,+19685816711,ACT28106434,John,Wilson,john.wilson214@gmail.com,1983-05-10,NJ,POSTPAID_PRO,2022-07-10 20:17:51,hotspot,,5G,1,2020-07-01 06:56:14,,,debit_card,83.91,462,2,porting_unknown,2018-04-03 15:00:03,2023-04-13 09:35:47
cb6a6c96-7329-42af-a8c0-cf1221f12e3f,+14024705503,ACT67104468,Richard,Davis,richard.davis447@gmail.com,1958-02-20,IL,POSTPAID_ELITE,2024-09-25 10:51:13,tablet,615328393551568,3G,0,2023-08-13 23:30:54,2024-10-29 03:16:11,price_sensitivity,cash,229.95,542,1,sprint,2019-04-07 18:19:30,2024-05-10 05:05:46
2c73ce3d-b81f-447f-b110-c89425390acf,+18571757681,ACT94221226,Jessica,Martinez,jessica.martinez853@gmail.com,1962-05-23,AZ,PREPAID_UNLIMITED,2022-05-28 11:53:27,feature_phone,351342351651714,5G,1,2020-05-18 16:14:45,,,bank_transfer,362.39,695,5,,2018-06-19 00:05:30,2021-03-09 09:16:03
7de1b8eb-7049-4cfa-ae37-50ee7516ebd5,+19751137331,ACT48010271,Charles,Martin,charles.martin993@gmail.com,1974-12-28,TX,POSTPAID_PRO,2023-04-13 13:16:24,smartwatch,,5G_NSA,1,2020-01-07 01:09:52,,,auto_pay,151.4,655,4,,2018-05-09 18:01:18,2023-01-31 11:18:12
f2a67b29-9945-4050-8464-68f42b9b4ccb,+12415364337,ACT85183668,Jessica,Gonzalez,jessica.gonzalez225@gmail.com,1998-11-20,CO,BUSINESS_50,2020-01-19 03:12:55,feature_phone,744655492580601,WiFi_calling,1,2019-10-04 10:50:34,,,debit_card,262.13,305,1,,2018-07-25 07:16:10,2023-01-18 22:54:38
bcb50262-802a-4316-b88e-858984574696,+13372265414,ACT82620867,Linda,Wilson,linda.wilson641@gmail.com,1994-08-07,TX,BUSINESS_50,2021-09-12 12:18:32,hotspot,,5G_NSA,1,2019-07-14 00:13:04,,,credit_card,378.95,324,5,boost,2019-07-12 08:57:00,2023-07-06 07:51:23
0bcfd7ff-b759-4dd8-abe1-b24153fc211a,+17901560879,ACT11901654,John,Williams,john.williams339@gmail.com,1971-07-20,CA,BUSINESS_UNLIMITED,2020-10-29 22:53:48,hotspot,,3G,0,2020-09-26 22:11:35,2024-12-23 02:26:00,unknown,voucher,399.54,642,3,sprint,2020-07-13 07:41:01,2020-12-31 08:13:11
92c82402-c05f-443c-99ca-86cb9a584cd6,+15908629022,ACT99084065,James,Anderson,james.anderson173@gmail.com,1976-02-28,NJ,FAMILY_PLAN,2023-02-17 15:39:02,hotspot,,LTE,1,2022-01-31 16:14:29,,,voucher,144.2,464,1,,2019-10-27 02:55:13,2024-07-12 22:11:33
2428b022-9112-489b-9f2c-14f072350a33,+12832063744,ACT15453317,Robert,Jones,robert.jones736@gmail.com,1952-12-23,NC,PREPAID_UNLIMITED,2021-04-22 08:09:30,smartwatch,,LTE,0,2021-03-08 04:37:43,2023-06-29 06:44:07,price_sensitivity,auto_pay,364.21,540,4,,2018-12-03 23:21:57,2022-11-23 04:50:22
2faa9b87-6f2f-45eb-8a2a-ac2e59677ec1,+15949376978,ACT64003074,Linda,Lopez,linda.lopez207@gmail.com,1973-02-11,NC,PREPAID_BASIC,2024-01-19 00:05:45,hotspot,,5G_NSA,1,2022-11-01 18:18:42,,,voucher,195.16,612,4,porting_unknown,2019-10-22 07:34:45,2023-09-29 18:22:11
88abdda1-2a43-43b0-bd3e-a3daf0ad41c9,+18713949544,ACT32993555,Charles,Moore,charles.moore831@gmail.com,1991-05-10,WA,POSTPAID_STARTER,2021-11-11 14:06:52,tablet,161336746384652,LTE,1,2021-08-30 06:04:59,,,check,31.87,500,3,,2021-07-24 18:48:43,2021-11-14 21:21:34
a06c0d27-6b08-4e6d-ab7f-d8a78587a0ce,+15737653780,ACT84342304,Thomas,Wilson,thomas.wilson215@gmail.com,1998-04-26,MI,FAMILY_PLAN,2023-06-03 15:07:58,tablet,698197921981823,WiFi_calling,1,2022-01-17 22:37:50,,,voucher,295.19,565,1,boost,2018-08-17 01:32:14,2022-09-30 00:16:58
ce39e10d-46fb-40f3-b9aa-88099a6e1d6c,+15363469219,ACT66979407,Jessica,Jones,jessica.jones946@gmail.com,,TX,FAMILY_PLAN,2020-08-30 16:00:59,hotspot,,WiFi_calling,1,2019-01-02 12:40:09,,,cash,30.89,706,3,,2018-04-21 13:19:06,2019-09-21 00:29:39
3a6b9d7c-d84f-4163-bb43-316b21e513d5,+18444199338,ACT75331105,Susan,Miller,susan.miller266@gmail.com,1962-12-06,CA,FAMILY_PLAN,2020-12-01 00:58:24,hotspot,,4G,1,2019-03-30 10:09:07,,,check,66.05,446,1,att,2019-01-21 15:25:52,2022-10-02 09:40:00
ffb47faa-2b1d-4202-823b-fa9e2556cbcf,+18654563294,ACT90030997,John,Jones,john.jones677@gmail.com,1969-06-02,NY,BUSINESS_UNLIMITED,2021-07-01 23:55:50,smartwatch,,LTE,1,2019-04-05 17:17:00,,,cash,276.8,374,6,,2018-07-19 17:48:55,2021-08-13 09:52:08
fdeabda7-704e-4cfd-bb3a-8c061c6021c5,+13160919984,ACT81268996,Susan,Moore,susan.moore867@gmail.com,1968-03-22,MA,BUSINESS_50,2020-01-04 14:14:14,smartphone,624520790348630,WiFi_calling,1,2019-12-07 07:04:25,,,cash,249.22,770,5,verizon,2018-03-02 17:08:34,2020-06-14 01:16:07
a98cf2b2-c701-4e95-aed6-f3cb56810487,+18991425649,ACT81499262,James,Garcia,james.garcia466@gmail.com,1960-09-16,FL,POSTPAID_STARTER,2021-11-24 16:42:34,smartphone,394635162110929,3G,0,2021-04-13 13:12:35,2024-11-18 20:26:21,price_sensitivity,auto_pay,61.36,326,4,,2020-11-16 08:21:01,2023-10-13 04:54:40
